{"type":"FeatureCollection","features":[{"type":"Feature","properties":{"per":0,"viv":0,"hog":0,"dens":0,"est":null,"sup":0,"com":"ZONA 01","mun":"Envigado"},"geometry":{"type":"Polygon","coordinates":[[[-75.584257,6.186984],[-75.584161,6.187061],[-75.583981,6.187135],[-75.583716,6.187356],[-75.583534,6.187546],[-75.583434,6.187666],[-75.583286,6.187876],[-75.583192,6.187957],[-75.583143,6.187966],[-75.583117,6.187951],[-75.5831,6.187973],[-75.583082,6.187921],[-75.583092,6.187871],[-75.583027,6.187829],[-75.583023,6.188064],[-75.583074,6.188094],[-75.583088,6.188237],[-75.583017,6.188352],[-75.582963,6.188275],[-75.582963,6.188229],[-75.582921,6.187997],[-75.582919,6.18776],[-75.582948,6.187627],[-75.583049,6.187448],[-75.583505,6.186765],[-75.583568,6.18665],[-75.583617,6.186491],[-75.583619,6.186451],[-75.583686,6.186477],[-75.58369,6.186504],[-75.583911,6.186603],[-75.584257,6.186984]]]}},{"type":"Feature","properties":{"per":0,"viv":0,"hog":0,"dens":0,"est":null,"sup":0,"com":"ZONA 01","mun":"Envigado"},"geometry":{"type":"Polygon","coordinates":[[[-75.582907,6.185908],[-75.58297,6.185891],[-75.583092,6.185897],[-75.583136,6.185915],[-75.583186,6.185949],[-75.583232,6.185994],[-75.58328,6.186064],[-75.583441,6.186341],[-75.583486,6.186388],[-75.583557,6.186426],[-75.583558,6.186442],[-75.583539,6.186542],[-75.583477,6.186699],[-75.582998,6.187407],[-75.582912,6.187561],[-75.582855,6.187696],[-75.58284,6.187838],[-75.582846,6.187948],[-75.582889,6.188135],[-75.582914,6.188186],[-75.582887,6.188195],[-75.582593,6.188113],[-75.581679,6.187835],[-75.581591,6.187795],[-75.581846,6.187285],[-75.582043,6.186927],[-75.582366,6.186401],[-75.58257,6.18615],[-75.582737,6.186037],[-75.58286,6.185934],[-75.582907,6.185908]]]}},{"type":"Feature","properties":{"per":66,"viv":43,"hog":30,"dens":78,"est":5.0,"sup":40,"com":"ZONA 02","mun":"Envigado"},"geometry":{"type":"Polygon","coordinates":[[[-75.581524,6.186131],[-75.581633,6.185961],[-75.582112,6.186298],[-75.582019,6.18644],[-75.581814,6.186788],[-75.581633,6.187146],[-75.581555,6.187329],[-75.581052,6.187022],[-75.581133,6.186839],[-75.581317,6.186486],[-75.581524,6.186131]]]}},{"type":"Feature","properties":{"per":322,"viv":143,"hog":136,"dens":333,"est":5.1,"sup":192,"com":"ZONA 02","mun":"Envigado"},"geometry":{"type":"Polygon","coordinates":[[[-75.580911,6.185863],[-75.58118,6.185374],[-75.58131,6.18543],[-75.58144,6.185513],[-75.581664,6.185675],[-75.581671,6.185688],[-75.581665,6.185705],[-75.581459,6.185979],[-75.581259,6.186301],[-75.580988,6.186811],[-75.580925,6.186961],[-75.580726,6.18683],[-75.580635,6.18675],[-75.580577,6.186678],[-75.580512,6.186542],[-75.580911,6.185863]]]}},{"type":"Feature","properties":{"per":52,"viv":12,"hog":12,"dens":702,"est":3.0,"sup":7,"com":"COMUNA 04","mun":"Medellín"},"geometry":{"type":"Polygon","coordinates":[[[-75.589897,6.193839],[-75.58991,6.193829],[-75.590181,6.193855],[-75.59018,6.193873],[-75.59017,6.193878],[-75.590173,6.193891],[-75.59011,6.193956],[-75.590076,6.194032],[-75.59003,6.194081],[-75.589951,6.194141],[-75.589871,6.194175],[-75.589877,6.194103],[-75.589901,6.194],[-75.589897,6.193839]]]}},{"type":"Feature","properties":{"per":106,"viv":36,"hog":33,"dens":392,"est":3.0,"sup":13,"com":"COMUNA 04","mun":"Medellín"},"geometry":{"type":"Polygon","coordinates":[[[-75.589383,6.193755],[-75.589406,6.193744],[-75.58982,6.193809],[-75.589769,6.19416],[-75.589709,6.19419],[-75.589639,6.1942],[-75.589636,6.194216],[-75.589493,6.19427],[-75.589395,6.194334],[-75.589395,6.194365],[-75.58931,6.194424],[-75.589293,6.194383],[-75.589383,6.193755]]]}},{"type":"Feature","properties":{"per":302,"viv":90,"hog":94,"dens":771,"est":3.0,"sup":57,"com":"COMUNA 04","mun":"Medellín"},"geometry":{"type":"Polygon","coordinates":[[[-75.58884,6.1937],[-75.588856,6.193686],[-75.58928,6.193729],[-75.589291,6.193743],[-75.589199,6.194379],[-75.589073,6.194428],[-75.588758,6.194399],[-75.588745,6.19438],[-75.58884,6.1937]]]}},{"type":"Feature","properties":{"per":243,"viv":77,"hog":79,"dens":589,"est":3.0,"sup":44,"com":"COMUNA 04","mun":"Medellín"},"geometry":{"type":"Polygon","coordinates":[[[-75.588303,6.193621],[-75.588328,6.193606],[-75.58874,6.193655],[-75.588752,6.193672],[-75.588664,6.194382],[-75.588642,6.194395],[-75.588223,6.19434],[-75.58821,6.194326],[-75.588303,6.193621]]]}},{"type":"Feature","properties":{"per":191,"viv":65,"hog":58,"dens":774,"est":3.0,"sup":47,"com":"COMUNA 04","mun":"Medellín"},"geometry":{"type":"Polygon","coordinates":[[[-75.587848,6.194276],[-75.587938,6.193573],[-75.588212,6.193603],[-75.588129,6.194312],[-75.588116,6.19432],[-75.587864,6.19429],[-75.587848,6.194276]]]}},{"type":"Feature","properties":{"per":55,"viv":23,"hog":17,"dens":228,"est":3.0,"sup":5,"com":"COMUNA 04","mun":"Medellín"},"geometry":{"type":"Polygon","coordinates":[[[-75.588046,6.192717],[-75.58806,6.192704],[-75.588297,6.192739],[-75.588307,6.192754],[-75.588225,6.193462],[-75.588208,6.193473],[-75.58797,6.193443],[-75.587959,6.193426],[-75.588046,6.192717]]]}},{"type":"Feature","properties":{"per":30,"viv":8,"hog":8,"dens":76,"est":3.0,"sup":3,"com":"COMUNA 04","mun":"Medellín"},"geometry":{"type":"Polygon","coordinates":[[[-75.588406,6.192781],[-75.588424,6.192766],[-75.588837,6.192822],[-75.588845,6.192835],[-75.588759,6.193531],[-75.588746,6.193541],[-75.588331,6.193486],[-75.588318,6.193471],[-75.588406,6.192781]]]}},{"type":"Feature","properties":{"per":395,"viv":122,"hog":137,"dens":993,"est":3.0,"sup":71,"com":"COMUNA 04","mun":"Medellín"},"geometry":{"type":"Polygon","coordinates":[[[-75.588952,6.192846],[-75.588971,6.192826],[-75.589376,6.192888],[-75.589389,6.1929],[-75.589296,6.193601],[-75.589277,6.193611],[-75.588865,6.193561],[-75.588854,6.193541],[-75.588952,6.192846]]]}},{"type":"Feature","properties":{"per":313,"viv":113,"hog":109,"dens":746,"est":3.0,"sup":57,"com":"COMUNA 04","mun":"Medellín"},"geometry":{"type":"Polygon","coordinates":[[[-75.589468,6.192914],[-75.589479,6.192905],[-75.589923,6.192969],[-75.589932,6.192978],[-75.589837,6.193684],[-75.589742,6.19368],[-75.589386,6.193637],[-75.589375,6.193623],[-75.589468,6.192914]]]}},{"type":"Feature","properties":{"per":282,"viv":82,"hog":86,"dens":646,"est":3.0,"sup":60,"com":"COMUNA 04","mun":"Medellín"},"geometry":{"type":"Polygon","coordinates":[[[-75.589999,6.192976],[-75.590013,6.192971],[-75.590452,6.193012],[-75.590465,6.193034],[-75.590395,6.193754],[-75.590371,6.193769],[-75.58993,6.19372],[-75.58992,6.193712],[-75.589999,6.192976]]]}},{"type":"Feature","properties":{"per":0,"viv":0,"hog":0,"dens":0,"est":null,"sup":0,"com":"COMUNA 04","mun":"Medellín"},"geometry":{"type":"Polygon","coordinates":[[[-75.588726,6.194508],[-75.588746,6.194491],[-75.589041,6.194514],[-75.588695,6.194693],[-75.588726,6.194508]]]}},{"type":"Feature","properties":{"per":444,"viv":139,"hog":138,"dens":273,"est":3.0,"sup":96,"com":"COMUNA 04","mun":"Medellín"},"geometry":{"type":"Polygon","coordinates":[[[-75.587399,6.196675],[-75.587427,6.196606],[-75.587413,6.196601],[-75.587448,6.196515],[-75.587465,6.19652],[-75.587461,6.196494],[-75.587473,6.196484],[-75.587502,6.196421],[-75.587497,6.196404],[-75.587513,6.196397],[-75.587518,6.196386],[-75.587508,6.196383],[-75.587565,6.196238],[-75.587596,6.196133],[-75.587602,6.196135],[-75.587601,6.196115],[-75.587611,6.196103],[-75.587627,6.1961],[-75.587648,6.196045],[-75.587637,6.196041],[-75.587666,6.195952],[-75.587776,6.195662],[-75.587717,6.195647],[-75.587489,6.195626],[-75.587478,6.195653],[-75.587417,6.195636],[-75.587395,6.195682],[-75.587346,6.195882],[-75.587438,6.195905],[-75.587141,6.1967],[-75.586696,6.196562],[-75.586981,6.195812],[-75.587013,6.195819],[-75.587201,6.195647],[-75.587227,6.195652],[-75.587728,6.195181],[-75.587827,6.1944],[-75.58784,6.194391],[-75.588089,6.194415],[-75.588104,6.194432],[-75.588013,6.195065],[-75.588117,6.195002],[-75.58819,6.19444],[-75.588202,6.194427],[-75.588615,6.194479],[-75.588629,6.194493],[-75.588623,6.194554],[-75.588476,6.194542],[-75.588474,6.19455],[-75.588623,6.194567],[-75.588603,6.194762],[-75.588376,6.194835],[-75.588253,6.194909],[-75.588214,6.194985],[-75.587927,6.195716],[-75.587947,6.195724],[-75.587931,6.195765],[-75.587951,6.195767],[-75.587859,6.195995],[-75.587686,6.196392],[-75.587657,6.196455],[-75.58765,6.196453],[-75.587639,6.196489],[-75.587634,6.196487],[-75.587579,6.196624],[-75.587564,6.196641],[-75.587545,6.196636],[-75.587529,6.19667],[-75.587435,6.196727],[-75.587413,6.196722],[-75.587402,6.196707],[-75.587399,6.196675]]]}},{"type":"Feature","properties":{"per":176,"viv":58,"hog":62,"dens":521,"est":3.0,"sup":40,"com":"COMUNA 04","mun":"Medellín"},"geometry":{"type":"Polygon","coordinates":[[[-75.589565,6.19221],[-75.589579,6.192193],[-75.590004,6.192242],[-75.590025,6.19226],[-75.58995,6.192827],[-75.589932,6.19284],[-75.589509,6.192791],[-75.589498,6.192773],[-75.589565,6.19221]]]}},{"type":"Feature","properties":{"per":106,"viv":32,"hog":32,"dens":319,"est":3.0,"sup":17,"com":"COMUNA 04","mun":"Medellín"},"geometry":{"type":"Polygon","coordinates":[[[-75.589034,6.192122],[-75.589046,6.192118],[-75.589475,6.192183],[-75.589486,6.192198],[-75.589417,6.192755],[-75.589398,6.192768],[-75.588978,6.19271],[-75.588964,6.192697],[-75.589034,6.192122]]]}},{"type":"Feature","properties":{"per":307,"viv":88,"hog":95,"dens":933,"est":3.0,"sup":57,"com":"COMUNA 04","mun":"Medellín"},"geometry":{"type":"Polygon","coordinates":[[[-75.588504,6.192059],[-75.588519,6.192047],[-75.588932,6.192097],[-75.588943,6.192111],[-75.588875,6.192687],[-75.588861,6.192699],[-75.588448,6.19265],[-75.588435,6.192635],[-75.588504,6.192059]]]}},{"type":"Feature","properties":{"per":272,"viv":77,"hog":84,"dens":1285,"est":3.0,"sup":52,"com":"COMUNA 04","mun":"Medellín"},"geometry":{"type":"Polygon","coordinates":[[[-75.588138,6.192012],[-75.588161,6.191997],[-75.588394,6.192027],[-75.588416,6.192055],[-75.588344,6.192624],[-75.588327,6.192637],[-75.58807,6.192604],[-75.588062,6.192586],[-75.588138,6.192012]]]}},{"type":"Feature","properties":{"per":0,"viv":0,"hog":0,"dens":0,"est":null,"sup":0,"com":"COMUNA 04","mun":"Medellín"},"geometry":{"type":"Polygon","coordinates":[[[-75.588775,6.191707],[-75.588544,6.19167],[-75.588599,6.191301],[-75.588498,6.191284],[-75.588535,6.190916],[-75.588565,6.190692],[-75.589111,6.190787],[-75.588947,6.191914],[-75.588751,6.191884],[-75.588775,6.191707]]]}},{"type":"Feature","properties":{"per":0,"viv":0,"hog":0,"dens":0,"est":null,"sup":0,"com":"COMUNA 04","mun":"Medellín"},"geometry":{"type":"Polygon","coordinates":[[[-75.58908,6.191926],[-75.589131,6.19155],[-75.590043,6.191671],[-75.589989,6.192047],[-75.58908,6.191926]]]}},{"type":"Feature","properties":{"per":339,"viv":104,"hog":105,"dens":456,"est":2.9,"sup":60,"com":"COMUNA 04","mun":"Medellín"},"geometry":{"type":"Polygon","coordinates":[[[-75.587416,6.193892],[-75.587456,6.193572],[-75.587465,6.193573],[-75.587481,6.193413],[-75.587474,6.19341],[-75.587489,6.193165],[-75.587472,6.193166],[-75.587466,6.193119],[-75.587403,6.193118],[-75.587401,6.19308],[-75.587327,6.193079],[-75.587291,6.193037],[-75.587286,6.192619],[-75.587397,6.192633],[-75.587387,6.193044],[-75.587397,6.193051],[-75.587404,6.193045],[-75.587452,6.19305],[-75.587462,6.192659],[-75.587475,6.19265],[-75.587566,6.192653],[-75.587978,6.192715],[-75.587832,6.193932],[-75.587817,6.193943],[-75.587416,6.193892]]]}},{"type":"Feature","properties":{"per":0,"viv":0,"hog":0,"dens":0,"est":null,"sup":0,"com":"COMUNA 04","mun":"Medellín"},"geometry":{"type":"Polygon","coordinates":[[[-75.583758,6.189605],[-75.58385,6.189408],[-75.5839,6.189375],[-75.584091,6.188998],[-75.584211,6.188807],[-75.584284,6.188732],[-75.584371,6.188621],[-75.584376,6.188537],[-75.584454,6.188444],[-75.5852,6.188865],[-75.58481,6.189603],[-75.583758,6.189605]]]}},{"type":"Feature","properties":{"per":0,"viv":0,"hog":0,"dens":0,"est":null,"sup":0,"com":"COMUNA 04","mun":"Medellín"},"geometry":{"type":"Polygon","coordinates":[[[-75.5854,6.188924],[-75.585738,6.189137],[-75.585911,6.189198],[-75.586002,6.189198],[-75.586125,6.189061],[-75.58646,6.188542],[-75.586829,6.188037],[-75.587051,6.188226],[-75.58787,6.188771],[-75.588071,6.188951],[-75.588171,6.18902],[-75.588214,6.189062],[-75.588286,6.18916],[-75.588426,6.189242],[-75.58848,6.189538],[-75.588503,6.190205],[-75.588486,6.190246],[-75.588335,6.19036],[-75.588324,6.190393],[-75.588391,6.190652],[-75.588342,6.190965],[-75.587443,6.19176],[-75.585569,6.191506],[-75.5854,6.191486],[-75.585393,6.191527],[-75.584537,6.191402],[-75.583418,6.191262],[-75.583494,6.190657],[-75.583483,6.190656],[-75.58353,6.190423],[-75.583545,6.190309],[-75.583607,6.190031],[-75.583741,6.18972],[-75.584162,6.189717],[-75.584775,6.189726],[-75.584974,6.18972],[-75.5854,6.188924]]]}},{"type":"Feature","properties":{"per":0,"viv":0,"hog":0,"dens":0,"est":null,"sup":0,"com":"COMUNA 04","mun":"Medellín"},"geometry":{"type":"Polygon","coordinates":[[[-75.586069,6.193948],[-75.585974,6.193939],[-75.585953,6.194016],[-75.585917,6.194042],[-75.584887,6.193892],[-75.584568,6.193857],[-75.584247,6.193801],[-75.582885,6.193626],[-75.583382,6.191352],[-75.586253,6.191752],[-75.587624,6.191931],[-75.587595,6.192075],[-75.587575,6.19226],[-75.587277,6.192254],[-75.587291,6.193037],[-75.587327,6.193079],[-75.587401,6.19308],[-75.587403,6.193118],[-75.587466,6.193119],[-75.587472,6.193166],[-75.587489,6.193165],[-75.587474,6.19341],[-75.587481,6.193413],[-75.587465,6.193573],[-75.587456,6.193572],[-75.587416,6.193892],[-75.587305,6.193878],[-75.587274,6.194198],[-75.586093,6.194061],[-75.586081,6.194056],[-75.586072,6.194038],[-75.586064,6.194005],[-75.586069,6.193948]]]}},{"type":"Feature","properties":{"per":0,"viv":0,"hog":0,"dens":0,"est":null,"sup":0,"com":"COMUNA 04","mun":"Medellín"},"geometry":{"type":"Polygon","coordinates":[[[-75.587095,6.195619],[-75.586953,6.195704],[-75.586833,6.195811],[-75.586748,6.195916],[-75.586671,6.196094],[-75.586521,6.196528],[-75.586499,6.196544],[-75.585479,6.196255],[-75.583406,6.195638],[-75.583246,6.195519],[-75.58315,6.195432],[-75.583139,6.195401],[-75.583077,6.195313],[-75.582991,6.195162],[-75.582692,6.194541],[-75.582592,6.194357],[-75.582756,6.193779],[-75.582853,6.193745],[-75.582934,6.193737],[-75.585815,6.194145],[-75.586743,6.194285],[-75.586747,6.194263],[-75.587737,6.194387],[-75.587751,6.194427],[-75.587671,6.195093],[-75.587095,6.195619]]]}},{"type":"Feature","properties":{"per":328,"viv":94,"hog":104,"dens":880,"est":2.6,"sup":35,"com":"COMUNA 04","mun":"Medellín"},"geometry":{"type":"Polygon","coordinates":[[[-75.587285,6.192482],[-75.587277,6.192254],[-75.587575,6.19226],[-75.587595,6.192075],[-75.587624,6.191931],[-75.587771,6.19195],[-75.587718,6.192154],[-75.587709,6.19215],[-75.587647,6.192318],[-75.587307,6.192311],[-75.587308,6.192347],[-75.587471,6.192351],[-75.587472,6.192345],[-75.587683,6.192356],[-75.587707,6.19224],[-75.587797,6.191953],[-75.587896,6.191966],[-75.587857,6.192287],[-75.587908,6.192306],[-75.587947,6.19198],[-75.58796,6.191975],[-75.588074,6.191987],[-75.587996,6.192576],[-75.587983,6.192589],[-75.587285,6.192482]]]}},{"type":"Feature","properties":{"per":191,"viv":50,"hog":48,"dens":1097,"est":3.0,"sup":33,"com":"COMUNA 04","mun":"Medellín"},"geometry":{"type":"Polygon","coordinates":[[[-75.587274,6.194198],[-75.587303,6.193927],[-75.587383,6.193939],[-75.587384,6.193933],[-75.587793,6.193991],[-75.587808,6.194009],[-75.587778,6.194256],[-75.587758,6.194272],[-75.587274,6.194198]]]}},{"type":"Feature","properties":{"per":119,"viv":68,"hog":59,"dens":64,"est":4.8,"sup":73,"com":"El Poblado","mun":"Medellín"},"geometry":{"type":"Polygon","coordinates":[[[-75.564229,6.196991],[-75.56507,6.195431],[-75.565486,6.195674],[-75.565753,6.195868],[-75.565972,6.195994],[-75.565493,6.196982],[-75.565123,6.196896],[-75.564974,6.196871],[-75.564791,6.196732],[-75.564728,6.19665],[-75.564662,6.196523],[-75.564629,6.196508],[-75.56461,6.196564],[-75.564634,6.196573],[-75.564707,6.196716],[-75.564843,6.196817],[-75.564921,6.196894],[-75.564757,6.196946],[-75.564398,6.197101],[-75.564323,6.197103],[-75.564259,6.197091],[-75.564241,6.197074],[-75.564228,6.197039],[-75.564229,6.196991]]]}},{"type":"Feature","properties":{"per":184,"viv":64,"hog":59,"dens":46,"est":4.3,"sup":102,"com":"El Poblado","mun":"Medellín"},"geometry":{"type":"Polygon","coordinates":[[[-75.564088,6.197179],[-75.564114,6.197148],[-75.564153,6.197135],[-75.564192,6.197142],[-75.564239,6.197171],[-75.564282,6.197178],[-75.564394,6.197171],[-75.564475,6.197135],[-75.56457,6.197074],[-75.564614,6.197066],[-75.564698,6.197079],[-75.564849,6.19713],[-75.564918,6.197131],[-75.56499,6.197115],[-75.565037,6.197092],[-75.565116,6.197025],[-75.565156,6.197017],[-75.565284,6.197013],[-75.565468,6.19711],[-75.565313,6.198594],[-75.564836,6.199637],[-75.564097,6.199292],[-75.564308,6.198845],[-75.563469,6.198448],[-75.563581,6.198182],[-75.564088,6.197179]]]}},{"type":"Feature","properties":{"per":199,"viv":67,"hog":59,"dens":57,"est":5.9,"sup":122,"com":"El Poblado","mun":"Medellín"},"geometry":{"type":"Polygon","coordinates":[[[-75.565024,6.195232],[-75.564977,6.195203],[-75.564948,6.195223],[-75.564914,6.195221],[-75.564504,6.195018],[-75.564479,6.194982],[-75.564478,6.194949],[-75.565042,6.194183],[-75.565205,6.193909],[-75.565298,6.193727],[-75.565598,6.192956],[-75.565617,6.19283],[-75.565611,6.192702],[-75.565598,6.192639],[-75.565543,6.192472],[-75.565551,6.192457],[-75.565619,6.192416],[-75.565651,6.192507],[-75.56567,6.192616],[-75.565716,6.192753],[-75.565758,6.192856],[-75.565795,6.192919],[-75.565832,6.192959],[-75.56588,6.192994],[-75.565988,6.193044],[-75.566073,6.193068],[-75.566099,6.193088],[-75.566108,6.193138],[-75.56611,6.193349],[-75.566129,6.193381],[-75.566134,6.193428],[-75.566418,6.193589],[-75.566156,6.194266],[-75.566129,6.194359],[-75.566103,6.194476],[-75.566054,6.194981],[-75.565891,6.194912],[-75.56583,6.195001],[-75.56596,6.195128],[-75.566044,6.195317],[-75.56601,6.195846],[-75.565956,6.195865],[-75.565902,6.195847],[-75.565033,6.195296],[-75.565015,6.195266],[-75.565024,6.195232]]]}},{"type":"Feature","properties":{"per":24,"viv":13,"hog":12,"dens":15,"est":5.8,"sup":17,"com":"El Poblado","mun":"Medellín"},"geometry":{"type":"Polygon","coordinates":[[[-75.576224,6.188485],[-75.57592,6.189149],[-75.575897,6.189173],[-75.57527,6.188752],[-75.575041,6.188577],[-75.574906,6.188445],[-75.574778,6.188232],[-75.574645,6.187976],[-75.574556,6.187791],[-75.574548,6.187739],[-75.574595,6.187683],[-75.575105,6.18739],[-75.575143,6.187395],[-75.575606,6.188205],[-75.575662,6.188277],[-75.575725,6.18833],[-75.575781,6.188359],[-75.576183,6.188479],[-75.576224,6.188485]]]}},{"type":"Feature","properties":{"per":0,"viv":0,"hog":0,"dens":0,"est":null,"sup":0,"com":"El Poblado","mun":"Medellín"},"geometry":{"type":"Polygon","coordinates":[[[-75.57516,6.186502],[-75.575189,6.18651],[-75.575196,6.186541],[-75.575115,6.187268],[-75.575095,6.187292],[-75.574614,6.187574],[-75.574602,6.187575],[-75.574587,6.187557],[-75.574591,6.187544],[-75.574929,6.18694],[-75.575147,6.18651],[-75.57516,6.186502]]]}},{"type":"Feature","properties":{"per":0,"viv":0,"hog":0,"dens":0,"est":null,"sup":0,"com":"El Poblado","mun":"Medellín"},"geometry":{"type":"Polygon","coordinates":[[[-75.576638,6.189553],[-75.576834,6.189018],[-75.5772,6.189154],[-75.57723,6.189179],[-75.577238,6.189196],[-75.577236,6.189237],[-75.577179,6.189382],[-75.577076,6.18968],[-75.577061,6.189691],[-75.577009,6.189705],[-75.576733,6.189614],[-75.576741,6.18959],[-75.576638,6.189553]]]}},{"type":"Feature","properties":{"per":266,"viv":95,"hog":88,"dens":39,"est":6.0,"sup":154,"com":"El Poblado","mun":"Medellín"},"geometry":{"type":"Polygon","coordinates":[[[-75.575197,6.187332],[-75.575311,6.186248],[-75.575253,6.186243],[-75.575288,6.186],[-75.575229,6.185997],[-75.575191,6.186232],[-75.575078,6.1865],[-75.574816,6.186984],[-75.5745,6.187538],[-75.574421,6.187372],[-75.574371,6.187302],[-75.574307,6.187231],[-75.573605,6.186784],[-75.573569,6.186748],[-75.573553,6.1867],[-75.573657,6.186462],[-75.573686,6.186438],[-75.573723,6.186429],[-75.574078,6.186657],[-75.574092,6.186725],[-75.574114,6.186754],[-75.574145,6.186777],[-75.574183,6.18679],[-75.574217,6.186792],[-75.574249,6.186786],[-75.574291,6.186761],[-75.574316,6.186709],[-75.574318,6.18667],[-75.574307,6.186633],[-75.574284,6.186601],[-75.574252,6.186579],[-75.574215,6.186568],[-75.574176,6.18657],[-75.57414,6.186585],[-75.5741,6.186569],[-75.573763,6.186366],[-75.573735,6.186328],[-75.573736,6.186288],[-75.573858,6.185992],[-75.573882,6.185958],[-75.573923,6.185928],[-75.573964,6.185916],[-75.574012,6.185917],[-75.574392,6.186021],[-75.574431,6.186052],[-75.574474,6.186115],[-75.574519,6.186138],[-75.574552,6.186142],[-75.574593,6.186134],[-75.574622,6.186118],[-75.574643,6.186099],[-75.574664,6.186061],[-75.57467,6.186033],[-75.574665,6.185989],[-75.574647,6.185954],[-75.574625,6.18593],[-75.574586,6.18591],[-75.574542,6.185904],[-75.574495,6.185918],[-75.574445,6.185952],[-75.574409,6.185947],[-75.573874,6.185791],[-75.573316,6.185569],[-75.573219,6.185541],[-75.573135,6.18553],[-75.573049,6.185535],[-75.572967,6.185562],[-75.572902,6.185597],[-75.572848,6.185641],[-75.572793,6.18571],[-75.572749,6.185808],[-75.572725,6.185894],[-75.572723,6.185939],[-75.572738,6.185982],[-75.572766,6.186015],[-75.572805,6.186035],[-75.572852,6.186039],[-75.572901,6.186023],[-75.572938,6.185987],[-75.572953,6.185953],[-75.572956,6.185915],[-75.57295,6.185885],[-75.572931,6.18585],[-75.572874,6.185791],[-75.572866,6.185755],[-75.572873,6.185732],[-75.572912,6.185685],[-75.572959,6.185649],[-75.573014,6.185621],[-75.573066,6.185607],[-75.573156,6.185604],[-75.573242,6.185619],[-75.57366,6.185791],[-75.573702,6.185822],[-75.573735,6.185866],[-75.573754,6.185927],[-75.57375,6.18599],[-75.573514,6.186643],[-75.573476,6.186682],[-75.573421,6.186687],[-75.572365,6.186132],[-75.571697,6.185814],[-75.571574,6.185591],[-75.571572,6.18554],[-75.57158,6.185508],[-75.571637,6.18543],[-75.571588,6.185387],[-75.571779,6.18518],[-75.5719,6.185281],[-75.571993,6.185323],[-75.57205,6.185335],[-75.572268,6.185346],[-75.572365,6.185329],[-75.572436,6.185292],[-75.57255,6.185174],[-75.572608,6.185129],[-75.572732,6.185058],[-75.572761,6.185008],[-75.572759,6.184958],[-75.572985,6.184886],[-75.573005,6.184861],[-75.573073,6.184935],[-75.57316,6.184961],[-75.573278,6.185023],[-75.573478,6.184956],[-75.573491,6.184982],[-75.573585,6.184933],[-75.573486,6.185126],[-75.57336,6.185344],[-75.573501,6.185406],[-75.573826,6.185385],[-75.573954,6.185409],[-75.573976,6.185423],[-75.574008,6.185485],[-75.574051,6.185537],[-75.574082,6.18555],[-75.574182,6.185564],[-75.574269,6.185602],[-75.574307,6.185639],[-75.574323,6.185645],[-75.574455,6.185663],[-75.574529,6.185702],[-75.574614,6.185725],[-75.574754,6.185734],[-75.574851,6.18571],[-75.574944,6.185655],[-75.574997,6.185649],[-75.575045,6.185656],[-75.575081,6.185678],[-75.575145,6.18577],[-75.575274,6.185789],[-75.575381,6.185751],[-75.575481,6.185654],[-75.575524,6.185751],[-75.575536,6.185909],[-75.575565,6.186028],[-75.575664,6.186648],[-75.57564,6.186753],[-75.575648,6.186757],[-75.575607,6.186988],[-75.575555,6.187202],[-75.575556,6.187232],[-75.575677,6.187261],[-75.575831,6.187261],[-75.576005,6.187291],[-75.576089,6.187325],[-75.576183,6.187332],[-75.576284,6.1873],[-75.576395,6.187307],[-75.576398,6.187321],[-75.576457,6.187303],[-75.576436,6.187418],[-75.576493,6.187428],[-75.576433,6.187875],[-75.576398,6.188002],[-75.576239,6.18841],[-75.576221,6.188412],[-75.575823,6.188292],[-75.575774,6.18827],[-75.575736,6.188241],[-75.575702,6.188199],[-75.575556,6.187943],[-75.575561,6.187751],[-75.575477,6.187645],[-75.575375,6.187623],[-75.575197,6.187332]]]}},{"type":"Feature","properties":{"per":143,"viv":60,"hog":50,"dens":24,"est":6.0,"sup":88,"com":"El Poblado","mun":"Medellín"},"geometry":{"type":"Polygon","coordinates":[[[-75.575989,6.189203],[-75.576351,6.188361],[-75.576522,6.188011],[-75.576546,6.187942],[-75.57659,6.18769],[-75.576639,6.187259],[-75.576497,6.18729],[-75.576398,6.187321],[-75.576395,6.187307],[-75.576284,6.1873],[-75.576183,6.187332],[-75.576089,6.187325],[-75.576005,6.187291],[-75.575831,6.187261],[-75.575677,6.187261],[-75.575556,6.187232],[-75.575555,6.187202],[-75.575607,6.186988],[-75.575648,6.186757],[-75.57564,6.186753],[-75.575664,6.186648],[-75.575565,6.186028],[-75.575546,6.185951],[-75.57587,6.186048],[-75.576471,6.186163],[-75.576501,6.186153],[-75.576771,6.186226],[-75.576901,6.186234],[-75.577181,6.186306],[-75.5776,6.186178],[-75.578051,6.186075],[-75.578286,6.186082],[-75.578011,6.186763],[-75.577445,6.187],[-75.577272,6.187054],[-75.577126,6.187085],[-75.577129,6.187103],[-75.577222,6.187084],[-75.577238,6.187161],[-75.577259,6.187128],[-75.577301,6.187102],[-75.577457,6.187059],[-75.577568,6.187019],[-75.577932,6.186849],[-75.577953,6.186871],[-75.57768,6.187586],[-75.577603,6.187828],[-75.577547,6.188078],[-75.577533,6.188106],[-75.577507,6.188127],[-75.577473,6.188132],[-75.577062,6.188026],[-75.577039,6.188105],[-75.577457,6.188206],[-75.577486,6.188226],[-75.577501,6.188257],[-75.577501,6.188287],[-75.577381,6.188813],[-75.577316,6.189029],[-75.577303,6.189052],[-75.577276,6.189069],[-75.577232,6.189071],[-75.576864,6.188938],[-75.576638,6.189553],[-75.57662,6.189569],[-75.576587,6.18958],[-75.576564,6.189578],[-75.576291,6.189452],[-75.5761,6.18932],[-75.575995,6.189231],[-75.575989,6.189203]]]}},{"type":"Feature","properties":{"per":32,"viv":64,"hog":8,"dens":3,"est":6.0,"sup":18,"com":"El Poblado","mun":"Medellín"},"geometry":{"type":"Polygon","coordinates":[[[-75.575934,6.193784],[-75.575899,6.193705],[-75.575898,6.193712],[-75.575798,6.193724],[-75.575823,6.193767],[-75.575854,6.193862],[-75.575857,6.193961],[-75.575846,6.194037],[-75.575808,6.194186],[-75.575781,6.194258],[-75.575721,6.194382],[-75.575655,6.194484],[-75.575571,6.194584],[-75.575485,6.194664],[-75.575149,6.194941],[-75.574767,6.195278],[-75.574731,6.195286],[-75.574695,6.195278],[-75.574585,6.195187],[-75.574449,6.195116],[-75.57402,6.194926],[-75.573057,6.194467],[-75.57291,6.194294],[-75.572822,6.19423],[-75.572684,6.194146],[-75.572546,6.1941],[-75.572422,6.193988],[-75.572325,6.193846],[-75.572261,6.193737],[-75.572256,6.193677],[-75.572294,6.192621],[-75.572318,6.192167],[-75.57238,6.192014],[-75.572475,6.19185],[-75.572565,6.19175],[-75.572722,6.191653],[-75.572908,6.191581],[-75.573077,6.191565],[-75.573941,6.191536],[-75.574141,6.191584],[-75.574381,6.191705],[-75.574548,6.191905],[-75.574796,6.192293],[-75.574918,6.192552],[-75.575028,6.192838],[-75.57531,6.193196],[-75.575748,6.193458],[-75.576267,6.193648],[-75.576273,6.193865],[-75.576268,6.193989],[-75.576247,6.194144],[-75.576211,6.194297],[-75.576155,6.194445],[-75.57609,6.194573],[-75.575991,6.194732],[-75.575903,6.194841],[-75.575793,6.194954],[-75.575345,6.19536],[-75.574982,6.195618],[-75.574909,6.195636],[-75.574836,6.195616],[-75.574796,6.195585],[-75.574769,6.195542],[-75.574761,6.195518],[-75.574762,6.195461],[-75.57477,6.195442],[-75.575628,6.194666],[-75.575717,6.194564],[-75.575798,6.194442],[-75.575871,6.194291],[-75.575901,6.194212],[-75.575941,6.194036],[-75.575952,6.193873],[-75.575934,6.193784]]]}},{"type":"Feature","properties":{"per":1432,"viv":689,"hog":595,"dens":58,"est":5.9,"sup":954,"com":"El Poblado","mun":"Medellín"},"geometry":{"type":"Polygon","coordinates":[[[-75.569125,6.191815],[-75.568911,6.191928],[-75.568768,6.191981],[-75.568102,6.192059],[-75.567923,6.192065],[-75.567774,6.191991],[-75.567471,6.191815],[-75.567361,6.191729],[-75.567923,6.190545],[-75.568044,6.190348],[-75.568098,6.190135],[-75.568133,6.189917],[-75.568114,6.189722],[-75.568076,6.189591],[-75.568035,6.189491],[-75.567831,6.189151],[-75.567683,6.188849],[-75.567643,6.188715],[-75.567626,6.188589],[-75.567626,6.188454],[-75.567707,6.187752],[-75.567729,6.187629],[-75.567768,6.1875],[-75.567803,6.18742],[-75.567837,6.187451],[-75.56784,6.187473],[-75.567902,6.187575],[-75.567953,6.187636],[-75.568025,6.1877],[-75.568206,6.187826],[-75.568264,6.1879],[-75.568415,6.188178],[-75.568601,6.188323],[-75.568741,6.188415],[-75.56891,6.18851],[-75.569103,6.188591],[-75.569178,6.188601],[-75.569389,6.188595],[-75.569558,6.188676],[-75.569631,6.188694],[-75.569704,6.188731],[-75.569789,6.188733],[-75.570004,6.188662],[-75.570102,6.18866],[-75.5703,6.188687],[-75.570853,6.18861],[-75.571358,6.188851],[-75.571641,6.189105],[-75.571907,6.189315],[-75.572128,6.189315],[-75.57269,6.189291],[-75.573677,6.189458],[-75.574241,6.189807],[-75.574218,6.190056],[-75.574524,6.190605],[-75.574597,6.190721],[-75.574722,6.190844],[-75.574774,6.190871],[-75.574918,6.190915],[-75.575072,6.19102],[-75.575194,6.191175],[-75.575239,6.191273],[-75.575247,6.19131],[-75.575245,6.191335],[-75.575225,6.19138],[-75.575167,6.191437],[-75.5751,6.191662],[-75.575069,6.191734],[-75.574932,6.191707],[-75.574732,6.191683],[-75.574686,6.191664],[-75.574588,6.191553],[-75.57441,6.191397],[-75.574139,6.191306],[-75.573882,6.191266],[-75.57342,6.19128],[-75.573373,6.191271],[-75.57333,6.191249],[-75.573324,6.191192],[-75.573285,6.190516],[-75.573306,6.190469],[-75.573322,6.190396],[-75.573325,6.190262],[-75.573413,6.190258],[-75.573404,6.190036],[-75.573299,6.190042],[-75.573192,6.190269],[-75.573185,6.190321],[-75.573189,6.190391],[-75.573168,6.190449],[-75.573184,6.19091],[-75.573173,6.190924],[-75.572901,6.190934],[-75.572812,6.190908],[-75.572756,6.190877],[-75.572715,6.190841],[-75.57266,6.190786],[-75.572621,6.190695],[-75.572608,6.19053],[-75.572627,6.190488],[-75.572626,6.190359],[-75.572617,6.190324],[-75.572583,6.190291],[-75.572462,6.190292],[-75.572484,6.19075],[-75.572505,6.190837],[-75.572555,6.190912],[-75.572569,6.190908],[-75.572728,6.19103],[-75.572819,6.191068],[-75.572916,6.191079],[-75.573196,6.191062],[-75.57321,6.191263],[-75.573194,6.191288],[-75.573174,6.191297],[-75.572949,6.191309],[-75.57288,6.191321],[-75.572679,6.191382],[-75.572425,6.191518],[-75.572368,6.191537],[-75.572212,6.191624],[-75.572132,6.191724],[-75.572162,6.191736],[-75.572184,6.191761],[-75.571882,6.192775],[-75.571769,6.193261],[-75.571712,6.193374],[-75.571662,6.193412],[-75.571617,6.193419],[-75.571619,6.193414],[-75.57158,6.193422],[-75.570994,6.193085],[-75.571107,6.192841],[-75.571504,6.19306],[-75.571551,6.192887],[-75.571603,6.192902],[-75.571625,6.192859],[-75.571405,6.192834],[-75.571383,6.192861],[-75.571284,6.192861],[-75.571138,6.192772],[-75.571133,6.192754],[-75.571201,6.192604],[-75.571311,6.192297],[-75.571267,6.192293],[-75.571236,6.192401],[-75.570944,6.193063],[-75.570636,6.192918],[-75.570799,6.192506],[-75.570853,6.19233],[-75.570977,6.191786],[-75.571072,6.191217],[-75.571025,6.191206],[-75.571018,6.19123],[-75.570632,6.191139],[-75.570517,6.191396],[-75.570457,6.191629],[-75.570215,6.192724],[-75.570075,6.192687],[-75.570041,6.19267],[-75.569983,6.19262],[-75.569961,6.192589],[-75.569932,6.192518],[-75.569916,6.192244],[-75.569947,6.192124],[-75.56995,6.192033],[-75.569772,6.191071],[-75.56967,6.191092],[-75.56988,6.192049],[-75.569812,6.191943],[-75.56977,6.191895],[-75.569724,6.191852],[-75.569592,6.191768],[-75.569489,6.191744],[-75.569338,6.191744],[-75.56929,6.191751],[-75.569125,6.191815]]]}},{"type":"Feature","properties":{"per":453,"viv":183,"hog":176,"dens":20,"est":5.9,"sup":302,"com":"El Poblado","mun":"Medellín"},"geometry":{"type":"Polygon","coordinates":[[[-75.573677,6.189458],[-75.57269,6.189291],[-75.572128,6.189315],[-75.571907,6.189315],[-75.571641,6.189105],[-75.571358,6.188851],[-75.570853,6.18861],[-75.5703,6.188687],[-75.570102,6.18866],[-75.570182,6.188611],[-75.570261,6.188536],[-75.570292,6.188416],[-75.570389,6.188119],[-75.570483,6.187859],[-75.570396,6.187721],[-75.570202,6.187366],[-75.569942,6.186799],[-75.569965,6.186116],[-75.569996,6.186017],[-75.570051,6.185935],[-75.570113,6.185888],[-75.570251,6.185861],[-75.571345,6.185804],[-75.571406,6.185805],[-75.571486,6.18582],[-75.571611,6.185859],[-75.572468,6.186276],[-75.573276,6.186706],[-75.573533,6.18686],[-75.573784,6.187026],[-75.574219,6.187331],[-75.574298,6.187447],[-75.574498,6.187976],[-75.574561,6.188108],[-75.574737,6.18841],[-75.574771,6.188456],[-75.574844,6.188527],[-75.575031,6.188676],[-75.57589,6.189303],[-75.57639,6.189604],[-75.576617,6.189716],[-75.576998,6.189852],[-75.576625,6.191146],[-75.57635,6.191926],[-75.576214,6.192108],[-75.57586,6.192299],[-75.575767,6.192157],[-75.575641,6.192006],[-75.575571,6.191939],[-75.575448,6.191878],[-75.57528,6.191825],[-75.575069,6.191734],[-75.5751,6.191662],[-75.575167,6.191437],[-75.575225,6.19138],[-75.575245,6.191335],[-75.575239,6.191273],[-75.575194,6.191175],[-75.575056,6.191007],[-75.574918,6.190915],[-75.574774,6.190871],[-75.574722,6.190844],[-75.574597,6.190721],[-75.574524,6.190605],[-75.574218,6.190056],[-75.574241,6.189807],[-75.573677,6.189458]]]}},{"type":"Feature","properties":{"per":0,"viv":1,"hog":0,"dens":0,"est":null,"sup":0,"com":"El Poblado","mun":"Medellín"},"geometry":{"type":"Polygon","coordinates":[[[-75.570718,6.191216],[-75.570997,6.191302],[-75.570912,6.191781],[-75.570799,6.192292],[-75.570716,6.192556],[-75.570582,6.192894],[-75.570322,6.192773],[-75.570302,6.192742],[-75.570298,6.192706],[-75.570553,6.191528],[-75.570673,6.191239],[-75.570693,6.191222],[-75.570718,6.191216]]]}},{"type":"Feature","properties":{"per":0,"viv":0,"hog":0,"dens":0,"est":null,"sup":0,"com":"El Poblado","mun":"Medellín"},"geometry":{"type":"Polygon","coordinates":[[[-75.572498,6.199099],[-75.572413,6.199042],[-75.572408,6.199001],[-75.572443,6.198964],[-75.572635,6.198845],[-75.5727,6.198787],[-75.572752,6.19871],[-75.572768,6.198659],[-75.572776,6.19859],[-75.572814,6.198541],[-75.572901,6.198808],[-75.572935,6.198875],[-75.57297,6.198924],[-75.573038,6.198986],[-75.573158,6.199044],[-75.573201,6.199056],[-75.573329,6.199058],[-75.573479,6.199041],[-75.573447,6.199102],[-75.573229,6.199645],[-75.573201,6.199663],[-75.573169,6.19967],[-75.573136,6.199667],[-75.573106,6.199654],[-75.572666,6.199379],[-75.572625,6.199318],[-75.572535,6.199148],[-75.572498,6.199099]]]}},{"type":"Feature","properties":{"per":0,"viv":0,"hog":0,"dens":0,"est":null,"sup":0,"com":"El Poblado","mun":"Medellín"},"geometry":{"type":"Polygon","coordinates":[[[-75.572901,6.198808],[-75.572782,6.198464],[-75.572756,6.198341],[-75.573071,6.198425],[-75.573543,6.198607],[-75.573601,6.198619],[-75.573697,6.198611],[-75.573479,6.199041],[-75.573258,6.199061],[-75.573158,6.199044],[-75.57307,6.199005],[-75.573038,6.198986],[-75.57297,6.198924],[-75.572935,6.198875],[-75.572901,6.198808]]]}},{"type":"Feature","properties":{"per":1008,"viv":370,"hog":336,"dens":179,"est":5.7,"sup":616,"com":"El Poblado","mun":"Medellín"},"geometry":{"type":"Polygon","coordinates":[[[-75.567446,6.196867],[-75.567338,6.196828],[-75.56734,6.196821],[-75.567164,6.196742],[-75.567139,6.196729],[-75.567133,6.196689],[-75.567052,6.19665],[-75.567036,6.196673],[-75.566836,6.196561],[-75.566682,6.196462],[-75.566486,6.196318],[-75.566148,6.19599],[-75.566135,6.195944],[-75.566123,6.1958],[-75.566165,6.195122],[-75.566176,6.195074],[-75.566206,6.195053],[-75.566234,6.195047],[-75.56624,6.195003],[-75.566218,6.194997],[-75.566183,6.19497],[-75.566179,6.194865],[-75.566197,6.194868],[-75.566206,6.1948],[-75.566176,6.19479],[-75.566196,6.194554],[-75.566234,6.194518],[-75.56641,6.194044],[-75.566593,6.194092],[-75.566648,6.194118],[-75.56687,6.194261],[-75.56695,6.194328],[-75.567141,6.194568],[-75.56719,6.194598],[-75.567242,6.194592],[-75.567297,6.194556],[-75.567403,6.19456],[-75.567426,6.194581],[-75.567451,6.194642],[-75.567501,6.194714],[-75.567616,6.194811],[-75.567653,6.194827],[-75.567756,6.19484],[-75.567814,6.194899],[-75.567876,6.194992],[-75.567931,6.19503],[-75.567982,6.195053],[-75.568083,6.195137],[-75.568113,6.195234],[-75.568085,6.195301],[-75.568087,6.195337],[-75.568104,6.195382],[-75.568136,6.195428],[-75.568222,6.195521],[-75.568258,6.195554],[-75.5683,6.195577],[-75.568503,6.195654],[-75.568541,6.19569],[-75.568555,6.195715],[-75.568564,6.19574],[-75.568562,6.195767],[-75.568544,6.195838],[-75.568556,6.195933],[-75.568576,6.195955],[-75.568613,6.195971],[-75.568563,6.196145],[-75.568473,6.19652],[-75.56834,6.196868],[-75.5683,6.196878],[-75.568186,6.196882],[-75.56817,6.196868],[-75.568192,6.196783],[-75.56818,6.196781],[-75.568168,6.196823],[-75.568105,6.196812],[-75.568089,6.196866],[-75.567968,6.196882],[-75.567972,6.196867],[-75.567814,6.196884],[-75.567705,6.196912],[-75.567574,6.196899],[-75.567446,6.196867]]]}},{"type":"Feature","properties":{"per":581,"viv":201,"hog":182,"dens":136,"est":5.6,"sup":338,"com":"El Poblado","mun":"Medellín"},"geometry":{"type":"Polygon","coordinates":[[[-75.571997,6.198811],[-75.571358,6.198566],[-75.570782,6.19828],[-75.570577,6.198155],[-75.570553,6.198098],[-75.570548,6.198031],[-75.570573,6.197818],[-75.570624,6.197674],[-75.570848,6.197846],[-75.570869,6.1978],[-75.570637,6.197639],[-75.570682,6.197535],[-75.570721,6.197471],[-75.570745,6.197452],[-75.570788,6.197435],[-75.570847,6.197431],[-75.571023,6.197546],[-75.571028,6.197538],[-75.571115,6.197595],[-75.571169,6.197652],[-75.571239,6.197698],[-75.571271,6.197644],[-75.571046,6.197496],[-75.570868,6.197389],[-75.570828,6.197379],[-75.570738,6.197376],[-75.570703,6.197353],[-75.570678,6.197315],[-75.570534,6.197264],[-75.570491,6.197277],[-75.570536,6.197295],[-75.5706,6.197339],[-75.570629,6.197379],[-75.570641,6.197428],[-75.570612,6.197555],[-75.570508,6.197848],[-75.570505,6.197921],[-75.570521,6.198],[-75.570528,6.198125],[-75.570262,6.197931],[-75.569945,6.197667],[-75.569656,6.197357],[-75.569643,6.19734],[-75.56964,6.197321],[-75.569796,6.197083],[-75.570051,6.196806],[-75.570267,6.19661],[-75.570558,6.196641],[-75.570593,6.196653],[-75.570696,6.196713],[-75.570899,6.196731],[-75.571019,6.196784],[-75.57106,6.196836],[-75.57107,6.196868],[-75.571064,6.196954],[-75.571077,6.196993],[-75.571126,6.197051],[-75.571176,6.197147],[-75.571211,6.197182],[-75.57129,6.197227],[-75.57137,6.197234],[-75.571496,6.197215],[-75.571587,6.197224],[-75.571664,6.197248],[-75.571811,6.197321],[-75.571867,6.197339],[-75.571935,6.197391],[-75.572011,6.197499],[-75.572104,6.197606],[-75.572252,6.197701],[-75.572344,6.197789],[-75.572369,6.197828],[-75.572429,6.197963],[-75.572484,6.198168],[-75.572497,6.198189],[-75.572517,6.198204],[-75.57263,6.198239],[-75.572657,6.198579],[-75.57262,6.198609],[-75.572598,6.198616],[-75.572574,6.198612],[-75.572544,6.198591],[-75.572512,6.198634],[-75.572529,6.198665],[-75.572539,6.198732],[-75.572532,6.198772],[-75.572514,6.198809],[-75.572486,6.19884],[-75.572387,6.198897],[-75.57236,6.198924],[-75.572333,6.198926],[-75.571997,6.198811]]]}},{"type":"Feature","properties":{"per":121,"viv":44,"hog":41,"dens":86,"est":6.0,"sup":81,"com":"El Poblado","mun":"Medellín"},"geometry":{"type":"Polygon","coordinates":[[[-75.569098,6.196906],[-75.568808,6.196872],[-75.568544,6.196876],[-75.568606,6.196507],[-75.568647,6.196174],[-75.568692,6.195993],[-75.568779,6.195995],[-75.568862,6.196014],[-75.568928,6.196008],[-75.568997,6.196026],[-75.569069,6.196027],[-75.569134,6.196044],[-75.569201,6.19608],[-75.569313,6.196094],[-75.569463,6.196139],[-75.5695,6.196142],[-75.56958,6.196129],[-75.569637,6.196139],[-75.569684,6.196169],[-75.569727,6.196216],[-75.569767,6.196299],[-75.56978,6.196384],[-75.569825,6.196431],[-75.569998,6.196544],[-75.570029,6.196556],[-75.570101,6.196564],[-75.569998,6.196663],[-75.569952,6.196692],[-75.569864,6.196799],[-75.569883,6.196815],[-75.569827,6.196872],[-75.56983,6.196919],[-75.569666,6.197115],[-75.569566,6.197248],[-75.569269,6.197028],[-75.56926,6.197],[-75.569273,6.196973],[-75.569098,6.196906]]]}},{"type":"Feature","properties":{"per":1413,"viv":522,"hog":472,"dens":181,"est":6.0,"sup":846,"com":"El Poblado","mun":"Medellín"},"geometry":{"type":"Polygon","coordinates":[[[-75.567876,6.194992],[-75.567814,6.194899],[-75.567756,6.19484],[-75.567653,6.194827],[-75.567616,6.194811],[-75.567501,6.194714],[-75.567451,6.194642],[-75.567426,6.194581],[-75.567403,6.19456],[-75.567297,6.194556],[-75.567242,6.194592],[-75.56719,6.194598],[-75.567141,6.194568],[-75.56695,6.194328],[-75.56687,6.194261],[-75.566648,6.194118],[-75.566593,6.194092],[-75.56641,6.194044],[-75.566576,6.193666],[-75.566833,6.19388],[-75.566858,6.193835],[-75.566575,6.193596],[-75.56672,6.19331],[-75.567352,6.193664],[-75.567365,6.193692],[-75.567406,6.193715],[-75.567426,6.193674],[-75.567369,6.193624],[-75.566734,6.193261],[-75.567303,6.191949],[-75.567356,6.191945],[-75.56749,6.192027],[-75.56767,6.192144],[-75.567684,6.19217],[-75.568028,6.192397],[-75.568117,6.192471],[-75.568231,6.192612],[-75.568298,6.192664],[-75.568313,6.192808],[-75.568344,6.192753],[-75.56848,6.192846],[-75.568504,6.192828],[-75.568538,6.192831],[-75.569118,6.193223],[-75.569366,6.19337],[-75.569378,6.193393],[-75.569376,6.193413],[-75.569231,6.193691],[-75.569285,6.193726],[-75.569438,6.193469],[-75.569468,6.193451],[-75.569497,6.193452],[-75.569764,6.193592],[-75.569788,6.193626],[-75.569781,6.193661],[-75.569277,6.194535],[-75.569144,6.194793],[-75.56907,6.194908],[-75.569019,6.194949],[-75.568959,6.194962],[-75.568909,6.194945],[-75.568892,6.194913],[-75.568831,6.194934],[-75.568817,6.194972],[-75.568981,6.195082],[-75.56875,6.195476],[-75.568752,6.195498],[-75.568684,6.195624],[-75.568703,6.195661],[-75.568712,6.195711],[-75.568613,6.195971],[-75.568576,6.195955],[-75.568556,6.195933],[-75.568544,6.195838],[-75.568564,6.19574],[-75.568541,6.19569],[-75.568476,6.195639],[-75.5683,6.195577],[-75.568258,6.195554],[-75.568222,6.195521],[-75.568136,6.195428],[-75.568104,6.195382],[-75.568087,6.195337],[-75.568085,6.195301],[-75.568113,6.195234],[-75.568083,6.195137],[-75.567982,6.195053],[-75.567931,6.19503],[-75.567876,6.194992]]]}},{"type":"Feature","properties":{"per":124,"viv":93,"hog":61,"dens":72,"est":5.4,"sup":87,"com":"El Poblado","mun":"Medellín"},"geometry":{"type":"Polygon","coordinates":[[[-75.573059,6.19833],[-75.572721,6.198228],[-75.572723,6.198028],[-75.572798,6.197445],[-75.572838,6.197277],[-75.572913,6.19704],[-75.574206,6.19766],[-75.573767,6.198515],[-75.573653,6.198529],[-75.57359,6.198525],[-75.573059,6.19833]]]}},{"type":"Feature","properties":{"per":367,"viv":128,"hog":123,"dens":76,"est":5.6,"sup":240,"com":"El Poblado","mun":"Medellín"},"geometry":{"type":"Polygon","coordinates":[[[-75.56916,6.195014],[-75.569493,6.194424],[-75.569815,6.194612],[-75.569787,6.19466],[-75.569872,6.19471],[-75.570019,6.194446],[-75.569933,6.194396],[-75.569897,6.194457],[-75.569578,6.194274],[-75.569887,6.193731],[-75.570036,6.193657],[-75.570105,6.193612],[-75.570204,6.19358],[-75.570284,6.193543],[-75.570646,6.193331],[-75.570713,6.193306],[-75.570802,6.19329],[-75.570891,6.193293],[-75.570976,6.193313],[-75.571231,6.193432],[-75.571479,6.193584],[-75.571548,6.193641],[-75.571598,6.193716],[-75.571624,6.193801],[-75.571627,6.193846],[-75.571614,6.193934],[-75.571276,6.194608],[-75.571191,6.194737],[-75.570935,6.195084],[-75.570777,6.19538],[-75.570728,6.195451],[-75.570619,6.195564],[-75.570543,6.19562],[-75.570467,6.195663],[-75.57037,6.195704],[-75.570292,6.195724],[-75.57013,6.195742],[-75.569003,6.195659],[-75.568926,6.195632],[-75.56887,6.195572],[-75.568849,6.195494],[-75.56916,6.195014]]]}},{"type":"Feature","properties":{"per":1148,"viv":501,"hog":458,"dens":444,"est":5.9,"sup":714,"com":"El Poblado","mun":"Medellín"},"geometry":{"type":"Polygon","coordinates":[[[-75.573197,6.19582],[-75.572873,6.196868],[-75.572823,6.196882],[-75.572782,6.196877],[-75.572716,6.196827],[-75.572663,6.196732],[-75.572597,6.196487],[-75.572592,6.19638],[-75.572608,6.196311],[-75.572679,6.196127],[-75.572667,6.196035],[-75.572627,6.195947],[-75.572558,6.195879],[-75.572302,6.19573],[-75.572305,6.195715],[-75.572089,6.195581],[-75.572083,6.195588],[-75.571748,6.195409],[-75.571732,6.195392],[-75.571729,6.195368],[-75.57174,6.195347],[-75.572089,6.195029],[-75.572127,6.194981],[-75.572146,6.194994],[-75.572179,6.194945],[-75.572155,6.194932],[-75.572421,6.194493],[-75.572496,6.194352],[-75.572521,6.194354],[-75.572696,6.194495],[-75.572836,6.194585],[-75.573578,6.194951],[-75.573638,6.194986],[-75.573676,6.195031],[-75.57369,6.195072],[-75.57369,6.195115],[-75.57368,6.195149],[-75.573647,6.195209],[-75.57359,6.1953],[-75.573512,6.195373],[-75.573218,6.195835],[-75.573197,6.19582]]]}},{"type":"Feature","properties":{"per":0,"viv":0,"hog":0,"dens":0,"est":null,"sup":0,"com":"El Poblado","mun":"Medellín"},"geometry":{"type":"Polygon","coordinates":[[[-75.573855,6.19517],[-75.573905,6.195172],[-75.573948,6.195194],[-75.574034,6.195297],[-75.574201,6.195457],[-75.574277,6.195585],[-75.574337,6.195667],[-75.574595,6.195913],[-75.574637,6.195981],[-75.574659,6.196057],[-75.57466,6.196137],[-75.574641,6.196275],[-75.574578,6.196594],[-75.574563,6.196615],[-75.574538,6.196623],[-75.574524,6.196732],[-75.574545,6.196759],[-75.57455,6.196795],[-75.574502,6.197011],[-75.574499,6.197155],[-75.574372,6.197515],[-75.574316,6.197569],[-75.574267,6.197587],[-75.574215,6.197588],[-75.574165,6.197572],[-75.57302,6.197008],[-75.572986,6.196974],[-75.572959,6.196908],[-75.572964,6.196836],[-75.573224,6.196088],[-75.573345,6.195921],[-75.57378,6.195222],[-75.573811,6.195189],[-75.573855,6.19517]]]}},{"type":"Feature","properties":{"per":383,"viv":156,"hog":138,"dens":125,"est":6.0,"sup":231,"com":"El Poblado","mun":"Medellín"},"geometry":{"type":"Polygon","coordinates":[[[-75.57153,6.197216],[-75.57137,6.197234],[-75.57129,6.197227],[-75.571211,6.197182],[-75.571176,6.197147],[-75.571126,6.197051],[-75.571077,6.196993],[-75.571064,6.196954],[-75.57107,6.196868],[-75.57106,6.196836],[-75.571019,6.196784],[-75.570899,6.196731],[-75.570696,6.196713],[-75.570593,6.196653],[-75.570558,6.196641],[-75.570267,6.19661],[-75.570298,6.196575],[-75.570336,6.196551],[-75.570379,6.196533],[-75.57046,6.196517],[-75.571,6.19656],[-75.571094,6.196543],[-75.571183,6.196498],[-75.571245,6.19644],[-75.571294,6.196366],[-75.57161,6.195661],[-75.571653,6.195537],[-75.57246,6.196017],[-75.572488,6.196036],[-75.572521,6.196075],[-75.572529,6.196104],[-75.572527,6.196151],[-75.572467,6.196332],[-75.572455,6.196417],[-75.572467,6.196501],[-75.572495,6.196605],[-75.572521,6.196687],[-75.572551,6.19674],[-75.572586,6.196868],[-75.5726,6.196892],[-75.572681,6.196966],[-75.572765,6.197011],[-75.572791,6.19704],[-75.572802,6.197078],[-75.572757,6.197261],[-75.572619,6.198092],[-75.57263,6.198239],[-75.572517,6.198204],[-75.572497,6.198189],[-75.572484,6.198168],[-75.572429,6.197963],[-75.572369,6.197828],[-75.572344,6.197789],[-75.572252,6.197701],[-75.572104,6.197606],[-75.572011,6.197499],[-75.571911,6.197367],[-75.571867,6.197339],[-75.571811,6.197321],[-75.571664,6.197248],[-75.571587,6.197224],[-75.57153,6.197216]]]}},{"type":"Feature","properties":{"per":447,"viv":216,"hog":191,"dens":257,"est":6.0,"sup":294,"com":"El Poblado","mun":"Medellín"},"geometry":{"type":"Polygon","coordinates":[[[-75.571285,6.194746],[-75.571826,6.193773],[-75.57208,6.194027],[-75.572395,6.194246],[-75.572007,6.194973],[-75.571983,6.194988],[-75.571907,6.194993],[-75.571684,6.195192],[-75.571629,6.195248],[-75.571554,6.19535],[-75.571473,6.195603],[-75.571308,6.195978],[-75.570665,6.195686],[-75.570655,6.195672],[-75.570665,6.195644],[-75.570774,6.195538],[-75.570856,6.195422],[-75.571012,6.195137],[-75.571285,6.194746]]]}},{"type":"Feature","properties":{"per":256,"viv":117,"hog":110,"dens":120,"est":6.0,"sup":150,"com":"El Poblado","mun":"Medellín"},"geometry":{"type":"Polygon","coordinates":[[[-75.569385,6.191839],[-75.569479,6.191848],[-75.569575,6.191881],[-75.569649,6.191927],[-75.569716,6.191998],[-75.569765,6.192081],[-75.569795,6.192172],[-75.569828,6.192531],[-75.569856,6.192623],[-75.569887,6.192673],[-75.569925,6.192714],[-75.570128,6.192845],[-75.570164,6.192897],[-75.570168,6.192934],[-75.570158,6.19297],[-75.569873,6.193501],[-75.569479,6.193282],[-75.568442,6.192669],[-75.568341,6.192552],[-75.568301,6.192469],[-75.568286,6.192379],[-75.568298,6.192288],[-75.568336,6.192205],[-75.568396,6.192136],[-75.568498,6.192112],[-75.568769,6.192096],[-75.568963,6.192009],[-75.569198,6.191882],[-75.569299,6.19185],[-75.569385,6.191839]]]}},{"type":"Feature","properties":{"per":434,"viv":249,"hog":203,"dens":298,"est":6.0,"sup":334,"com":"El Poblado","mun":"Medellín"},"geometry":{"type":"Polygon","coordinates":[[[-75.569825,6.196431],[-75.56978,6.196384],[-75.569767,6.196299],[-75.569727,6.196216],[-75.569684,6.196169],[-75.569637,6.196139],[-75.569595,6.196129],[-75.5695,6.196142],[-75.569463,6.196139],[-75.569313,6.196094],[-75.569201,6.19608],[-75.569134,6.196044],[-75.569069,6.196027],[-75.568997,6.196026],[-75.568928,6.196008],[-75.568862,6.196014],[-75.568779,6.195995],[-75.568692,6.195993],[-75.568718,6.195904],[-75.568774,6.195825],[-75.568803,6.195799],[-75.56887,6.19576],[-75.568945,6.195743],[-75.570007,6.195815],[-75.570273,6.195821],[-75.570396,6.195797],[-75.570485,6.195757],[-75.570543,6.195721],[-75.571282,6.196073],[-75.571194,6.196267],[-75.571113,6.196383],[-75.571028,6.196432],[-75.570955,6.196444],[-75.570778,6.196423],[-75.570567,6.196387],[-75.570371,6.196393],[-75.57026,6.196425],[-75.570101,6.196564],[-75.570029,6.196556],[-75.569998,6.196544],[-75.569825,6.196431]]]}},{"type":"Feature","properties":{"per":301,"viv":112,"hog":105,"dens":301,"est":2.8,"sup":72,"com":"El Poblado","mun":"Medellín"},"geometry":{"type":"Polygon","coordinates":[[[-75.566055,6.197935],[-75.565942,6.197899],[-75.565939,6.197907],[-75.565711,6.19782],[-75.565667,6.197926],[-75.565529,6.197874],[-75.565516,6.197616],[-75.565519,6.197486],[-75.565528,6.197357],[-75.565567,6.197079],[-75.565731,6.197098],[-75.565822,6.197055],[-75.56584,6.197164],[-75.565818,6.197297],[-75.565824,6.197299],[-75.565805,6.197379],[-75.565931,6.197422],[-75.565935,6.197414],[-75.566022,6.197461],[-75.566017,6.197469],[-75.56614,6.197537],[-75.566148,6.197524],[-75.566044,6.197465],[-75.566058,6.197362],[-75.566053,6.197358],[-75.566131,6.197214],[-75.566122,6.19721],[-75.566146,6.197072],[-75.566132,6.197068],[-75.566147,6.196991],[-75.566146,6.196885],[-75.566335,6.196749],[-75.566442,6.196699],[-75.566676,6.196621],[-75.56672,6.196645],[-75.566588,6.197147],[-75.566516,6.197354],[-75.566377,6.197637],[-75.566403,6.197649],[-75.566306,6.197878],[-75.566068,6.1978],[-75.566098,6.197718],[-75.566165,6.19774],[-75.566182,6.197709],[-75.566142,6.19769],[-75.566134,6.197706],[-75.566086,6.197685],[-75.566037,6.197813],[-75.566091,6.19783],[-75.566055,6.197935]]]}},{"type":"Feature","properties":{"per":82,"viv":35,"hog":32,"dens":279,"est":5.2,"sup":51,"com":"El Poblado","mun":"Medellín"},"geometry":{"type":"Polygon","coordinates":[[[-75.566089,6.196226],[-75.566126,6.196222],[-75.566176,6.196243],[-75.566458,6.196479],[-75.566096,6.196727],[-75.565981,6.196764],[-75.565883,6.196774],[-75.565837,6.196852],[-75.565764,6.19693],[-75.565717,6.196943],[-75.565666,6.196933],[-75.565739,6.196751],[-75.565814,6.196593],[-75.565879,6.196491],[-75.565985,6.196277],[-75.566001,6.196258],[-75.566089,6.196226]]]}},{"type":"Feature","properties":{"per":174,"viv":77,"hog":58,"dens":221,"est":2.3,"sup":62,"com":"El Poblado","mun":"Medellín"},"geometry":{"type":"Polygon","coordinates":[[[-75.567266,6.196916],[-75.567568,6.197028],[-75.567556,6.197227],[-75.567537,6.197303],[-75.567344,6.19769],[-75.566519,6.197421],[-75.566767,6.196626],[-75.56685,6.196689],[-75.566903,6.196708],[-75.566717,6.197276],[-75.566731,6.197281],[-75.566753,6.19722],[-75.566918,6.196725],[-75.567135,6.196841],[-75.56694,6.19746],[-75.566965,6.197467],[-75.567155,6.196853],[-75.567257,6.196912],[-75.567138,6.197289],[-75.56715,6.197293],[-75.567266,6.196916]]]}},{"type":"Feature","properties":{"per":399,"viv":223,"hog":176,"dens":111,"est":6.0,"sup":290,"com":"El Poblado","mun":"Medellín"},"geometry":{"type":"Polygon","coordinates":[[[-75.566988,6.201366],[-75.566772,6.201311],[-75.566771,6.201326],[-75.566322,6.201211],[-75.566328,6.201193],[-75.566194,6.20114],[-75.566235,6.201054],[-75.566277,6.200919],[-75.566291,6.20078],[-75.566287,6.200702],[-75.566271,6.200636],[-75.566272,6.200561],[-75.566346,6.20033],[-75.566316,6.200319],[-75.566355,6.200205],[-75.56634,6.200204],[-75.566378,6.200093],[-75.566387,6.200097],[-75.566463,6.199878],[-75.56648,6.199847],[-75.566472,6.199844],[-75.566482,6.199788],[-75.566496,6.199791],[-75.566583,6.199537],[-75.566677,6.199294],[-75.566716,6.199319],[-75.566793,6.199206],[-75.566887,6.199106],[-75.566999,6.199018],[-75.567108,6.198956],[-75.567212,6.19891],[-75.567372,6.198874],[-75.567617,6.198783],[-75.567657,6.198786],[-75.567687,6.198812],[-75.567695,6.198852],[-75.567504,6.19936],[-75.567497,6.199433],[-75.567502,6.199469],[-75.567529,6.199537],[-75.567576,6.199594],[-75.567868,6.199763],[-75.567895,6.199808],[-75.5679,6.199855],[-75.567873,6.200016],[-75.567742,6.200359],[-75.567389,6.201534],[-75.567355,6.201509],[-75.567157,6.201424],[-75.566988,6.201366]]]}},{"type":"Feature","properties":{"per":97,"viv":36,"hog":34,"dens":733,"est":3.1,"sup":25,"com":"El Poblado","mun":"Medellín"},"geometry":{"type":"Polygon","coordinates":[[[-75.565835,6.197353],[-75.565878,6.197161],[-75.56587,6.19694],[-75.565893,6.196923],[-75.565941,6.196919],[-75.566129,6.196922],[-75.566105,6.197144],[-75.566067,6.197278],[-75.566055,6.197275],[-75.566011,6.197421],[-75.565994,6.19743],[-75.565842,6.19737],[-75.565835,6.197353]]]}},{"type":"Feature","properties":{"per":483,"viv":180,"hog":167,"dens":212,"est":5.5,"sup":259,"com":"El Poblado","mun":"Medellín"},"geometry":{"type":"Polygon","coordinates":[[[-75.567527,6.198715],[-75.567081,6.198855],[-75.566689,6.199174],[-75.566647,6.199179],[-75.566545,6.199139],[-75.566254,6.198995],[-75.566093,6.198901],[-75.566388,6.198229],[-75.566436,6.198062],[-75.566369,6.19804],[-75.566508,6.197678],[-75.566529,6.197684],[-75.566592,6.197481],[-75.566613,6.197487],[-75.56662,6.19747],[-75.567331,6.197703],[-75.567353,6.197756],[-75.567401,6.197654],[-75.56757,6.197698],[-75.567566,6.19771],[-75.567826,6.197774],[-75.567788,6.197871],[-75.567463,6.197785],[-75.567452,6.197806],[-75.56778,6.197887],[-75.567728,6.19801],[-75.567483,6.197941],[-75.567478,6.197958],[-75.567703,6.198019],[-75.567728,6.198032],[-75.567657,6.198225],[-75.5672,6.198114],[-75.567194,6.198128],[-75.56795,6.198321],[-75.568006,6.198325],[-75.567958,6.1984],[-75.567746,6.198602],[-75.567672,6.198654],[-75.567527,6.198715]]]}},{"type":"Feature","properties":{"per":214,"viv":121,"hog":102,"dens":67,"est":6.0,"sup":149,"com":"El Poblado","mun":"Medellín"},"geometry":{"type":"Polygon","coordinates":[[[-75.566398,6.199842],[-75.566363,6.199976],[-75.565989,6.201053],[-75.565977,6.201065],[-75.565456,6.200858],[-75.56464,6.200454],[-75.564906,6.19989],[-75.565019,6.199611],[-75.565464,6.199851],[-75.565519,6.199729],[-75.56532,6.199631],[-75.565301,6.199636],[-75.565044,6.199519],[-75.565256,6.199058],[-75.56527,6.199064],[-75.565421,6.198707],[-75.566562,6.199247],[-75.566585,6.19929],[-75.566578,6.199341],[-75.566462,6.199601],[-75.566396,6.199814],[-75.566398,6.199842]]]}},{"type":"Feature","properties":{"per":62,"viv":25,"hog":22,"dens":85,"est":2.7,"sup":18,"com":"El Poblado","mun":"Medellín"},"geometry":{"type":"Polygon","coordinates":[[[-75.565796,6.19875],[-75.565437,6.19859],[-75.565481,6.198319],[-75.565509,6.197896],[-75.565688,6.197967],[-75.565705,6.197941],[-75.565674,6.197928],[-75.565713,6.197836],[-75.566067,6.197966],[-75.566114,6.197834],[-75.566286,6.197894],[-75.566205,6.1981],[-75.566227,6.198109],[-75.566207,6.198157],[-75.566303,6.198191],[-75.565999,6.198836],[-75.565986,6.198847],[-75.565816,6.198768],[-75.565796,6.19875]]]}},{"type":"Feature","properties":{"per":50,"viv":15,"hog":17,"dens":288,"est":2.0,"sup":12,"com":"El Poblado","mun":"Medellín"},"geometry":{"type":"Polygon","coordinates":[[[-75.567952,6.198316],[-75.567669,6.19824],[-75.567807,6.197878],[-75.567992,6.197917],[-75.568158,6.197981],[-75.568107,6.198136],[-75.568062,6.198241],[-75.568014,6.198316],[-75.567952,6.198316]]]}},{"type":"Feature","properties":{"per":45,"viv":14,"hog":15,"dens":104,"est":2.2,"sup":6,"com":"El Poblado","mun":"Medellín"},"geometry":{"type":"Polygon","coordinates":[[[-75.567864,6.197],[-75.568325,6.196975],[-75.568258,6.19763],[-75.568205,6.197868],[-75.568176,6.19795],[-75.567983,6.1979],[-75.567985,6.197893],[-75.56782,6.197856],[-75.567866,6.197734],[-75.567922,6.197475],[-75.567923,6.197384],[-75.567864,6.197]]]}},{"type":"Feature","properties":{"per":53,"viv":13,"hog":13,"dens":944,"est":2.0,"sup":7,"com":"El Poblado","mun":"Medellín"},"geometry":{"type":"Polygon","coordinates":[[[-75.567844,6.197766],[-75.567641,6.197703],[-75.567639,6.197709],[-75.567407,6.197639],[-75.567447,6.197552],[-75.567876,6.19766],[-75.567844,6.197766]]]}},{"type":"Feature","properties":{"per":69,"viv":18,"hog":17,"dens":360,"est":2.0,"sup":13,"com":"El Poblado","mun":"Medellín"},"geometry":{"type":"Polygon","coordinates":[[[-75.567865,6.197649],[-75.567455,6.197534],[-75.567581,6.197304],[-75.567616,6.197156],[-75.567607,6.197155],[-75.56762,6.197064],[-75.567766,6.197042],[-75.567778,6.197086],[-75.567851,6.197193],[-75.567804,6.197294],[-75.567766,6.19735],[-75.567738,6.197343],[-75.567709,6.197452],[-75.567695,6.197448],[-75.567672,6.197508],[-75.567655,6.197503],[-75.567646,6.197522],[-75.567693,6.197536],[-75.567758,6.197405],[-75.56779,6.197368],[-75.567838,6.197258],[-75.567867,6.197261],[-75.567888,6.197361],[-75.567893,6.197441],[-75.567892,6.197547],[-75.567865,6.197649]]]}},{"type":"Feature","properties":{"per":129,"viv":54,"hog":48,"dens":122,"est":6.0,"sup":76,"com":"El Poblado","mun":"Medellín"},"geometry":{"type":"Polygon","coordinates":[[[-75.569648,6.197524],[-75.569686,6.197534],[-75.570132,6.197929],[-75.57054,6.198255],[-75.570549,6.198277],[-75.570546,6.198306],[-75.570449,6.198466],[-75.570429,6.198538],[-75.570441,6.198605],[-75.570469,6.198688],[-75.570547,6.198844],[-75.570531,6.198879],[-75.569409,6.198387],[-75.56935,6.198334],[-75.569329,6.198286],[-75.569329,6.198206],[-75.569621,6.197544],[-75.569648,6.197524]]]}},{"type":"Feature","properties":{"per":264,"viv":109,"hog":91,"dens":86,"est":5.8,"sup":157,"com":"El Poblado","mun":"Medellín"},"geometry":{"type":"Polygon","coordinates":[[[-75.56922,6.198172],[-75.56895,6.198862],[-75.568929,6.19889],[-75.568859,6.198969],[-75.568767,6.199047],[-75.568542,6.199136],[-75.568434,6.199205],[-75.568383,6.199269],[-75.568274,6.199445],[-75.568069,6.199665],[-75.568016,6.199683],[-75.567959,6.199683],[-75.567651,6.199519],[-75.567615,6.199486],[-75.567593,6.199443],[-75.567591,6.19937],[-75.567642,6.19922],[-75.567747,6.198961],[-75.567808,6.198765],[-75.567799,6.19868],[-75.567811,6.198644],[-75.56788,6.198595],[-75.568048,6.198442],[-75.568137,6.198318],[-75.568182,6.198213],[-75.568359,6.197706],[-75.56852,6.19699],[-75.568682,6.196984],[-75.568843,6.197003],[-75.568998,6.197047],[-75.569073,6.197078],[-75.569214,6.197158],[-75.569279,6.197207],[-75.569529,6.19742],[-75.56922,6.198172]]]}},{"type":"Feature","properties":{"per":763,"viv":422,"hog":299,"dens":268,"est":6.0,"sup":501,"com":"El Poblado","mun":"Medellín"},"geometry":{"type":"Polygon","coordinates":[[[-75.569834,6.19975],[-75.569626,6.199568],[-75.569295,6.199395],[-75.568976,6.199263],[-75.568806,6.199175],[-75.568807,6.199148],[-75.568827,6.199098],[-75.568909,6.199008],[-75.568986,6.198903],[-75.569091,6.198737],[-75.569154,6.198595],[-75.569217,6.198516],[-75.569272,6.198477],[-75.56931,6.198467],[-75.569357,6.198479],[-75.570564,6.199019],[-75.570594,6.199051],[-75.570617,6.199092],[-75.57063,6.199137],[-75.570628,6.199176],[-75.570556,6.199368],[-75.570516,6.199398],[-75.570467,6.1994],[-75.570536,6.199584],[-75.570602,6.199519],[-75.570674,6.199493],[-75.570717,6.199492],[-75.570853,6.199537],[-75.570844,6.199566],[-75.571782,6.19991],[-75.571857,6.200066],[-75.571678,6.200559],[-75.571094,6.200297],[-75.570843,6.200166],[-75.57068,6.200096],[-75.570324,6.199962],[-75.570022,6.199865],[-75.569945,6.199804],[-75.569869,6.199756],[-75.569834,6.19975]]]}},{"type":"Feature","properties":{"per":0,"viv":0,"hog":0,"dens":0,"est":null,"sup":0,"com":"El Poblado","mun":"Medellín"},"geometry":{"type":"Polygon","coordinates":[[[-75.572489,6.200864],[-75.571753,6.200585],[-75.57203,6.199962],[-75.572022,6.199929],[-75.572026,6.199865],[-75.572329,6.199125],[-75.572364,6.199109],[-75.572407,6.199131],[-75.572447,6.19917],[-75.572583,6.199394],[-75.572628,6.199449],[-75.572941,6.199666],[-75.57311,6.199825],[-75.57265,6.200614],[-75.572615,6.2006],[-75.572489,6.200864]]]}},{"type":"Feature","properties":{"per":257,"viv":107,"hog":97,"dens":153,"est":5.7,"sup":147,"com":"El Poblado","mun":"Medellín"},"geometry":{"type":"Polygon","coordinates":[[[-75.570728,6.199038],[-75.570531,6.198525],[-75.570532,6.198478],[-75.57064,6.198306],[-75.570987,6.198513],[-75.571137,6.198581],[-75.57112,6.198637],[-75.571201,6.198674],[-75.571215,6.198656],[-75.571459,6.198754],[-75.571466,6.198736],[-75.572256,6.199043],[-75.571913,6.19984],[-75.57068,6.199384],[-75.570672,6.199366],[-75.570729,6.199195],[-75.57074,6.199118],[-75.570728,6.199038]]]}},{"type":"Feature","properties":{"per":1592,"viv":729,"hog":631,"dens":123,"est":5.9,"sup":1025,"com":"El Poblado","mun":"Medellín"},"geometry":{"type":"Polygon","coordinates":[[[-75.571411,6.202701],[-75.57142,6.202699],[-75.57136,6.201961],[-75.571388,6.201841],[-75.571285,6.201836],[-75.571383,6.20289],[-75.571393,6.202884],[-75.571413,6.203018],[-75.571415,6.203102],[-75.571394,6.203278],[-75.571159,6.203186],[-75.571161,6.203177],[-75.570677,6.202957],[-75.570664,6.202932],[-75.570664,6.202905],[-75.5709,6.202503],[-75.571168,6.202006],[-75.570972,6.201915],[-75.570922,6.201918],[-75.569955,6.201461],[-75.569882,6.201397],[-75.569849,6.201347],[-75.569816,6.201262],[-75.56981,6.201182],[-75.569798,6.201182],[-75.569808,6.200895],[-75.56979,6.200873],[-75.569522,6.20073],[-75.569462,6.200663],[-75.569438,6.200706],[-75.569602,6.200855],[-75.569651,6.20087],[-75.569689,6.201213],[-75.569706,6.201292],[-75.569761,6.201417],[-75.569846,6.201521],[-75.569921,6.201576],[-75.570082,6.201662],[-75.570587,6.201903],[-75.570915,6.202046],[-75.570953,6.202085],[-75.570959,6.202116],[-75.570952,6.202147],[-75.570766,6.20248],[-75.570782,6.202487],[-75.570527,6.202918],[-75.569349,6.202453],[-75.568928,6.202272],[-75.569046,6.20198],[-75.569146,6.201668],[-75.569082,6.201642],[-75.568978,6.201963],[-75.568864,6.202233],[-75.568827,6.202239],[-75.568506,6.202101],[-75.56855,6.201992],[-75.568649,6.20186],[-75.568689,6.20177],[-75.568717,6.201638],[-75.568728,6.201426],[-75.568751,6.201317],[-75.568761,6.201288],[-75.568932,6.200987],[-75.568934,6.200949],[-75.568925,6.200923],[-75.568886,6.200885],[-75.568843,6.200877],[-75.568815,6.200883],[-75.56878,6.20091],[-75.568767,6.200936],[-75.568764,6.200979],[-75.568776,6.20101],[-75.568733,6.201121],[-75.568654,6.201274],[-75.568629,6.201356],[-75.568618,6.201633],[-75.568603,6.201711],[-75.568574,6.201778],[-75.568479,6.201913],[-75.568417,6.202034],[-75.568204,6.201962],[-75.568072,6.201907],[-75.56775,6.201717],[-75.567742,6.201736],[-75.567461,6.201568],[-75.567614,6.201049],[-75.567634,6.201056],[-75.567773,6.200644],[-75.568076,6.200755],[-75.56809,6.20078],[-75.568092,6.200808],[-75.56804,6.20096],[-75.568103,6.200981],[-75.568238,6.20059],[-75.568161,6.200562],[-75.568124,6.200666],[-75.567801,6.20056],[-75.567977,6.200065],[-75.567966,6.200062],[-75.568086,6.199786],[-75.568205,6.199631],[-75.568321,6.199516],[-75.568391,6.199417],[-75.568452,6.199306],[-75.568478,6.199274],[-75.56855,6.199231],[-75.56866,6.199214],[-75.569043,6.199386],[-75.569055,6.1994],[-75.568623,6.200098],[-75.568689,6.200139],[-75.568713,6.200132],[-75.568787,6.200016],[-75.568791,6.199997],[-75.56878,6.199977],[-75.569055,6.199547],[-75.569111,6.199446],[-75.569141,6.199434],[-75.569165,6.199437],[-75.569439,6.199566],[-75.569598,6.19966],[-75.569621,6.199692],[-75.569329,6.200154],[-75.569266,6.20024],[-75.569206,6.200277],[-75.569145,6.200281],[-75.569059,6.200276],[-75.568922,6.200247],[-75.568893,6.200353],[-75.568899,6.200356],[-75.568992,6.200368],[-75.569104,6.200368],[-75.569174,6.20036],[-75.569261,6.200328],[-75.569332,6.200271],[-75.569453,6.200128],[-75.569692,6.199771],[-75.569705,6.199765],[-75.569785,6.19984],[-75.569869,6.199901],[-75.569921,6.199932],[-75.569992,6.199955],[-75.570102,6.200011],[-75.56991,6.20041],[-75.569874,6.200394],[-75.56982,6.200489],[-75.569832,6.200496],[-75.569821,6.200516],[-75.569824,6.200533],[-75.569869,6.200559],[-75.56985,6.200594],[-75.569895,6.200618],[-75.56992,6.200574],[-75.569908,6.200567],[-75.570065,6.200296],[-75.570189,6.20002],[-75.570691,6.200168],[-75.5707,6.20023],[-75.570739,6.200245],[-75.570779,6.200218],[-75.571308,6.200499],[-75.571101,6.200932],[-75.571081,6.200923],[-75.571008,6.201085],[-75.5711,6.201127],[-75.571291,6.200741],[-75.571361,6.200562],[-75.571402,6.200536],[-75.571901,6.200732],[-75.571738,6.201083],[-75.571704,6.201087],[-75.571671,6.201104],[-75.571594,6.20126],[-75.571719,6.2013],[-75.571971,6.200772],[-75.572439,6.20095],[-75.572441,6.200962],[-75.572267,6.201303],[-75.572116,6.201717],[-75.57213,6.201722],[-75.572152,6.201803],[-75.572057,6.202051],[-75.571972,6.202321],[-75.571916,6.202306],[-75.57177,6.202789],[-75.571806,6.202798],[-75.571624,6.203362],[-75.571617,6.203366],[-75.571456,6.203304],[-75.57145,6.203285],[-75.571449,6.203006],[-75.571424,6.202882],[-75.571406,6.202712],[-75.571411,6.202701]]]}},{"type":"Feature","properties":{"per":48,"viv":17,"hog":16,"dens":50,"est":6.0,"sup":33,"com":"El Poblado","mun":"Medellín"},"geometry":{"type":"Polygon","coordinates":[[[-75.566195,6.201258],[-75.566424,6.201342],[-75.5666,6.201382],[-75.5665,6.201723],[-75.566479,6.201923],[-75.566498,6.20213],[-75.566488,6.202214],[-75.566445,6.202306],[-75.566084,6.202651],[-75.566016,6.202616],[-75.565911,6.202522],[-75.565615,6.202188],[-75.565726,6.201958],[-75.565769,6.201888],[-75.565867,6.201757],[-75.566028,6.201592],[-75.566085,6.201461],[-75.56613,6.201301],[-75.566151,6.201273],[-75.566195,6.201258]]]}},{"type":"Feature","properties":{"per":237,"viv":98,"hog":91,"dens":136,"est":6.0,"sup":160,"com":"El Poblado","mun":"Medellín"},"geometry":{"type":"Polygon","coordinates":[[[-75.567174,6.203092],[-75.566746,6.202792],[-75.566704,6.202846],[-75.566488,6.203063],[-75.566129,6.202749],[-75.566129,6.202709],[-75.566156,6.20269],[-75.566412,6.202431],[-75.566514,6.202321],[-75.566552,6.202258],[-75.566577,6.202158],[-75.566584,6.202004],[-75.56658,6.201806],[-75.566729,6.201408],[-75.567052,6.201491],[-75.567336,6.20163],[-75.567665,6.201809],[-75.567174,6.203092]]]}},{"type":"Feature","properties":{"per":755,"viv":306,"hog":277,"dens":222,"est":6.0,"sup":458,"com":"El Poblado","mun":"Medellín"},"geometry":{"type":"Polygon","coordinates":[[[-75.569082,6.203806],[-75.568996,6.203777],[-75.568819,6.204354],[-75.568785,6.204337],[-75.568764,6.204349],[-75.568736,6.20435],[-75.568474,6.204213],[-75.568468,6.204202],[-75.56835,6.204132],[-75.567727,6.203825],[-75.567582,6.203766],[-75.567466,6.203706],[-75.567069,6.203427],[-75.566778,6.203245],[-75.566717,6.203224],[-75.566512,6.203041],[-75.566704,6.202846],[-75.566746,6.202792],[-75.566865,6.202869],[-75.567174,6.203092],[-75.567334,6.202683],[-75.567787,6.202848],[-75.567789,6.202843],[-75.568097,6.202953],[-75.569011,6.20325],[-75.569246,6.203341],[-75.569116,6.203752],[-75.569283,6.203803],[-75.569594,6.203964],[-75.569804,6.204435],[-75.569808,6.204658],[-75.569819,6.204775],[-75.569685,6.204762],[-75.569464,6.204721],[-75.569132,6.204597],[-75.569115,6.204557],[-75.568992,6.204506],[-75.568928,6.204409],[-75.568888,6.204389],[-75.569082,6.203806]]]}},{"type":"Feature","properties":{"per":513,"viv":242,"hog":202,"dens":227,"est":6.0,"sup":323,"com":"El Poblado","mun":"Medellín"},"geometry":{"type":"Polygon","coordinates":[[[-75.568857,6.203198],[-75.56759,6.20278],[-75.567334,6.202683],[-75.567665,6.201809],[-75.568102,6.202045],[-75.568356,6.202148],[-75.569367,6.202589],[-75.569736,6.202734],[-75.569495,6.203423],[-75.569207,6.203327],[-75.568857,6.203198]]]}},{"type":"Feature","properties":{"per":132,"viv":51,"hog":45,"dens":208,"est":6.0,"sup":74,"com":"El Poblado","mun":"Medellín"},"geometry":{"type":"Polygon","coordinates":[[[-75.565177,6.201445],[-75.565403,6.201008],[-75.565422,6.201002],[-75.565988,6.20121],[-75.565935,6.201364],[-75.56586,6.201529],[-75.565572,6.202029],[-75.565546,6.20205],[-75.565525,6.202051],[-75.565502,6.202039],[-75.565229,6.201741],[-75.565199,6.201698],[-75.56517,6.201634],[-75.565152,6.201534],[-75.565177,6.201445]]]}},{"type":"Feature","properties":{"per":162,"viv":72,"hog":64,"dens":162,"est":6.0,"sup":93,"com":"El Poblado","mun":"Medellín"},"geometry":{"type":"Polygon","coordinates":[[[-75.567469,6.204704],[-75.567772,6.20404],[-75.56788,6.204057],[-75.567957,6.20409],[-75.568961,6.204626],[-75.568929,6.204776],[-75.568928,6.204873],[-75.568558,6.204892],[-75.568111,6.204932],[-75.567984,6.204926],[-75.567919,6.204915],[-75.567469,6.204704]]]}},{"type":"Feature","properties":{"per":166,"viv":103,"hog":70,"dens":58,"est":6.0,"sup":122,"com":"El Poblado","mun":"Medellín"},"geometry":{"type":"Polygon","coordinates":[[[-75.570719,6.205164],[-75.570277,6.204868],[-75.570042,6.20481],[-75.569819,6.204775],[-75.569808,6.204658],[-75.569804,6.204435],[-75.569717,6.204233],[-75.570142,6.204254],[-75.570245,6.204219],[-75.570253,6.203946],[-75.570269,6.20372],[-75.570461,6.20313],[-75.57156,6.203554],[-75.571276,6.204744],[-75.571258,6.204849],[-75.571253,6.205096],[-75.571236,6.205167],[-75.57116,6.205133],[-75.571131,6.205188],[-75.57127,6.205257],[-75.571281,6.205393],[-75.571318,6.205582],[-75.57117,6.205488],[-75.570719,6.205164]]]}},{"type":"Feature","properties":{"per":123,"viv":64,"hog":49,"dens":84,"est":6.0,"sup":72,"com":"El Poblado","mun":"Medellín"},"geometry":{"type":"Polygon","coordinates":[[[-75.569116,6.203752],[-75.569246,6.203341],[-75.569495,6.203423],[-75.569736,6.202734],[-75.570469,6.203022],[-75.570369,6.203325],[-75.570394,6.203335],[-75.570269,6.20372],[-75.570253,6.203946],[-75.570245,6.204219],[-75.570142,6.204254],[-75.569717,6.204233],[-75.569594,6.203964],[-75.569283,6.203803],[-75.569116,6.203752]]]}},{"type":"Feature","properties":{"per":125,"viv":49,"hog":47,"dens":48,"est":6.0,"sup":82,"com":"El Poblado","mun":"Medellín"},"geometry":{"type":"Polygon","coordinates":[[[-75.565495,6.205224],[-75.565439,6.205211],[-75.565375,6.205213],[-75.565348,6.205228],[-75.565316,6.205264],[-75.565289,6.205278],[-75.565243,6.20529],[-75.565165,6.205279],[-75.565008,6.204439],[-75.564914,6.204001],[-75.564905,6.203815],[-75.56491,6.203722],[-75.564939,6.203538],[-75.564982,6.203424],[-75.565162,6.203023],[-75.56554,6.202317],[-75.565643,6.202462],[-75.565952,6.202771],[-75.565955,6.202783],[-75.565951,6.2028],[-75.565671,6.203234],[-75.565641,6.203317],[-75.565633,6.203365],[-75.565632,6.203459],[-75.565724,6.204098],[-75.565719,6.204217],[-75.565694,6.204345],[-75.565641,6.204535],[-75.565654,6.204956],[-75.56567,6.205032],[-75.56569,6.205073],[-75.56589,6.205265],[-75.565936,6.205344],[-75.56595,6.205407],[-75.565943,6.20553],[-75.56595,6.205615],[-75.565976,6.205688],[-75.565996,6.205721],[-75.566074,6.205796],[-75.566237,6.205896],[-75.566287,6.205936],[-75.566396,6.206047],[-75.566434,6.206102],[-75.566468,6.206201],[-75.56647,6.206284],[-75.56644,6.206378],[-75.566377,6.206445],[-75.566326,6.206353],[-75.566288,6.206319],[-75.566235,6.206285],[-75.566147,6.206245],[-75.566033,6.206161],[-75.565955,6.206077],[-75.565786,6.205972],[-75.565771,6.205952],[-75.565759,6.205877],[-75.565769,6.205818],[-75.565814,6.205685],[-75.56582,6.205636],[-75.565803,6.205557],[-75.565767,6.205464],[-75.565668,6.205335],[-75.565639,6.205306],[-75.565575,6.205264],[-75.565495,6.205224]]]}},{"type":"Feature","properties":{"per":764,"viv":268,"hog":246,"dens":98,"est":5.5,"sup":443,"com":"El Poblado","mun":"Medellín"},"geometry":{"type":"Polygon","coordinates":[[[-75.564417,6.204188],[-75.564313,6.204154],[-75.564179,6.204086],[-75.564036,6.203764],[-75.563912,6.203543],[-75.563841,6.203515],[-75.563795,6.203515],[-75.563646,6.203546],[-75.563603,6.203546],[-75.563505,6.203494],[-75.563455,6.203387],[-75.56345,6.203168],[-75.563431,6.203116],[-75.563383,6.203061],[-75.563293,6.203033],[-75.563236,6.203003],[-75.563179,6.202997],[-75.563145,6.202952],[-75.563145,6.202876],[-75.563183,6.202816],[-75.563188,6.202771],[-75.563181,6.202702],[-75.563098,6.202457],[-75.56306,6.202374],[-75.562995,6.20229],[-75.562933,6.202269],[-75.562855,6.202255],[-75.562721,6.202259],[-75.56259,6.202229],[-75.562557,6.202199],[-75.562503,6.20212],[-75.562467,6.202046],[-75.562906,6.201948],[-75.563116,6.201878],[-75.563181,6.202025],[-75.563201,6.202022],[-75.563004,6.201582],[-75.563011,6.201558],[-75.56291,6.201281],[-75.563113,6.20143],[-75.563141,6.201411],[-75.562902,6.20123],[-75.562876,6.201125],[-75.562847,6.201053],[-75.562714,6.200821],[-75.562872,6.200816],[-75.563263,6.20084],[-75.563654,6.200849],[-75.563684,6.201013],[-75.563671,6.201128],[-75.563705,6.201137],[-75.563708,6.201021],[-75.563678,6.200846],[-75.563704,6.200836],[-75.563789,6.200833],[-75.564533,6.200517],[-75.565292,6.20087],[-75.565108,6.201245],[-75.565025,6.201459],[-75.565058,6.201555],[-75.565069,6.201648],[-75.565082,6.201693],[-75.564968,6.201805],[-75.565025,6.20189],[-75.565126,6.201796],[-75.56519,6.201881],[-75.565438,6.202162],[-75.565452,6.202193],[-75.565455,6.202244],[-75.565068,6.202905],[-75.56487,6.203354],[-75.564804,6.203554],[-75.564761,6.20376],[-75.564729,6.204035],[-75.564725,6.204801],[-75.564702,6.204786],[-75.564689,6.204699],[-75.564599,6.20429],[-75.56457,6.204253],[-75.564417,6.204188]]]}},{"type":"Feature","properties":{"per":241,"viv":108,"hog":98,"dens":79,"est":5.9,"sup":122,"com":"El Poblado","mun":"Medellín"},"geometry":{"type":"Polygon","coordinates":[[[-75.569116,6.207795],[-75.569115,6.207557],[-75.569101,6.2075],[-75.569052,6.207443],[-75.568991,6.207424],[-75.568899,6.207419],[-75.568812,6.207449],[-75.568737,6.207462],[-75.568633,6.20751],[-75.568584,6.207508],[-75.568628,6.20739],[-75.568673,6.207205],[-75.568682,6.207133],[-75.56869,6.207021],[-75.568695,6.206485],[-75.568706,6.206472],[-75.568763,6.206467],[-75.568799,6.206477],[-75.568852,6.206508],[-75.569042,6.20672],[-75.569102,6.206778],[-75.569159,6.206816],[-75.56926,6.206854],[-75.569348,6.206864],[-75.569968,6.206776],[-75.570287,6.206689],[-75.570515,6.206616],[-75.570757,6.206567],[-75.570754,6.206547],[-75.571416,6.206403],[-75.571433,6.206411],[-75.57142,6.206571],[-75.571346,6.206948],[-75.571237,6.207572],[-75.570888,6.20753],[-75.570361,6.207513],[-75.570357,6.207547],[-75.570319,6.207544],[-75.570313,6.207569],[-75.570208,6.207788],[-75.570193,6.207771],[-75.570028,6.207709],[-75.569818,6.207672],[-75.56956,6.207663],[-75.569386,6.207684],[-75.569116,6.207795]]]}},{"type":"Feature","properties":{"per":442,"viv":217,"hog":184,"dens":203,"est":6.0,"sup":256,"com":"El Poblado","mun":"Medellín"},"geometry":{"type":"Polygon","coordinates":[[[-75.56838,6.207374],[-75.568198,6.207202],[-75.568095,6.207156],[-75.567883,6.207086],[-75.567676,6.207063],[-75.567638,6.207065],[-75.567545,6.20709],[-75.567462,6.207153],[-75.567422,6.207199],[-75.567405,6.207233],[-75.567338,6.207278],[-75.567214,6.207319],[-75.567122,6.207327],[-75.567036,6.20729],[-75.566897,6.207194],[-75.566789,6.207093],[-75.566411,6.206531],[-75.566498,6.206483],[-75.566614,6.206619],[-75.566756,6.20675],[-75.566806,6.206684],[-75.566691,6.206534],[-75.566625,6.206432],[-75.566595,6.20635],[-75.566896,6.206261],[-75.566995,6.206249],[-75.567141,6.20625],[-75.567227,6.206266],[-75.567769,6.206279],[-75.568601,6.206385],[-75.568624,6.20641],[-75.568616,6.207089],[-75.568585,6.207139],[-75.568531,6.207161],[-75.568504,6.207182],[-75.568487,6.20721],[-75.56848,6.207242],[-75.568488,6.207282],[-75.568512,6.207315],[-75.568546,6.207334],[-75.568587,6.207337],[-75.568562,6.207412],[-75.568512,6.207483],[-75.56838,6.207374]]]}},{"type":"Feature","properties":{"per":0,"viv":0,"hog":0,"dens":0,"est":null,"sup":0,"com":"El Poblado","mun":"Medellín"},"geometry":{"type":"Polygon","coordinates":[[[-75.566464,6.207252],[-75.566263,6.206661],[-75.566411,6.206531],[-75.566789,6.207093],[-75.566897,6.207194],[-75.566784,6.207197],[-75.566588,6.207247],[-75.566464,6.207252]]]}},{"type":"Feature","properties":{"per":268,"viv":123,"hog":107,"dens":149,"est":6.0,"sup":179,"com":"El Poblado","mun":"Medellín"},"geometry":{"type":"Polygon","coordinates":[[[-75.5691,6.204699],[-75.569281,6.204773],[-75.569412,6.204813],[-75.56958,6.204852],[-75.570026,6.204928],[-75.570223,6.204979],[-75.570317,6.205031],[-75.570723,6.205328],[-75.570732,6.205347],[-75.57073,6.205367],[-75.570599,6.205473],[-75.57045,6.205545],[-75.570358,6.205572],[-75.570205,6.205599],[-75.570008,6.205653],[-75.569898,6.205673],[-75.569771,6.205716],[-75.569388,6.205929],[-75.569303,6.20597],[-75.569303,6.205978],[-75.569249,6.205999],[-75.569138,6.206021],[-75.569067,6.206023],[-75.568791,6.206002],[-75.56906,6.20473],[-75.569075,6.204708],[-75.5691,6.204699]]]}},{"type":"Feature","properties":{"per":207,"viv":113,"hog":86,"dens":83,"est":5.8,"sup":112,"com":"El Poblado","mun":"Medellín"},"geometry":{"type":"Polygon","coordinates":[[[-75.569161,6.206701],[-75.569032,6.206544],[-75.56903,6.206518],[-75.569054,6.206489],[-75.569022,6.206456],[-75.568948,6.206457],[-75.5688,6.206383],[-75.568713,6.206348],[-75.568703,6.206327],[-75.568705,6.20629],[-75.568793,6.206076],[-75.569091,6.206094],[-75.5692,6.206082],[-75.569309,6.206054],[-75.569386,6.206024],[-75.569709,6.20585],[-75.569895,6.205761],[-75.570143,6.205685],[-75.570533,6.205594],[-75.570655,6.205534],[-75.570795,6.205392],[-75.57128,6.205741],[-75.571354,6.205879],[-75.571431,6.20629],[-75.571395,6.206303],[-75.570768,6.206436],[-75.570712,6.206419],[-75.570402,6.20651],[-75.570417,6.206547],[-75.570411,6.206558],[-75.570197,6.206615],[-75.570174,6.206607],[-75.569995,6.206655],[-75.569996,6.20667],[-75.569985,6.206675],[-75.569444,6.206775],[-75.569342,6.206784],[-75.569274,6.206775],[-75.569212,6.206746],[-75.569161,6.206701]]]}},{"type":"Feature","properties":{"per":1200,"viv":507,"hog":443,"dens":158,"est":6.0,"sup":755,"com":"El Poblado","mun":"Medellín"},"geometry":{"type":"Polygon","coordinates":[[[-75.567736,6.206247],[-75.566931,6.206214],[-75.566602,6.206302],[-75.566591,6.206298],[-75.566564,6.206268],[-75.566536,6.206164],[-75.566435,6.205953],[-75.566307,6.205822],[-75.566303,6.205786],[-75.566319,6.205723],[-75.566267,6.20571],[-75.56625,6.205736],[-75.566168,6.205738],[-75.566128,6.205713],[-75.566064,6.205628],[-75.566045,6.205563],[-75.566043,6.205397],[-75.566031,6.205314],[-75.566016,6.205264],[-75.565991,6.205218],[-75.565944,6.205175],[-75.565772,6.204971],[-75.565753,6.204891],[-75.565757,6.20483],[-75.565714,6.204577],[-75.565719,6.204511],[-75.565769,6.20435],[-75.565809,6.204258],[-75.565841,6.204238],[-75.565867,6.204253],[-75.565879,6.204236],[-75.565841,6.204209],[-75.565822,6.204178],[-75.565818,6.204039],[-75.565797,6.203914],[-75.565758,6.203781],[-75.565717,6.203594],[-75.565706,6.203457],[-75.56573,6.203358],[-75.565986,6.202925],[-75.566074,6.202852],[-75.56614,6.202918],[-75.566772,6.203455],[-75.566815,6.203384],[-75.567288,6.203639],[-75.567263,6.203705],[-75.567329,6.203726],[-75.56742,6.203773],[-75.567658,6.203932],[-75.567692,6.203963],[-75.567695,6.204009],[-75.567386,6.204782],[-75.567823,6.20497],[-75.568043,6.205024],[-75.567983,6.205552],[-75.568061,6.205561],[-75.568131,6.205045],[-75.568884,6.204993],[-75.568613,6.206325],[-75.568533,6.206332],[-75.567736,6.206247]]]}},{"type":"Feature","properties":{"per":11,"viv":6,"hog":6,"dens":18,"est":4.5,"sup":4,"com":"El Poblado","mun":"Medellín"},"geometry":{"type":"Polygon","coordinates":[[[-75.568366,6.20774],[-75.567968,6.207378],[-75.567789,6.207276],[-75.567842,6.207145],[-75.567752,6.20715],[-75.567722,6.207232],[-75.567705,6.207248],[-75.567552,6.207264],[-75.56748,6.207289],[-75.567452,6.207288],[-75.567424,6.207305],[-75.567329,6.207373],[-75.567271,6.20743],[-75.567184,6.207598],[-75.566836,6.207528],[-75.566624,6.20752],[-75.566464,6.207252],[-75.566588,6.207247],[-75.566784,6.207197],[-75.566897,6.207194],[-75.567036,6.20729],[-75.567122,6.207327],[-75.567214,6.207319],[-75.567338,6.207278],[-75.567405,6.207233],[-75.567422,6.207199],[-75.567462,6.207153],[-75.567545,6.20709],[-75.567638,6.207065],[-75.567676,6.207063],[-75.567883,6.207086],[-75.567988,6.207116],[-75.568198,6.207202],[-75.56838,6.207374],[-75.568512,6.207483],[-75.568377,6.207734],[-75.568366,6.20774]]]}},{"type":"Feature","properties":{"per":0,"viv":0,"hog":0,"dens":0,"est":null,"sup":0,"com":"El Poblado","mun":"Medellín"},"geometry":{"type":"Polygon","coordinates":[[[-75.568151,6.209184],[-75.567255,6.208843],[-75.567232,6.208799],[-75.567229,6.208762],[-75.567237,6.208727],[-75.567268,6.208687],[-75.567319,6.20866],[-75.56766,6.20879],[-75.567679,6.208786],[-75.567808,6.208838],[-75.567819,6.208809],[-75.568031,6.208891],[-75.568045,6.208862],[-75.568068,6.208853],[-75.568093,6.208856],[-75.568229,6.208909],[-75.568258,6.208938],[-75.568264,6.208964],[-75.568183,6.20917],[-75.568169,6.209182],[-75.568151,6.209184]]]}},{"type":"Feature","properties":{"per":0,"viv":0,"hog":0,"dens":0,"est":null,"sup":0,"com":"El Poblado","mun":"Medellín"},"geometry":{"type":"Polygon","coordinates":[[[-75.567561,6.207338],[-75.567628,6.207341],[-75.56766,6.207349],[-75.567666,6.207359],[-75.567427,6.207958],[-75.56718,6.207859],[-75.567343,6.207451],[-75.567431,6.207381],[-75.567499,6.207352],[-75.567561,6.207338]]]}},{"type":"Feature","properties":{"per":0,"viv":0,"hog":0,"dens":0,"est":null,"sup":0,"com":"El Poblado","mun":"Medellín"},"geometry":{"type":"Polygon","coordinates":[[[-75.567776,6.207371],[-75.567833,6.207381],[-75.567892,6.20742],[-75.568057,6.207585],[-75.567865,6.208082],[-75.567848,6.20809],[-75.567552,6.207982],[-75.567542,6.207969],[-75.567776,6.207371]]]}},{"type":"Feature","properties":{"per":0,"viv":2,"hog":0,"dens":0,"est":null,"sup":0,"com":"El Poblado","mun":"Medellín"},"geometry":{"type":"Polygon","coordinates":[[[-75.567852,6.208155],[-75.567645,6.20873],[-75.567313,6.20859],[-75.567504,6.208034],[-75.567852,6.208155]]]}},{"type":"Feature","properties":{"per":11,"viv":11,"hog":4,"dens":32,"est":3.3,"sup":1,"com":"El Poblado","mun":"Medellín"},"geometry":{"type":"Polygon","coordinates":[[[-75.568111,6.207669],[-75.568161,6.207656],[-75.568328,6.207815],[-75.568334,6.207834],[-75.567989,6.208757],[-75.567738,6.208663],[-75.568111,6.207669]]]}},{"type":"Feature","properties":{"per":0,"viv":6,"hog":0,"dens":0,"est":null,"sup":0,"com":"El Poblado","mun":"Medellín"},"geometry":{"type":"Polygon","coordinates":[[[-75.569993,6.209467],[-75.570284,6.208686],[-75.570931,6.208929],[-75.570636,6.209709],[-75.569993,6.209467]]]}},{"type":"Feature","properties":{"per":47,"viv":32,"hog":25,"dens":16,"est":5.0,"sup":21,"com":"El Poblado","mun":"Medellín"},"geometry":{"type":"Polygon","coordinates":[[[-75.568113,6.208763],[-75.56841,6.207967],[-75.56843,6.207952],[-75.568455,6.20795],[-75.56863,6.208019],[-75.568703,6.207932],[-75.568462,6.207841],[-75.568578,6.207524],[-75.568669,6.207524],[-75.568684,6.207533],[-75.568773,6.207505],[-75.568814,6.207482],[-75.568848,6.207519],[-75.56887,6.207568],[-75.568888,6.207623],[-75.568886,6.207664],[-75.568732,6.207963],[-75.568803,6.207994],[-75.569162,6.208111],[-75.569301,6.208033],[-75.569438,6.208067],[-75.56949,6.207924],[-75.569528,6.207887],[-75.570021,6.208032],[-75.570076,6.207988],[-75.570109,6.207972],[-75.570117,6.208102],[-75.57018,6.208232],[-75.570277,6.208346],[-75.570319,6.208375],[-75.570362,6.208389],[-75.570406,6.208381],[-75.570409,6.208373],[-75.570691,6.208482],[-75.570719,6.208487],[-75.5708,6.208441],[-75.571081,6.208528],[-75.570962,6.208863],[-75.570178,6.208563],[-75.569862,6.209423],[-75.56885,6.20903],[-75.568113,6.208763]]]}},{"type":"Feature","properties":{"per":10,"viv":10,"hog":5,"dens":16,"est":4.6,"sup":5,"com":"El Poblado","mun":"Medellín"},"geometry":{"type":"Polygon","coordinates":[[[-75.56807,6.209618],[-75.568339,6.208943],[-75.568973,6.209196],[-75.568699,6.209882],[-75.568078,6.209634],[-75.56807,6.209618]]]}},{"type":"Feature","properties":{"per":16,"viv":14,"hog":6,"dens":24,"est":4.7,"sup":4,"com":"El Poblado","mun":"Medellín"},"geometry":{"type":"Polygon","coordinates":[[[-75.568856,6.209892],[-75.569094,6.209261],[-75.569799,6.20953],[-75.569802,6.209547],[-75.56956,6.210187],[-75.568863,6.20992],[-75.568856,6.209892]]]}},{"type":"Feature","properties":{"per":0,"viv":0,"hog":0,"dens":0,"est":null,"sup":0,"com":"El Poblado","mun":"Medellín"},"geometry":{"type":"Polygon","coordinates":[[[-75.568953,6.210808],[-75.569179,6.210204],[-75.569498,6.210325],[-75.569272,6.21093],[-75.568953,6.210808]]]}},{"type":"Feature","properties":{"per":24,"viv":11,"hog":8,"dens":79,"est":4.2,"sup":18,"com":"El Poblado","mun":"Medellín"},"geometry":{"type":"Polygon","coordinates":[[[-75.56935,6.210918],[-75.569511,6.210496],[-75.569532,6.210505],[-75.569588,6.210351],[-75.569946,6.21049],[-75.569727,6.211071],[-75.56935,6.210918]]]}},{"type":"Feature","properties":{"per":28,"viv":33,"hog":10,"dens":119,"est":4.2,"sup":12,"com":"El Poblado","mun":"Medellín"},"geometry":{"type":"Polygon","coordinates":[[[-75.569786,6.211066],[-75.570003,6.210512],[-75.570299,6.210626],[-75.570091,6.211155],[-75.570063,6.211168],[-75.569982,6.211143],[-75.569778,6.211114],[-75.569786,6.211066]]]}},{"type":"Feature","properties":{"per":18,"viv":11,"hog":8,"dens":27,"est":3.8,"sup":3,"com":"El Poblado","mun":"Medellín"},"geometry":{"type":"Polygon","coordinates":[[[-75.569936,6.209607],[-75.569988,6.20959],[-75.570628,6.209836],[-75.570642,6.209852],[-75.570394,6.210515],[-75.569689,6.210245],[-75.569936,6.209607]]]}},{"type":"Feature","properties":{"per":0,"viv":0,"hog":0,"dens":0,"est":null,"sup":0,"com":"El Poblado","mun":"Medellín"},"geometry":{"type":"Polygon","coordinates":[[[-75.570407,6.211177],[-75.570582,6.21072],[-75.571093,6.210909],[-75.570853,6.211535],[-75.570828,6.21156],[-75.570794,6.21157],[-75.570749,6.211555],[-75.570644,6.211403],[-75.57059,6.211339],[-75.570407,6.211219],[-75.570407,6.211177]]]}},{"type":"Feature","properties":{"per":13,"viv":8,"hog":7,"dens":16,"est":4.0,"sup":8,"com":"El Poblado","mun":"Medellín"},"geometry":{"type":"Polygon","coordinates":[[[-75.570878,6.211756],[-75.571161,6.210943],[-75.571887,6.211213],[-75.571608,6.212024],[-75.571311,6.211906],[-75.570878,6.211756]]]}},{"type":"Feature","properties":{"per":14,"viv":6,"hog":6,"dens":27,"est":4.3,"sup":8,"com":"El Poblado","mun":"Medellín"},"geometry":{"type":"Polygon","coordinates":[[[-75.571671,6.212052],[-75.571965,6.211252],[-75.572439,6.211428],[-75.572282,6.211839],[-75.572125,6.212216],[-75.571671,6.212052]]]}},{"type":"Feature","properties":{"per":0,"viv":0,"hog":0,"dens":0,"est":null,"sup":0,"com":"El Poblado","mun":"Medellín"},"geometry":{"type":"Polygon","coordinates":[[[-75.573474,6.214792],[-75.573929,6.213093],[-75.57384,6.21307],[-75.573931,6.212931],[-75.574262,6.213024],[-75.574597,6.213168],[-75.574709,6.213201],[-75.574779,6.213213],[-75.574886,6.213218],[-75.575064,6.213192],[-75.575147,6.213192],[-75.575259,6.213215],[-75.575378,6.21326],[-75.575536,6.213395],[-75.575572,6.213448],[-75.575928,6.214005],[-75.575987,6.214158],[-75.57601,6.214408],[-75.575976,6.214828],[-75.575924,6.214875],[-75.575894,6.214884],[-75.57566,6.214871],[-75.575448,6.214796],[-75.575102,6.214714],[-75.574945,6.21469],[-75.574758,6.214673],[-75.574654,6.214678],[-75.574524,6.2147],[-75.574286,6.214772],[-75.573784,6.214964],[-75.57357,6.215028],[-75.573452,6.215049],[-75.573426,6.215051],[-75.573474,6.214792]]]}},{"type":"Feature","properties":{"per":0,"viv":0,"hog":0,"dens":0,"est":null,"sup":0,"com":"El Poblado","mun":"Medellín"},"geometry":{"type":"Polygon","coordinates":[[[-75.57398,6.212828],[-75.57433,6.212299],[-75.574637,6.212506],[-75.57485,6.212679],[-75.575345,6.213013],[-75.575454,6.213063],[-75.575512,6.213081],[-75.575512,6.213092],[-75.575154,6.213044],[-75.574752,6.213025],[-75.57398,6.212828]]]}},{"type":"Feature","properties":{"per":0,"viv":0,"hog":0,"dens":0,"est":null,"sup":0,"com":"El Poblado","mun":"Medellín"},"geometry":{"type":"Polygon","coordinates":[[[-75.57729,6.213667],[-75.577413,6.21366],[-75.577535,6.213671],[-75.577525,6.213787],[-75.577509,6.213826],[-75.577481,6.213864],[-75.577441,6.21381],[-75.577389,6.213763],[-75.577273,6.213692],[-75.57729,6.213667]]]}},{"type":"Feature","properties":{"per":105,"viv":48,"hog":44,"dens":56,"est":4.4,"sup":64,"com":"El Poblado","mun":"Medellín"},"geometry":{"type":"Polygon","coordinates":[[[-75.573905,6.212809],[-75.573598,6.212787],[-75.573385,6.212791],[-75.573298,6.212785],[-75.573064,6.212741],[-75.572976,6.212706],[-75.572658,6.212482],[-75.572539,6.21242],[-75.572203,6.212274],[-75.572328,6.211979],[-75.572532,6.211457],[-75.573213,6.211718],[-75.573099,6.212021],[-75.572809,6.211911],[-75.57277,6.212008],[-75.573351,6.21224],[-75.573391,6.212135],[-75.573194,6.212057],[-75.573311,6.211752],[-75.573556,6.211843],[-75.573679,6.211901],[-75.573579,6.212139],[-75.5736,6.212148],[-75.573701,6.211912],[-75.573903,6.212002],[-75.574062,6.212098],[-75.57426,6.212241],[-75.573905,6.212809]]]}},{"type":"Feature","properties":{"per":0,"viv":0,"hog":0,"dens":0,"est":null,"sup":0,"com":"El Poblado","mun":"Medellín"},"geometry":{"type":"Polygon","coordinates":[[[-75.570872,6.209963],[-75.570915,6.20996],[-75.571266,6.210092],[-75.571297,6.210115],[-75.571319,6.210146],[-75.571331,6.210182],[-75.571332,6.210221],[-75.571306,6.210232],[-75.571145,6.210671],[-75.571161,6.210691],[-75.571139,6.210723],[-75.571108,6.210746],[-75.571072,6.210759],[-75.571034,6.210761],[-75.570707,6.210646],[-75.570685,6.210632],[-75.570645,6.210577],[-75.570642,6.210539],[-75.570653,6.210492],[-75.570831,6.210012],[-75.570843,6.209986],[-75.570872,6.209963]]]}},{"type":"Feature","properties":{"per":7,"viv":5,"hog":5,"dens":14,"est":4.8,"sup":4,"com":"El Poblado","mun":"Medellín"},"geometry":{"type":"Polygon","coordinates":[[[-75.570896,6.209848],[-75.571157,6.209157],[-75.57165,6.209346],[-75.571664,6.209361],[-75.571666,6.209383],[-75.57142,6.210043],[-75.570896,6.209848]]]}},{"type":"Feature","properties":{"per":0,"viv":0,"hog":0,"dens":0,"est":null,"sup":0,"com":"El Poblado","mun":"Medellín"},"geometry":{"type":"Polygon","coordinates":[[[-75.571448,6.208426],[-75.572755,6.208902],[-75.572509,6.209569],[-75.572489,6.209576],[-75.571207,6.209107],[-75.571197,6.209085],[-75.571434,6.208438],[-75.571448,6.208426]]]}},{"type":"Feature","properties":{"per":77,"viv":76,"hog":61,"dens":106,"est":4.7,"sup":66,"com":"El Poblado","mun":"Medellín"},"geometry":{"type":"Polygon","coordinates":[[[-75.572261,6.210465],[-75.572525,6.210554],[-75.573029,6.210751],[-75.573035,6.210765],[-75.572801,6.211396],[-75.572782,6.211405],[-75.572014,6.211114],[-75.572102,6.210854],[-75.572245,6.210475],[-75.572261,6.210465]]]}},{"type":"Feature","properties":{"per":0,"viv":0,"hog":0,"dens":0,"est":null,"sup":0,"com":"El Poblado","mun":"Medellín"},"geometry":{"type":"Polygon","coordinates":[[[-75.571223,6.2108],[-75.57142,6.21028],[-75.571426,6.210283],[-75.571468,6.210168],[-75.572195,6.210448],[-75.57195,6.211096],[-75.571235,6.210819],[-75.571223,6.2108]]]}},{"type":"Feature","properties":{"per":25,"viv":10,"hog":10,"dens":19,"est":5.0,"sup":19,"com":"El Poblado","mun":"Medellín"},"geometry":{"type":"Polygon","coordinates":[[[-75.572815,6.208925],[-75.574214,6.209456],[-75.573959,6.210133],[-75.572569,6.209606],[-75.572815,6.208925]]]}},{"type":"Feature","properties":{"per":9,"viv":8,"hog":6,"dens":11,"est":5.7,"sup":5,"com":"El Poblado","mun":"Medellín"},"geometry":{"type":"Polygon","coordinates":[[[-75.573074,6.210699],[-75.572275,6.210387],[-75.572412,6.209958],[-75.572523,6.209671],[-75.573352,6.209975],[-75.573074,6.210699]]]}},{"type":"Feature","properties":{"per":105,"viv":48,"hog":43,"dens":212,"est":5.9,"sup":55,"com":"El Poblado","mun":"Medellín"},"geometry":{"type":"Polygon","coordinates":[[[-75.573176,6.210711],[-75.573365,6.210216],[-75.573371,6.210218],[-75.573451,6.210005],[-75.573942,6.210193],[-75.573684,6.210901],[-75.573176,6.210711]]]}},{"type":"Feature","properties":{"per":167,"viv":121,"hog":92,"dens":152,"est":6.0,"sup":104,"com":"El Poblado","mun":"Medellín"},"geometry":{"type":"Polygon","coordinates":[[[-75.572911,6.208723],[-75.572963,6.208318],[-75.572978,6.208276],[-75.573187,6.208326],[-75.57337,6.208341],[-75.573475,6.208334],[-75.573608,6.208314],[-75.573838,6.208253],[-75.573907,6.208227],[-75.573946,6.208391],[-75.574029,6.208894],[-75.574215,6.209183],[-75.574232,6.209273],[-75.57423,6.209315],[-75.574219,6.209352],[-75.574213,6.209363],[-75.572863,6.208868],[-75.572911,6.208723]]]}},{"type":"Feature","properties":{"per":0,"viv":0,"hog":0,"dens":0,"est":null,"sup":0,"com":"El Poblado","mun":"Medellín"},"geometry":{"type":"Polygon","coordinates":[[[-75.571411,6.208353],[-75.571476,6.207735],[-75.571549,6.20774],[-75.571575,6.207734],[-75.571604,6.2077],[-75.571669,6.207661],[-75.571695,6.207656],[-75.57179,6.207661],[-75.571943,6.207724],[-75.571988,6.207726],[-75.572173,6.207709],[-75.572403,6.207661],[-75.57251,6.207669],[-75.572594,6.207722],[-75.572628,6.207762],[-75.572735,6.207941],[-75.57278,6.208082],[-75.572816,6.208113],[-75.572907,6.208153],[-75.572868,6.208661],[-75.572808,6.208847],[-75.572711,6.208812],[-75.572678,6.208777],[-75.572484,6.208706],[-75.57244,6.208705],[-75.572256,6.208643],[-75.571537,6.208376],[-75.571411,6.208353]]]}},{"type":"Feature","properties":{"per":13,"viv":9,"hog":9,"dens":19,"est":4.4,"sup":1,"com":"El Poblado","mun":"Medellín"},"geometry":{"type":"Polygon","coordinates":[[[-75.572185,6.210356],[-75.571486,6.210087],[-75.571763,6.209384],[-75.572272,6.20958],[-75.572456,6.209642],[-75.572185,6.210356]]]}},{"type":"Feature","properties":{"per":0,"viv":0,"hog":0,"dens":0,"est":null,"sup":0,"com":"El Poblado","mun":"Medellín"},"geometry":{"type":"Polygon","coordinates":[[[-75.573628,6.211007],[-75.573389,6.211645],[-75.572908,6.211451],[-75.572899,6.211432],[-75.573143,6.210798],[-75.573628,6.211007]]]}},{"type":"Feature","properties":{"per":23,"viv":13,"hog":12,"dens":39,"est":6.0,"sup":11,"com":"El Poblado","mun":"Medellín"},"geometry":{"type":"Polygon","coordinates":[[[-75.575221,6.209144],[-75.574815,6.209275],[-75.574724,6.209028],[-75.574601,6.208642],[-75.574533,6.208296],[-75.574493,6.208036],[-75.574634,6.208055],[-75.574689,6.208076],[-75.574757,6.20812],[-75.574874,6.208219],[-75.574927,6.208293],[-75.574947,6.208333],[-75.575015,6.208502],[-75.575221,6.209144]]]}},{"type":"Feature","properties":{"per":117,"viv":95,"hog":75,"dens":143,"est":5.8,"sup":70,"com":"El Poblado","mun":"Medellín"},"geometry":{"type":"Polygon","coordinates":[[[-75.574874,6.209379],[-75.575257,6.209255],[-75.575654,6.210483],[-75.575677,6.210609],[-75.575641,6.210934],[-75.575241,6.21089],[-75.575271,6.210618],[-75.574874,6.209379]]]}},{"type":"Feature","properties":{"per":0,"viv":0,"hog":0,"dens":0,"est":null,"sup":0,"com":"El Poblado","mun":"Medellín"},"geometry":{"type":"Polygon","coordinates":[[[-75.573442,6.211688],[-75.573542,6.21139],[-75.573567,6.2114],[-75.573886,6.210537],[-75.574444,6.210786],[-75.574819,6.210982],[-75.574763,6.210743],[-75.575104,6.210768],[-75.575063,6.211082],[-75.574858,6.210981],[-75.574864,6.211005],[-75.575108,6.211131],[-75.575121,6.21102],[-75.575203,6.211037],[-75.575205,6.211006],[-75.575598,6.211074],[-75.575561,6.211453],[-75.575605,6.211489],[-75.575617,6.211527],[-75.575532,6.212459],[-75.57551,6.212531],[-75.575342,6.212776],[-75.575308,6.212795],[-75.57527,6.21279],[-75.574962,6.212576],[-75.574941,6.212549],[-75.574932,6.212517],[-75.574683,6.212379],[-75.574476,6.212234],[-75.57389,6.21186],[-75.573442,6.211688]]]}},{"type":"Feature","properties":{"per":20,"viv":8,"hog":8,"dens":61,"est":5.8,"sup":7,"com":"El Poblado","mun":"Medellín"},"geometry":{"type":"Polygon","coordinates":[[[-75.575106,6.210754],[-75.574791,6.210726],[-75.574765,6.21058],[-75.574674,6.210228],[-75.574649,6.20998],[-75.5749,6.209873],[-75.575114,6.210553],[-75.575121,6.210628],[-75.575106,6.210754]]]}},{"type":"Feature","properties":{"per":50,"viv":80,"hog":25,"dens":85,"est":5.7,"sup":39,"com":"El Poblado","mun":"Medellín"},"geometry":{"type":"Polygon","coordinates":[[[-75.574132,6.208917],[-75.574087,6.208667],[-75.574287,6.208621],[-75.574284,6.208607],[-75.574085,6.208651],[-75.573992,6.208179],[-75.574083,6.208107],[-75.574187,6.208053],[-75.574291,6.208023],[-75.574398,6.208011],[-75.574438,6.208198],[-75.574226,6.20825],[-75.574233,6.208287],[-75.574446,6.208236],[-75.574535,6.20871],[-75.574725,6.209313],[-75.574483,6.2094],[-75.57437,6.208916],[-75.574152,6.208967],[-75.574132,6.208917]]]}},{"type":"Feature","properties":{"per":0,"viv":0,"hog":0,"dens":0,"est":null,"sup":0,"com":"El Poblado","mun":"Medellín"},"geometry":{"type":"Polygon","coordinates":[[[-75.573445,6.20075],[-75.57302,6.200496],[-75.573291,6.200009],[-75.573289,6.200096],[-75.573267,6.200181],[-75.573264,6.200227],[-75.573276,6.20032],[-75.573291,6.200364],[-75.573575,6.200534],[-75.573445,6.20075]]]}},{"type":"Feature","properties":{"per":53,"viv":59,"hog":28,"dens":47,"est":6.0,"sup":39,"com":"El Poblado","mun":"Medellín"},"geometry":{"type":"Polygon","coordinates":[[[-75.573591,6.201843],[-75.57264,6.20124],[-75.572849,6.200887],[-75.573213,6.201124],[-75.573262,6.201142],[-75.573267,6.201167],[-75.573262,6.201232],[-75.573677,6.201507],[-75.573726,6.201424],[-75.573432,6.201221],[-75.57335,6.201127],[-75.573334,6.201095],[-75.573622,6.200596],[-75.574329,6.200988],[-75.574211,6.201124],[-75.574186,6.201105],[-75.574047,6.201264],[-75.574068,6.201283],[-75.573909,6.201457],[-75.573922,6.201465],[-75.573591,6.201843]]]}},{"type":"Feature","properties":{"per":161,"viv":116,"hog":98,"dens":110,"est":6.0,"sup":118,"com":"El Poblado","mun":"Medellín"},"geometry":{"type":"Polygon","coordinates":[[[-75.57172,6.203951],[-75.57184,6.203508],[-75.571917,6.203532],[-75.572261,6.203672],[-75.572615,6.203863],[-75.572806,6.203949],[-75.572874,6.203993],[-75.572939,6.204089],[-75.573029,6.204175],[-75.573154,6.204211],[-75.573348,6.204302],[-75.573262,6.204462],[-75.573174,6.204557],[-75.573077,6.204624],[-75.572922,6.204679],[-75.572789,6.204695],[-75.5727,6.204686],[-75.572322,6.204606],[-75.571623,6.204437],[-75.57172,6.203951]]]}},{"type":"Feature","properties":{"per":323,"viv":138,"hog":123,"dens":136,"est":6.0,"sup":207,"com":"El Poblado","mun":"Medellín"},"geometry":{"type":"Polygon","coordinates":[[[-75.573195,6.202771],[-75.573288,6.202482],[-75.57342,6.202238],[-75.573456,6.202184],[-75.573483,6.202169],[-75.573514,6.202167],[-75.573608,6.202207],[-75.573648,6.202148],[-75.573602,6.202144],[-75.573567,6.202115],[-75.573553,6.202072],[-75.573566,6.202027],[-75.574018,6.201502],[-75.574446,6.201038],[-75.574469,6.201037],[-75.574643,6.201133],[-75.575149,6.201418],[-75.575175,6.201446],[-75.575186,6.20148],[-75.575174,6.201513],[-75.574895,6.201665],[-75.57464,6.201833],[-75.57447,6.202104],[-75.574416,6.202214],[-75.574113,6.202757],[-75.573872,6.202573],[-75.573859,6.202596],[-75.574078,6.202796],[-75.574058,6.202858],[-75.573829,6.203329],[-75.573817,6.203339],[-75.573754,6.203361],[-75.573664,6.20336],[-75.573085,6.203159],[-75.573195,6.202771]]]}},{"type":"Feature","properties":{"per":0,"viv":0,"hog":0,"dens":0,"est":null,"sup":0,"com":"El Poblado","mun":"Medellín"},"geometry":{"type":"Polygon","coordinates":[[[-75.572857,6.20073],[-75.572983,6.200532],[-75.573418,6.200797],[-75.573291,6.201014],[-75.572857,6.20073]]]}},{"type":"Feature","properties":{"per":133,"viv":55,"hog":47,"dens":102,"est":6.0,"sup":87,"com":"El Poblado","mun":"Medellín"},"geometry":{"type":"Polygon","coordinates":[[[-75.571859,6.203454],[-75.572037,6.202891],[-75.573046,6.203263],[-75.573059,6.203286],[-75.573425,6.203426],[-75.573461,6.20341],[-75.573605,6.203487],[-75.573628,6.203506],[-75.573657,6.203557],[-75.573661,6.203622],[-75.573641,6.2037],[-75.573431,6.204136],[-75.573244,6.204073],[-75.573147,6.204029],[-75.57304,6.203966],[-75.572945,6.203888],[-75.572901,6.203861],[-75.5728,6.20381],[-75.572595,6.203739],[-75.572277,6.203566],[-75.572164,6.203562],[-75.571982,6.203486],[-75.571859,6.203454]]]}},{"type":"Feature","properties":{"per":0,"viv":0,"hog":0,"dens":0,"est":null,"sup":0,"com":"El Poblado","mun":"Medellín"},"geometry":{"type":"Polygon","coordinates":[[[-75.572341,6.201963],[-75.57253,6.202055],[-75.572663,6.202131],[-75.572862,6.202146],[-75.573022,6.202212],[-75.573052,6.202239],[-75.573194,6.202432],[-75.573129,6.202591],[-75.572981,6.203102],[-75.572966,6.203119],[-75.572939,6.203122],[-75.572074,6.202817],[-75.572341,6.201963]]]}},{"type":"Feature","properties":{"per":0,"viv":0,"hog":0,"dens":0,"est":null,"sup":0,"com":"El Poblado","mun":"Medellín"},"geometry":{"type":"Polygon","coordinates":[[[-75.572361,6.201897],[-75.57259,6.201287],[-75.573203,6.201653],[-75.573543,6.201871],[-75.573506,6.201914],[-75.573235,6.202319],[-75.573067,6.202179],[-75.572878,6.202101],[-75.572697,6.202084],[-75.572361,6.201897]]]}},{"type":"Feature","properties":{"per":180,"viv":81,"hog":75,"dens":99,"est":5.9,"sup":101,"com":"El Poblado","mun":"Medellín"},"geometry":{"type":"Polygon","coordinates":[[[-75.572579,6.207654],[-75.572473,6.207619],[-75.572404,6.207617],[-75.572245,6.20766],[-75.572045,6.207685],[-75.571991,6.207683],[-75.571863,6.207653],[-75.571808,6.207631],[-75.571678,6.207641],[-75.571632,6.207634],[-75.571551,6.207638],[-75.571527,6.207655],[-75.571509,6.207692],[-75.571478,6.207696],[-75.571542,6.207325],[-75.571682,6.206723],[-75.571698,6.206728],[-75.571751,6.206383],[-75.57174,6.206381],[-75.571715,6.206351],[-75.571761,6.206165],[-75.571791,6.206131],[-75.571818,6.206125],[-75.572313,6.206204],[-75.572328,6.20622],[-75.572333,6.206234],[-75.57229,6.206582],[-75.572298,6.206659],[-75.572322,6.206721],[-75.572391,6.206818],[-75.572512,6.206925],[-75.572839,6.207144],[-75.572935,6.207723],[-75.57291,6.208106],[-75.572824,6.208081],[-75.572804,6.208057],[-75.572763,6.207926],[-75.57266,6.207738],[-75.572579,6.207654]]]}},{"type":"Feature","properties":{"per":600,"viv":274,"hog":253,"dens":159,"est":6.0,"sup":373,"com":"El Poblado","mun":"Medellín"},"geometry":{"type":"Polygon","coordinates":[[[-75.574033,6.20484],[-75.573547,6.205619],[-75.573496,6.205728],[-75.573401,6.206012],[-75.57312,6.206008],[-75.573013,6.20603],[-75.572979,6.206045],[-75.57293,6.206138],[-75.57291,6.206194],[-75.57288,6.206211],[-75.571654,6.206009],[-75.571541,6.205367],[-75.571528,6.205202],[-75.571528,6.204909],[-75.571583,6.204571],[-75.572462,6.204788],[-75.572729,6.204823],[-75.572889,6.20482],[-75.57299,6.204803],[-75.573096,6.204771],[-75.573215,6.204709],[-75.57329,6.204647],[-75.573356,6.204576],[-75.573431,6.204468],[-75.573476,6.204362],[-75.573504,6.204357],[-75.574125,6.204614],[-75.574033,6.20484]]]}},{"type":"Feature","properties":{"per":50,"viv":20,"hog":18,"dens":162,"est":5.0,"sup":33,"com":"El Poblado","mun":"Medellín"},"geometry":{"type":"Polygon","coordinates":[[[-75.57243,6.206263],[-75.572875,6.206331],[-75.572827,6.206702],[-75.572823,6.206987],[-75.572815,6.206999],[-75.572802,6.206999],[-75.572703,6.206939],[-75.572538,6.206825],[-75.572417,6.206706],[-75.572404,6.206661],[-75.572395,6.206585],[-75.572409,6.206395],[-75.57243,6.206263]]]}},{"type":"Feature","properties":{"per":853,"viv":349,"hog":326,"dens":146,"est":5.8,"sup":578,"com":"El Poblado","mun":"Medellín"},"geometry":{"type":"Polygon","coordinates":[[[-75.573759,6.203798],[-75.574271,6.202716],[-75.574278,6.20272],[-75.574343,6.202585],[-75.575048,6.202928],[-75.575045,6.202937],[-75.575087,6.202959],[-75.575094,6.202947],[-75.575483,6.203131],[-75.575548,6.203096],[-75.57558,6.203066],[-75.575675,6.203001],[-75.575714,6.202992],[-75.57574,6.202997],[-75.575759,6.203022],[-75.575774,6.203077],[-75.575773,6.203152],[-75.575761,6.203193],[-75.575669,6.203369],[-75.576995,6.203985],[-75.57688,6.205431],[-75.576864,6.205447],[-75.576818,6.205444],[-75.576538,6.20529],[-75.576424,6.205237],[-75.576112,6.205114],[-75.575449,6.204804],[-75.574371,6.204294],[-75.574042,6.20413],[-75.573864,6.204018],[-75.573792,6.203953],[-75.573769,6.203919],[-75.573753,6.203864],[-75.573759,6.203798]]]}},{"type":"Feature","properties":{"per":339,"viv":129,"hog":119,"dens":234,"est":6.0,"sup":194,"com":"El Poblado","mun":"Medellín"},"geometry":{"type":"Polygon","coordinates":[[[-75.574482,6.204722],[-75.57472,6.204796],[-75.574985,6.204921],[-75.57498,6.204944],[-75.574378,6.205962],[-75.57431,6.206136],[-75.574277,6.206334],[-75.574263,6.206348],[-75.574245,6.206351],[-75.573679,6.206071],[-75.573659,6.206084],[-75.573582,6.206067],[-75.573549,6.206034],[-75.57354,6.205974],[-75.573563,6.205881],[-75.573785,6.205481],[-75.574054,6.205102],[-75.574247,6.204751],[-75.574295,6.204685],[-75.574482,6.204722]]]}},{"type":"Feature","properties":{"per":1408,"viv":663,"hog":607,"dens":498,"est":5.9,"sup":960,"com":"El Poblado","mun":"Medellín"},"geometry":{"type":"Polygon","coordinates":[[[-75.575108,6.204988],[-75.576342,6.205561],[-75.576011,6.206284],[-75.575983,6.206295],[-75.575662,6.207013],[-75.57499,6.206701],[-75.574983,6.206718],[-75.574473,6.206481],[-75.574408,6.206441],[-75.574381,6.206357],[-75.574437,6.206115],[-75.574579,6.205861],[-75.575108,6.204988]]]}},{"type":"Feature","properties":{"per":353,"viv":122,"hog":122,"dens":244,"est":5.5,"sup":218,"com":"El Poblado","mun":"Medellín"},"geometry":{"type":"Polygon","coordinates":[[[-75.575741,6.207055],[-75.576416,6.205569],[-75.576819,6.205755],[-75.576709,6.206911],[-75.576676,6.20691],[-75.576665,6.207029],[-75.576697,6.20703],[-75.576648,6.207458],[-75.576621,6.207465],[-75.575741,6.207055]]]}},{"type":"Feature","properties":{"per":42,"viv":24,"hog":21,"dens":51,"est":5.6,"sup":23,"com":"El Poblado","mun":"Medellín"},"geometry":{"type":"Polygon","coordinates":[[[-75.573111,6.206118],[-75.57335,6.206125],[-75.57339,6.206136],[-75.573402,6.206148],[-75.573313,6.206468],[-75.573291,6.206602],[-75.573272,6.206818],[-75.573272,6.207004],[-75.573291,6.207186],[-75.573394,6.207746],[-75.57344,6.207957],[-75.573374,6.207988],[-75.573337,6.207995],[-75.5733,6.207995],[-75.573089,6.207922],[-75.573061,6.207901],[-75.573048,6.207881],[-75.573023,6.20769],[-75.572914,6.207105],[-75.5729,6.206931],[-75.572908,6.206757],[-75.572975,6.206319],[-75.573026,6.206185],[-75.573062,6.206144],[-75.573111,6.206118]]]}},{"type":"Feature","properties":{"per":55,"viv":25,"hog":23,"dens":74,"est":6.0,"sup":35,"com":"El Poblado","mun":"Medellín"},"geometry":{"type":"Polygon","coordinates":[[[-75.573487,6.206203],[-75.573501,6.20617],[-75.573807,6.206302],[-75.573823,6.206333],[-75.573749,6.206597],[-75.57373,6.206841],[-75.57373,6.206963],[-75.573735,6.207085],[-75.573764,6.207328],[-75.57385,6.207767],[-75.573658,6.20788],[-75.57354,6.207933],[-75.573517,6.207925],[-75.573504,6.207904],[-75.573369,6.207161],[-75.57335,6.206938],[-75.573354,6.206718],[-75.573407,6.20642],[-75.573473,6.206215],[-75.573487,6.206203]]]}},{"type":"Feature","properties":{"per":52,"viv":25,"hog":24,"dens":79,"est":6.0,"sup":30,"com":"El Poblado","mun":"Medellín"},"geometry":{"type":"Polygon","coordinates":[[[-75.573921,6.20775],[-75.573799,6.207148],[-75.573789,6.207051],[-75.573785,6.206953],[-75.573795,6.206735],[-75.573881,6.206373],[-75.573899,6.206356],[-75.57395,6.206389],[-75.574239,6.206528],[-75.574261,6.206554],[-75.574232,6.206764],[-75.574242,6.20707],[-75.57433,6.207618],[-75.574028,6.207697],[-75.573921,6.20775]]]}},{"type":"Feature","properties":{"per":43,"viv":20,"hog":20,"dens":35,"est":5.9,"sup":28,"com":"El Poblado","mun":"Medellín"},"geometry":{"type":"Polygon","coordinates":[[[-75.574478,6.207639],[-75.574417,6.207623],[-75.574337,6.207163],[-75.574645,6.207206],[-75.574912,6.207281],[-75.575061,6.207348],[-75.575225,6.207449],[-75.575377,6.207575],[-75.575535,6.207743],[-75.57559,6.207819],[-75.575706,6.208015],[-75.575799,6.208261],[-75.575997,6.208864],[-75.575992,6.20889],[-75.57563,6.209013],[-75.57559,6.209015],[-75.575382,6.208341],[-75.575314,6.2082],[-75.575221,6.20806],[-75.575167,6.207996],[-75.575047,6.207879],[-75.574871,6.207745],[-75.574747,6.207685],[-75.574682,6.207664],[-75.574547,6.207641],[-75.574478,6.207639]]]}},{"type":"Feature","properties":{"per":39,"viv":21,"hog":20,"dens":28,"est":5.4,"sup":16,"com":"El Poblado","mun":"Medellín"},"geometry":{"type":"Polygon","coordinates":[[[-75.57481,6.207112],[-75.574666,6.207082],[-75.574418,6.207085],[-75.574399,6.207075],[-75.574375,6.207024],[-75.574354,6.206825],[-75.574369,6.206624],[-75.574382,6.206598],[-75.574406,6.206593],[-75.574548,6.206663],[-75.574733,6.206736],[-75.575054,6.20689],[-75.575228,6.206962],[-75.5759,6.207281],[-75.576035,6.207358],[-75.576075,6.207453],[-75.576236,6.207936],[-75.576494,6.208733],[-75.576121,6.208856],[-75.575863,6.208075],[-75.575799,6.207927],[-75.575616,6.207649],[-75.575509,6.20752],[-75.575256,6.207313],[-75.575121,6.207232],[-75.57481,6.207112]]]}},{"type":"Feature","properties":{"per":0,"viv":0,"hog":0,"dens":0,"est":null,"sup":0,"com":"El Poblado","mun":"Medellín"},"geometry":{"type":"Polygon","coordinates":[[[-75.576502,6.208359],[-75.576189,6.207429],[-75.576589,6.20762],[-75.576625,6.207665],[-75.576632,6.207707],[-75.576583,6.208348],[-75.576574,6.208368],[-75.576557,6.208381],[-75.576528,6.208382],[-75.576502,6.208359]]]}},{"type":"Feature","properties":{"per":83,"viv":49,"hog":45,"dens":340,"est":6.0,"sup":63,"com":"El Poblado","mun":"Medellín"},"geometry":{"type":"Polygon","coordinates":[[[-75.576495,6.20886],[-75.576514,6.208867],[-75.576523,6.208885],[-75.57645,6.209595],[-75.576426,6.209625],[-75.576376,6.209635],[-75.576316,6.209634],[-75.576115,6.208987],[-75.576495,6.20886]]]}},{"type":"Feature","properties":{"per":90,"viv":70,"hog":59,"dens":71,"est":5.8,"sup":60,"com":"El Poblado","mun":"Medellín"},"geometry":{"type":"Polygon","coordinates":[[[-75.576219,6.212056],[-75.575938,6.21203],[-75.57607,6.210638],[-75.576067,6.210502],[-75.576057,6.210435],[-75.575807,6.209626],[-75.57564,6.209144],[-75.576038,6.209014],[-75.576393,6.210118],[-75.576393,6.210305],[-75.576372,6.210536],[-75.576219,6.212056]]]}},{"type":"Feature","properties":{"per":0,"viv":0,"hog":0,"dens":0,"est":null,"sup":0,"com":"El Poblado","mun":"Medellín"},"geometry":{"type":"Polygon","coordinates":[[[-75.575923,6.212144],[-75.575953,6.212051],[-75.576235,6.212081],[-75.576196,6.21248],[-75.576182,6.21275],[-75.576172,6.212782],[-75.576153,6.212809],[-75.576111,6.212835],[-75.576061,6.212836],[-75.576017,6.212814],[-75.575989,6.212773],[-75.575961,6.212693],[-75.575923,6.212529],[-75.575908,6.21237],[-75.575912,6.212219],[-75.575923,6.212144]]]}},{"type":"Feature","properties":{"per":0,"viv":0,"hog":0,"dens":0,"est":null,"sup":0,"com":"El Poblado","mun":"Medellín"},"geometry":{"type":"Polygon","coordinates":[[[-75.57668,6.210244],[-75.576723,6.209935],[-75.576778,6.20994],[-75.57679,6.209818],[-75.576735,6.209812],[-75.576827,6.208864],[-75.576859,6.208868],[-75.576861,6.20884],[-75.578002,6.208948],[-75.578002,6.208972],[-75.578058,6.20898],[-75.577627,6.21207],[-75.577564,6.212497],[-75.577554,6.212503],[-75.577476,6.212983],[-75.577445,6.213038],[-75.577397,6.21308],[-75.577314,6.213133],[-75.577237,6.213157],[-75.57708,6.213156],[-75.576907,6.213137],[-75.576841,6.213115],[-75.57677,6.213074],[-75.576715,6.213028],[-75.576593,6.212891],[-75.576509,6.212755],[-75.576461,6.212567],[-75.576604,6.210962],[-75.57668,6.210244]]]}},{"type":"Feature","properties":{"per":761,"viv":360,"hog":312,"dens":90,"est":5.1,"sup":508,"com":"El Poblado","mun":"Medellín"},"geometry":{"type":"Polygon","coordinates":[[[-75.576872,6.208743],[-75.576874,6.208716],[-75.57684,6.208713],[-75.577118,6.205769],[-75.5773,6.20361],[-75.577329,6.203566],[-75.577366,6.203537],[-75.577409,6.203519],[-75.577457,6.203515],[-75.577505,6.203525],[-75.578105,6.203756],[-75.578756,6.204017],[-75.57808,6.20883],[-75.57801,6.208823],[-75.578006,6.20885],[-75.576872,6.208743]]]}},{"type":"Feature","properties":{"per":20,"viv":30,"hog":15,"dens":4,"est":5.6,"sup":11,"com":"El Poblado","mun":"Medellín"},"geometry":{"type":"Polygon","coordinates":[[[-75.575491,6.200018],[-75.575484,6.200028],[-75.575301,6.199934],[-75.573788,6.199141],[-75.574423,6.197981],[-75.574578,6.197675],[-75.574685,6.197412],[-75.574834,6.196904],[-75.574864,6.196871],[-75.574975,6.196496],[-75.574985,6.196491],[-75.575108,6.196564],[-75.575284,6.196696],[-75.575338,6.1968],[-75.575382,6.197014],[-75.5754,6.197231],[-75.575414,6.197793],[-75.575405,6.198349],[-75.575429,6.198477],[-75.575462,6.198563],[-75.57553,6.198632],[-75.575651,6.198726],[-75.575652,6.198747],[-75.575949,6.198977],[-75.57597,6.198934],[-75.576194,6.199093],[-75.576246,6.199172],[-75.576266,6.199215],[-75.576289,6.19931],[-75.57629,6.199408],[-75.576176,6.199701],[-75.576141,6.199685],[-75.575928,6.200242],[-75.575491,6.200018]]]}},{"type":"Feature","properties":{"per":275,"viv":157,"hog":126,"dens":76,"est":5.6,"sup":177,"com":"El Poblado","mun":"Medellín"},"geometry":{"type":"Polygon","coordinates":[[[-75.577121,6.199346],[-75.577088,6.199278],[-75.577042,6.199233],[-75.57697,6.199135],[-75.576931,6.199124],[-75.576896,6.199126],[-75.576885,6.199129],[-75.57686,6.199161],[-75.576767,6.199175],[-75.576692,6.199119],[-75.576564,6.198945],[-75.576442,6.198882],[-75.576378,6.198876],[-75.576338,6.198892],[-75.576249,6.198798],[-75.576198,6.198789],[-75.576103,6.198583],[-75.576067,6.198532],[-75.576012,6.198475],[-75.57575,6.198336],[-75.57566,6.198262],[-75.575623,6.198176],[-75.575606,6.198076],[-75.575587,6.197628],[-75.575585,6.197361],[-75.575878,6.197549],[-75.57623,6.197755],[-75.576268,6.197694],[-75.576758,6.197066],[-75.57681,6.197088],[-75.576949,6.197101],[-75.576966,6.197082],[-75.576994,6.197102],[-75.577008,6.197133],[-75.577078,6.197177],[-75.577168,6.197199],[-75.577165,6.197234],[-75.577131,6.197284],[-75.577081,6.197326],[-75.576995,6.197357],[-75.577016,6.19739],[-75.577067,6.197428],[-75.577078,6.197462],[-75.577075,6.197475],[-75.577042,6.197496],[-75.577023,6.197495],[-75.577022,6.19758],[-75.577035,6.197643],[-75.577032,6.197675],[-75.577058,6.197745],[-75.577129,6.197848],[-75.577192,6.19791],[-75.577244,6.197988],[-75.577283,6.198016],[-75.577323,6.198019],[-75.577414,6.197981],[-75.577582,6.198056],[-75.577628,6.198235],[-75.577712,6.198332],[-75.577766,6.19844],[-75.577635,6.198867],[-75.577518,6.199336],[-75.577518,6.199393],[-75.577481,6.199399],[-75.577444,6.199394],[-75.577411,6.199376],[-75.577354,6.199325],[-75.577298,6.199348],[-75.577508,6.199525],[-75.577442,6.199895],[-75.577422,6.19992],[-75.577187,6.199856],[-75.57717,6.199846],[-75.577157,6.199825],[-75.57712,6.199723],[-75.57713,6.199523],[-75.577121,6.199346]]]}},{"type":"Feature","properties":{"per":512,"viv":234,"hog":202,"dens":184,"est":5.6,"sup":309,"com":"El Poblado","mun":"Medellín"},"geometry":{"type":"Polygon","coordinates":[[[-75.575933,6.200938],[-75.575925,6.200915],[-75.576024,6.200555],[-75.576311,6.199807],[-75.576386,6.199649],[-75.576414,6.199657],[-75.57646,6.199655],[-75.576465,6.199598],[-75.576482,6.199599],[-75.576486,6.199556],[-75.576464,6.199533],[-75.576488,6.19948],[-75.576515,6.199367],[-75.576513,6.199251],[-75.576502,6.199193],[-75.576458,6.199086],[-75.576427,6.199037],[-75.576373,6.198976],[-75.576328,6.198939],[-75.576248,6.198892],[-75.576198,6.198789],[-75.576249,6.198798],[-75.576338,6.198892],[-75.576378,6.198876],[-75.576442,6.198882],[-75.576564,6.198945],[-75.576692,6.199119],[-75.576767,6.199175],[-75.57686,6.199161],[-75.576885,6.199129],[-75.576896,6.199126],[-75.576931,6.199124],[-75.57697,6.199135],[-75.577042,6.199233],[-75.577088,6.199278],[-75.577121,6.199346],[-75.57713,6.199523],[-75.57712,6.199723],[-75.577157,6.199825],[-75.57717,6.199846],[-75.577187,6.199856],[-75.577422,6.19992],[-75.57727,6.201341],[-75.57726,6.201565],[-75.577198,6.201513],[-75.576947,6.20139],[-75.576176,6.200965],[-75.576098,6.200935],[-75.576057,6.200927],[-75.575974,6.200929],[-75.575933,6.200938]]]}},{"type":"Feature","properties":{"per":236,"viv":136,"hog":101,"dens":69,"est":6.0,"sup":159,"com":"El Poblado","mun":"Medellín"},"geometry":{"type":"Polygon","coordinates":[[[-75.574605,6.200947],[-75.574572,6.200928],[-75.574528,6.200979],[-75.574246,6.200809],[-75.573464,6.200363],[-75.573428,6.200336],[-75.573402,6.2003],[-75.573385,6.200252],[-75.573384,6.200197],[-75.573453,6.199922],[-75.573487,6.199819],[-75.573601,6.199524],[-75.573754,6.199249],[-75.575081,6.199916],[-75.5755,6.200136],[-75.575501,6.200119],[-75.575886,6.200317],[-75.575801,6.200478],[-75.575899,6.200539],[-75.575857,6.20064],[-75.575746,6.200584],[-75.575701,6.200669],[-75.575811,6.200727],[-75.575249,6.201367],[-75.574578,6.201],[-75.574605,6.200947]]]}},{"type":"Feature","properties":{"per":203,"viv":110,"hog":95,"dens":104,"est":6.0,"sup":132,"com":"El Poblado","mun":"Medellín"},"geometry":{"type":"Polygon","coordinates":[[[-75.575765,6.202936],[-75.575721,6.202925],[-75.575672,6.202933],[-75.575643,6.20295],[-75.575501,6.203078],[-75.575493,6.203076],[-75.575187,6.202932],[-75.575181,6.202943],[-75.574816,6.202751],[-75.57481,6.202763],[-75.574424,6.202574],[-75.574414,6.202556],[-75.574416,6.202537],[-75.574565,6.20223],[-75.574548,6.202218],[-75.574641,6.202057],[-75.574752,6.201918],[-75.574785,6.201889],[-75.574897,6.202019],[-75.574979,6.202095],[-75.575063,6.202239],[-75.575177,6.202343],[-75.576118,6.202757],[-75.576645,6.203008],[-75.576787,6.203106],[-75.576922,6.203244],[-75.576978,6.203335],[-75.577027,6.203452],[-75.57706,6.203577],[-75.57704,6.203816],[-75.577033,6.203836],[-75.577009,6.203853],[-75.576981,6.203852],[-75.575875,6.203348],[-75.575806,6.203285],[-75.57586,6.203123],[-75.57586,6.203066],[-75.575843,6.203022],[-75.575811,6.202978],[-75.575765,6.202936]]]}},{"type":"Feature","properties":{"per":0,"viv":0,"hog":0,"dens":0,"est":null,"sup":0,"com":"El Poblado","mun":"Medellín"},"geometry":{"type":"Polygon","coordinates":[[[-75.576872,6.202544],[-75.575797,6.202105],[-75.575717,6.202048],[-75.575654,6.201973],[-75.57563,6.201931],[-75.575597,6.201838],[-75.575597,6.201737],[-75.575615,6.201645],[-75.575692,6.20141],[-75.575835,6.201092],[-75.575886,6.201047],[-75.576008,6.201022],[-75.576071,6.201032],[-75.576133,6.201057],[-75.57623,6.201101],[-75.57678,6.201409],[-75.576872,6.201433],[-75.577142,6.201566],[-75.577191,6.201616],[-75.577217,6.201666],[-75.57723,6.20172],[-75.577174,6.202322],[-75.577149,6.202397],[-75.577113,6.202458],[-75.577057,6.202509],[-75.576968,6.202545],[-75.576872,6.202544]]]}},{"type":"Feature","properties":{"per":0,"viv":1,"hog":0,"dens":0,"est":null,"sup":0,"com":"El Poblado","mun":"Medellín"},"geometry":{"type":"Polygon","coordinates":[[[-75.576593,6.194519],[-75.576619,6.194503],[-75.576642,6.19451],[-75.577057,6.194936],[-75.577056,6.194968],[-75.577041,6.195003],[-75.5769,6.195163],[-75.57661,6.19541],[-75.576461,6.195528],[-75.576449,6.19553],[-75.576404,6.195506],[-75.576058,6.19516],[-75.576034,6.195122],[-75.576033,6.195105],[-75.576084,6.195039],[-75.576343,6.194824],[-75.576413,6.194754],[-75.576538,6.194601],[-75.576593,6.194519]]]}},{"type":"Feature","properties":{"per":15,"viv":5,"hog":5,"dens":24,"est":5.8,"sup":9,"com":"El Poblado","mun":"Medellín"},"geometry":{"type":"Polygon","coordinates":[[[-75.576646,6.193787],[-75.576702,6.193768],[-75.576898,6.193787],[-75.577132,6.193877],[-75.577271,6.193947],[-75.577305,6.193976],[-75.577309,6.19405],[-75.577294,6.194164],[-75.577281,6.194419],[-75.577266,6.194505],[-75.577255,6.194558],[-75.577147,6.194855],[-75.577126,6.194867],[-75.57708,6.194851],[-75.576654,6.194423],[-75.576655,6.194382],[-75.576704,6.194146],[-75.576646,6.193787]]]}},{"type":"Feature","properties":{"per":53,"viv":18,"hog":18,"dens":75,"est":5.1,"sup":35,"com":"El Poblado","mun":"Medellín"},"geometry":{"type":"Polygon","coordinates":[[[-75.577821,6.194973],[-75.577836,6.194943],[-75.578034,6.194747],[-75.578086,6.194679],[-75.57836,6.194701],[-75.578712,6.194766],[-75.578882,6.194874],[-75.579023,6.195013],[-75.579063,6.195066],[-75.579089,6.195137],[-75.579094,6.19525],[-75.578989,6.19521],[-75.57888,6.195434],[-75.578871,6.195467],[-75.577941,6.195073],[-75.577821,6.194973]]]}},{"type":"Feature","properties":{"per":24,"viv":10,"hog":8,"dens":24,"est":5.5,"sup":10,"com":"El Poblado","mun":"Medellín"},"geometry":{"type":"Polygon","coordinates":[[[-75.578328,6.196665],[-75.578294,6.196671],[-75.578226,6.196665],[-75.578007,6.196567],[-75.578002,6.196548],[-75.578435,6.195616],[-75.577873,6.195383],[-75.577766,6.195322],[-75.577667,6.195248],[-75.57723,6.194815],[-75.57734,6.194587],[-75.577369,6.194598],[-75.577843,6.195066],[-75.577914,6.195118],[-75.577977,6.195154],[-75.578168,6.195226],[-75.578543,6.195388],[-75.578834,6.19552],[-75.57885,6.195536],[-75.578849,6.195552],[-75.578328,6.196665]]]}},{"type":"Feature","properties":{"per":0,"viv":2,"hog":0,"dens":0,"est":null,"sup":0,"com":"El Poblado","mun":"Medellín"},"geometry":{"type":"Polygon","coordinates":[[[-75.577791,6.195427],[-75.577694,6.195656],[-75.577436,6.195503],[-75.577042,6.195095],[-75.577201,6.19489],[-75.577652,6.195324],[-75.577787,6.195412],[-75.577791,6.195427]]]}},{"type":"Feature","properties":{"per":50,"viv":29,"hog":23,"dens":59,"est":5.4,"sup":32,"com":"El Poblado","mun":"Medellín"},"geometry":{"type":"Polygon","coordinates":[[[-75.576991,6.19517],[-75.57702,6.195183],[-75.577438,6.195571],[-75.577678,6.195741],[-75.577677,6.195755],[-75.577404,6.196313],[-75.577243,6.196239],[-75.577093,6.196146],[-75.577023,6.196093],[-75.576767,6.195863],[-75.576504,6.195597],[-75.576503,6.195579],[-75.576513,6.19556],[-75.57687,6.19528],[-75.576972,6.195176],[-75.576991,6.19517]]]}},{"type":"Feature","properties":{"per":0,"viv":0,"hog":0,"dens":0,"est":null,"sup":0,"com":"El Poblado","mun":"Medellín"},"geometry":{"type":"Polygon","coordinates":[[[-75.578332,6.195695],[-75.577945,6.196542],[-75.577478,6.196348],[-75.577798,6.195695],[-75.577745,6.195665],[-75.577837,6.19544],[-75.578309,6.195643],[-75.578332,6.195695]]]}},{"type":"Feature","properties":{"per":997,"viv":652,"hog":432,"dens":180,"est":6.0,"sup":698,"com":"El Poblado","mun":"Medellín"},"geometry":{"type":"Polygon","coordinates":[[[-75.577582,6.198056],[-75.577414,6.197981],[-75.577323,6.198019],[-75.577283,6.198016],[-75.577244,6.197988],[-75.577192,6.19791],[-75.577129,6.197848],[-75.577075,6.197776],[-75.577032,6.197675],[-75.577035,6.197643],[-75.577022,6.19758],[-75.577023,6.197507],[-75.577023,6.197495],[-75.577042,6.197496],[-75.577075,6.197475],[-75.577078,6.197462],[-75.577067,6.197428],[-75.577016,6.19739],[-75.576995,6.197357],[-75.577081,6.197326],[-75.577131,6.197284],[-75.577165,6.197234],[-75.577168,6.197199],[-75.577078,6.197177],[-75.577008,6.197133],[-75.576994,6.197102],[-75.576966,6.197082],[-75.576949,6.197101],[-75.57681,6.197088],[-75.576758,6.197066],[-75.576267,6.197696],[-75.576045,6.19755],[-75.576008,6.197556],[-75.575613,6.197296],[-75.575604,6.196999],[-75.575591,6.196883],[-75.575563,6.196769],[-75.575484,6.196546],[-75.575257,6.196331],[-75.575228,6.196292],[-75.575203,6.196249],[-75.57517,6.196157],[-75.575159,6.19606],[-75.575171,6.195975],[-75.57523,6.195874],[-75.575372,6.195727],[-75.575565,6.195544],[-75.575854,6.19529],[-75.575914,6.195264],[-75.575975,6.195257],[-75.576039,6.195267],[-75.576098,6.195297],[-75.576195,6.195392],[-75.5762,6.195408],[-75.576193,6.195422],[-75.576314,6.195532],[-75.57632,6.195526],[-75.576351,6.195553],[-75.576384,6.195553],[-75.576412,6.195568],[-75.576818,6.195973],[-75.576824,6.196003],[-75.576815,6.196032],[-75.576583,6.196321],[-75.57656,6.196368],[-75.576517,6.196508],[-75.576455,6.196585],[-75.576451,6.196648],[-75.576472,6.196682],[-75.576496,6.1967],[-75.576524,6.19671],[-75.576566,6.196709],[-75.576595,6.196696],[-75.576624,6.196665],[-75.576634,6.196639],[-75.576633,6.19661],[-75.576623,6.196583],[-75.576592,6.196542],[-75.576584,6.196505],[-75.576604,6.196411],[-75.576636,6.196349],[-75.576878,6.196054],[-75.577107,6.196226],[-75.577302,6.196341],[-75.577832,6.196577],[-75.578261,6.196721],[-75.578066,6.197154],[-75.578033,6.197186],[-75.578,6.197193],[-75.577968,6.197184],[-75.577687,6.196991],[-75.577537,6.197211],[-75.577506,6.197271],[-75.577466,6.197327],[-75.577458,6.197353],[-75.577428,6.19737],[-75.577412,6.197392],[-75.577408,6.197416],[-75.577415,6.19744],[-75.57748,6.197513],[-75.577538,6.197446],[-75.577537,6.197417],[-75.577522,6.197375],[-75.577527,6.197362],[-75.577662,6.197156],[-75.577697,6.197114],[-75.57773,6.197115],[-75.577954,6.197262],[-75.578004,6.197267],[-75.578041,6.197255],[-75.578078,6.197224],[-75.578168,6.197074],[-75.578336,6.196721],[-75.578348,6.196707],[-75.578461,6.196735],[-75.57816,6.197409],[-75.577973,6.197851],[-75.577766,6.19844],[-75.577712,6.198332],[-75.577628,6.198235],[-75.577582,6.198056]]]}},{"type":"Feature","properties":{"per":0,"viv":1,"hog":0,"dens":0,"est":null,"sup":0,"com":"El Poblado","mun":"Medellín"},"geometry":{"type":"Polygon","coordinates":[[[-75.577821,6.194973],[-75.577359,6.194512],[-75.577377,6.194256],[-75.577394,6.194249],[-75.577541,6.194387],[-75.577718,6.194533],[-75.577866,6.194629],[-75.577951,6.194663],[-75.578086,6.194679],[-75.578034,6.194747],[-75.577836,6.194943],[-75.577821,6.194973]]]}},{"type":"Feature","properties":{"per":0,"viv":2,"hog":0,"dens":0,"est":null,"sup":0,"com":"El Poblado","mun":"Medellín"},"geometry":{"type":"Polygon","coordinates":[[[-75.579322,6.196108],[-75.578972,6.1971],[-75.578634,6.197056],[-75.578639,6.197028],[-75.578772,6.196719],[-75.579324,6.195461],[-75.579369,6.195388],[-75.579428,6.195335],[-75.579565,6.19539],[-75.579492,6.19567],[-75.579322,6.196108]]]}},{"type":"Feature","properties":{"per":11,"viv":6,"hog":4,"dens":11,"est":6.0,"sup":8,"com":"El Poblado","mun":"Medellín"},"geometry":{"type":"Polygon","coordinates":[[[-75.580063,6.195653],[-75.5799,6.196107],[-75.579745,6.196589],[-75.579531,6.197182],[-75.579518,6.197187],[-75.579354,6.197171],[-75.579071,6.19713],[-75.579042,6.197117],[-75.579041,6.197097],[-75.579241,6.19649],[-75.579533,6.195729],[-75.579615,6.195498],[-75.580063,6.195653]]]}},{"type":"Feature","properties":{"per":7,"viv":4,"hog":4,"dens":7,"est":4.5,"sup":0,"com":"El Poblado","mun":"Medellín"},"geometry":{"type":"Polygon","coordinates":[[[-75.580161,6.195698],[-75.580573,6.195854],[-75.580546,6.196127],[-75.580121,6.197269],[-75.580111,6.197278],[-75.579622,6.197205],[-75.579603,6.197196],[-75.579602,6.197172],[-75.579707,6.196858],[-75.57989,6.196387],[-75.579992,6.196081],[-75.580137,6.195696],[-75.580161,6.195698]]]}},{"type":"Feature","properties":{"per":28,"viv":31,"hog":20,"dens":2,"est":5.9,"sup":24,"com":"El Poblado","mun":"Medellín"},"geometry":{"type":"Polygon","coordinates":[[[-75.577443,6.201846],[-75.577488,6.201844],[-75.577509,6.201599],[-75.577526,6.201499],[-75.577493,6.201378],[-75.577691,6.20002],[-75.577741,6.199614],[-75.577889,6.198986],[-75.577959,6.198815],[-75.578133,6.19829],[-75.578125,6.198268],[-75.578196,6.198036],[-75.578235,6.198013],[-75.578346,6.197903],[-75.578401,6.197815],[-75.57858,6.197396],[-75.578552,6.197385],[-75.57856,6.19735],[-75.578639,6.197362],[-75.578748,6.197153],[-75.579172,6.197207],[-75.580069,6.197338],[-75.580007,6.197575],[-75.579795,6.198228],[-75.579519,6.199249],[-75.57948,6.199247],[-75.579466,6.199318],[-75.579495,6.199322],[-75.579213,6.200809],[-75.578982,6.202487],[-75.578955,6.202816],[-75.578421,6.203085],[-75.578326,6.203119],[-75.578226,6.203133],[-75.578125,6.203127],[-75.57798,6.203077],[-75.57756,6.202874],[-75.577481,6.202786],[-75.57745,6.202735],[-75.577407,6.202624],[-75.577396,6.202566],[-75.577436,6.201874],[-75.577443,6.201846]]]}},{"type":"Feature","properties":{"per":0,"viv":0,"hog":0,"dens":0,"est":null,"sup":0,"com":"El Poblado","mun":"Medellín"},"geometry":{"type":"Polygon","coordinates":[[[-75.578722,6.194396],[-75.578872,6.193989],[-75.578906,6.193994],[-75.579027,6.193935],[-75.579169,6.193562],[-75.579204,6.193574],[-75.579331,6.193209],[-75.579681,6.193328],[-75.579655,6.193489],[-75.579598,6.193645],[-75.579545,6.193837],[-75.579436,6.194008],[-75.579248,6.194175],[-75.578982,6.194334],[-75.578882,6.194377],[-75.57883,6.19439],[-75.578722,6.194396]]]}},{"type":"Feature","properties":{"per":789,"viv":378,"hog":342,"dens":152,"est":5.7,"sup":517,"com":"El Poblado","mun":"Medellín"},"geometry":{"type":"Polygon","coordinates":[[[-75.577531,6.19389],[-75.577464,6.193767],[-75.577809,6.19349],[-75.577838,6.193515],[-75.577875,6.193525],[-75.577912,6.193519],[-75.577944,6.193498],[-75.577968,6.193446],[-75.577955,6.19339],[-75.578032,6.193263],[-75.578106,6.193122],[-75.578119,6.193074],[-75.578116,6.193004],[-75.578089,6.192938],[-75.578035,6.192863],[-75.577941,6.19278],[-75.577898,6.192713],[-75.577885,6.192673],[-75.577886,6.192603],[-75.577872,6.192515],[-75.577854,6.192461],[-75.577825,6.192411],[-75.577757,6.192338],[-75.577621,6.192252],[-75.577802,6.191964],[-75.578095,6.192157],[-75.578152,6.192182],[-75.57827,6.192214],[-75.578393,6.192221],[-75.578454,6.192215],[-75.578573,6.192186],[-75.578684,6.192134],[-75.579449,6.191601],[-75.579529,6.191485],[-75.579597,6.191323],[-75.579611,6.191325],[-75.579662,6.191161],[-75.579695,6.191082],[-75.57973,6.191007],[-75.579777,6.190933],[-75.579835,6.190863],[-75.579971,6.190751],[-75.580073,6.19071],[-75.580149,6.190706],[-75.580159,6.190754],[-75.580084,6.191092],[-75.580041,6.191374],[-75.580055,6.191667],[-75.579978,6.192375],[-75.579963,6.192412],[-75.579917,6.192447],[-75.579883,6.192452],[-75.579789,6.192434],[-75.579771,6.192547],[-75.579881,6.192564],[-75.579888,6.192614],[-75.579708,6.193241],[-75.579278,6.193132],[-75.579156,6.19345],[-75.579128,6.193452],[-75.578968,6.19385],[-75.578939,6.193878],[-75.578884,6.193897],[-75.578846,6.193882],[-75.57863,6.194388],[-75.57828,6.194302],[-75.578011,6.194208],[-75.577793,6.194101],[-75.577704,6.194047],[-75.577597,6.193971],[-75.577531,6.19389]]]}},{"type":"Feature","properties":{"per":506,"viv":277,"hog":211,"dens":248,"est":6.0,"sup":331,"com":"El Poblado","mun":"Medellín"},"geometry":{"type":"Polygon","coordinates":[[[-75.576628,6.192897],[-75.576583,6.192821],[-75.576553,6.19274],[-75.576558,6.192711],[-75.576581,6.192694],[-75.576604,6.192696],[-75.576743,6.192763],[-75.576987,6.192896],[-75.577014,6.192847],[-75.576545,6.192617],[-75.576488,6.192473],[-75.576508,6.192303],[-75.576545,6.192136],[-75.576614,6.191932],[-75.576709,6.191739],[-75.577067,6.191967],[-75.577324,6.192148],[-75.577562,6.192294],[-75.577723,6.192404],[-75.577777,6.192469],[-75.577792,6.192501],[-75.577807,6.192549],[-75.57782,6.192674],[-75.577846,6.192764],[-75.57788,6.192818],[-75.578031,6.192958],[-75.578059,6.193014],[-75.578061,6.193042],[-75.578043,6.193118],[-75.577949,6.193304],[-75.577863,6.193349],[-75.577813,6.193401],[-75.5778,6.19343],[-75.577798,6.193463],[-75.57748,6.193713],[-75.577403,6.193569],[-75.577301,6.193445],[-75.577204,6.193362],[-75.576828,6.193099],[-75.576699,6.192982],[-75.576628,6.192897]]]}},{"type":"Feature","properties":{"per":125,"viv":57,"hog":47,"dens":267,"est":5.9,"sup":80,"com":"El Poblado","mun":"Medellín"},"geometry":{"type":"Polygon","coordinates":[[[-75.576832,6.191316],[-75.577753,6.191931],[-75.577573,6.192223],[-75.576705,6.191682],[-75.576832,6.191316]]]}},{"type":"Feature","properties":{"per":0,"viv":0,"hog":0,"dens":0,"est":null,"sup":0,"com":"El Poblado","mun":"Medellín"},"geometry":{"type":"Polygon","coordinates":[[[-75.577068,6.19045],[-75.577107,6.190428],[-75.57748,6.19053],[-75.5775,6.190553],[-75.577356,6.191103],[-75.577334,6.19113],[-75.5773,6.191254],[-75.577318,6.191276],[-75.577262,6.191483],[-75.577244,6.191497],[-75.577228,6.191493],[-75.576856,6.191255],[-75.576843,6.191235],[-75.577068,6.19045]]]}},{"type":"Feature","properties":{"per":330,"viv":148,"hog":134,"dens":297,"est":6.0,"sup":204,"com":"El Poblado","mun":"Medellín"},"geometry":{"type":"Polygon","coordinates":[[[-75.578054,6.192061],[-75.578105,6.191861],[-75.578137,6.19187],[-75.57817,6.191748],[-75.578217,6.191625],[-75.578302,6.19131],[-75.578305,6.191248],[-75.578288,6.191243],[-75.578405,6.190816],[-75.57844,6.1908],[-75.579115,6.190992],[-75.579129,6.191014],[-75.579131,6.19104],[-75.579037,6.191381],[-75.578997,6.191424],[-75.57898,6.191419],[-75.578878,6.191772],[-75.578931,6.191786],[-75.578903,6.19189],[-75.578883,6.191919],[-75.578577,6.19212],[-75.578519,6.192135],[-75.57838,6.192147],[-75.578248,6.192139],[-75.578165,6.192116],[-75.578054,6.192061]]]}},{"type":"Feature","properties":{"per":149,"viv":69,"hog":63,"dens":144,"est":6.0,"sup":103,"com":"El Poblado","mun":"Medellín"},"geometry":{"type":"Polygon","coordinates":[[[-75.577406,6.191317],[-75.577428,6.191304],[-75.57746,6.191312],[-75.577479,6.191238],[-75.57746,6.191209],[-75.577453,6.191121],[-75.577597,6.190593],[-75.577611,6.190576],[-75.577638,6.190572],[-75.578291,6.190752],[-75.578309,6.190767],[-75.578313,6.190792],[-75.578118,6.191507],[-75.578072,6.191559],[-75.578044,6.191661],[-75.578045,6.19173],[-75.577988,6.192012],[-75.577339,6.191552],[-75.577406,6.191317]]]}},{"type":"Feature","properties":{"per":629,"viv":265,"hog":241,"dens":178,"est":5.9,"sup":405,"com":"El Poblado","mun":"Medellín"},"geometry":{"type":"Polygon","coordinates":[[[-75.579253,6.191009],[-75.579302,6.190849],[-75.579255,6.190837],[-75.579419,6.190246],[-75.579455,6.190173],[-75.579489,6.190052],[-75.579475,6.190014],[-75.579444,6.189991],[-75.579393,6.189988],[-75.579375,6.189998],[-75.579355,6.190022],[-75.579326,6.190139],[-75.579324,6.190213],[-75.579156,6.190851],[-75.579144,6.190865],[-75.579122,6.190868],[-75.578463,6.190687],[-75.578442,6.190661],[-75.578769,6.18944],[-75.578998,6.188522],[-75.579012,6.18851],[-75.579028,6.188519],[-75.579091,6.188674],[-75.579174,6.188779],[-75.579226,6.188818],[-75.579475,6.188964],[-75.57971,6.189119],[-75.579778,6.189184],[-75.579833,6.189255],[-75.579888,6.189336],[-75.58014,6.189868],[-75.580255,6.190154],[-75.580283,6.190318],[-75.580188,6.190601],[-75.580163,6.190613],[-75.58009,6.190613],[-75.580035,6.190622],[-75.579951,6.190659],[-75.579832,6.190751],[-75.579715,6.190885],[-75.579661,6.190974],[-75.579609,6.191084],[-75.579508,6.191389],[-75.579444,6.191491],[-75.579377,6.191555],[-75.579,6.191829],[-75.578986,6.191831],[-75.578975,6.191812],[-75.579036,6.191619],[-75.579071,6.1916],[-75.579091,6.191565],[-75.579111,6.191363],[-75.579191,6.191081],[-75.579253,6.191009]]]}},{"type":"Feature","properties":{"per":0,"viv":2,"hog":0,"dens":0,"est":null,"sup":0,"com":"El Poblado","mun":"Medellín"},"geometry":{"type":"Polygon","coordinates":[[[-75.57795,6.18896],[-75.577858,6.189357],[-75.577567,6.190452],[-75.577525,6.190455],[-75.57711,6.19034],[-75.577371,6.189508],[-75.577409,6.189459],[-75.577578,6.18898],[-75.57779,6.188109],[-75.577782,6.188107],[-75.577829,6.187818],[-75.577864,6.187828],[-75.577954,6.187554],[-75.578201,6.187605],[-75.578245,6.187624],[-75.578275,6.18766],[-75.578286,6.187706],[-75.57795,6.18896]]]}},{"type":"Feature","properties":{"per":637,"viv":277,"hog":262,"dens":248,"est":6.0,"sup":394,"com":"El Poblado","mun":"Medellín"},"geometry":{"type":"Polygon","coordinates":[[[-75.578975,6.188311],[-75.578455,6.190241],[-75.578363,6.190662],[-75.578346,6.19067],[-75.577638,6.190479],[-75.577628,6.190459],[-75.578132,6.188567],[-75.578348,6.187794],[-75.578371,6.18775],[-75.578406,6.187714],[-75.578451,6.187691],[-75.578497,6.187684],[-75.578528,6.187686],[-75.578753,6.187749],[-75.5788,6.187785],[-75.578818,6.187818],[-75.578975,6.188311]]]}},{"type":"Feature","properties":{"per":0,"viv":0,"hog":0,"dens":0,"est":null,"sup":0,"com":"El Poblado","mun":"Medellín"},"geometry":{"type":"Polygon","coordinates":[[[-75.580215,6.187469],[-75.580255,6.18749],[-75.580522,6.187685],[-75.580826,6.187884],[-75.580863,6.187952],[-75.580872,6.18799],[-75.580872,6.188067],[-75.580848,6.18814],[-75.580582,6.188671],[-75.580543,6.188708],[-75.580508,6.188721],[-75.580471,6.188723],[-75.580436,6.188713],[-75.580393,6.188678],[-75.580191,6.188121],[-75.580044,6.187652],[-75.580058,6.187569],[-75.580088,6.187522],[-75.580159,6.187477],[-75.580215,6.187469]]]}},{"type":"Feature","properties":{"per":900,"viv":439,"hog":379,"dens":222,"est":6.0,"sup":594,"com":"El Poblado","mun":"Medellín"},"geometry":{"type":"Polygon","coordinates":[[[-75.580064,6.186336],[-75.579937,6.186462],[-75.579573,6.186762],[-75.579506,6.186687],[-75.579455,6.186648],[-75.579387,6.18662],[-75.57931,6.186612],[-75.579201,6.186708],[-75.578688,6.187206],[-75.578354,6.187554],[-75.578039,6.18748],[-75.578014,6.187461],[-75.57801,6.187442],[-75.578252,6.186819],[-75.57869,6.185781],[-75.579024,6.184886],[-75.579189,6.184938],[-75.579228,6.184825],[-75.579061,6.184773],[-75.579231,6.184371],[-75.579421,6.184016],[-75.579488,6.183966],[-75.579574,6.183995],[-75.579674,6.184097],[-75.579762,6.184297],[-75.579863,6.185009],[-75.579928,6.185361],[-75.580004,6.185639],[-75.580073,6.186186],[-75.580064,6.186336]]]}},{"type":"Feature","properties":{"per":1042,"viv":541,"hog":472,"dens":292,"est":5.8,"sup":753,"com":"El Poblado","mun":"Medellín"},"geometry":{"type":"Polygon","coordinates":[[[-75.580025,6.189311],[-75.579398,6.187738],[-75.57943,6.187718],[-75.579408,6.187664],[-75.579266,6.18772],[-75.57929,6.187777],[-75.579321,6.187771],[-75.579457,6.188085],[-75.579615,6.188497],[-75.579894,6.189173],[-75.579872,6.189182],[-75.579835,6.189116],[-75.579777,6.189065],[-75.579616,6.188956],[-75.579324,6.188778],[-75.579221,6.18868],[-75.57912,6.188495],[-75.579048,6.188226],[-75.578909,6.187787],[-75.57886,6.187717],[-75.578791,6.187666],[-75.578751,6.18765],[-75.578509,6.18759],[-75.578483,6.187562],[-75.578489,6.18753],[-75.579252,6.186717],[-75.579262,6.186713],[-75.579319,6.18671],[-75.579398,6.186739],[-75.579644,6.186984],[-75.579776,6.187134],[-75.580089,6.187994],[-75.580344,6.18874],[-75.580398,6.188785],[-75.580465,6.18881],[-75.580544,6.188809],[-75.580617,6.18878],[-75.580685,6.188731],[-75.580835,6.188451],[-75.580869,6.188457],[-75.581005,6.18852],[-75.581043,6.188556],[-75.58062,6.18946],[-75.580359,6.190077],[-75.580351,6.190083],[-75.580332,6.190076],[-75.580044,6.189489],[-75.580042,6.189412],[-75.580025,6.189311]]]}},{"type":"Feature","properties":{"per":359,"viv":195,"hog":173,"dens":276,"est":5.7,"sup":237,"com":"El Poblado","mun":"Medellín"},"geometry":{"type":"Polygon","coordinates":[[[-75.579947,6.186543],[-75.580138,6.186396],[-75.580173,6.18641],[-75.580223,6.18662],[-75.580354,6.18685],[-75.580709,6.187186],[-75.581149,6.187495],[-75.581308,6.187636],[-75.581387,6.18774],[-75.581394,6.187802],[-75.581105,6.188445],[-75.58107,6.188443],[-75.580885,6.188366],[-75.580868,6.188352],[-75.580859,6.188331],[-75.580938,6.188129],[-75.580958,6.188029],[-75.580957,6.187936],[-75.58093,6.187857],[-75.580368,6.187479],[-75.579808,6.187058],[-75.579648,6.186841],[-75.579947,6.186543]]]}},{"type":"Feature","properties":{"per":0,"viv":2,"hog":0,"dens":0,"est":null,"sup":0,"com":"El Poblado","mun":"Medellín"},"geometry":{"type":"Polygon","coordinates":[[[-75.581301,6.192668],[-75.581467,6.191946],[-75.581903,6.192051],[-75.58172,6.192789],[-75.581616,6.193129],[-75.581212,6.192927],[-75.581301,6.192668]]]}},{"type":"Feature","properties":{"per":585,"viv":255,"hog":233,"dens":242,"est":5.6,"sup":377,"com":"El Poblado","mun":"Medellín"},"geometry":{"type":"Polygon","coordinates":[[[-75.582329,6.189616],[-75.581468,6.189298],[-75.581495,6.189225],[-75.581444,6.189207],[-75.581404,6.189242],[-75.581352,6.189255],[-75.581116,6.18916],[-75.581091,6.18914],[-75.581073,6.189114],[-75.581065,6.189083],[-75.581289,6.188487],[-75.581423,6.188166],[-75.581511,6.187992],[-75.581558,6.187962],[-75.582577,6.188268],[-75.582636,6.18828],[-75.582769,6.188342],[-75.58281,6.188426],[-75.582848,6.188549],[-75.582836,6.188685],[-75.58266,6.189127],[-75.58256,6.189489],[-75.582477,6.189625],[-75.582401,6.189633],[-75.582329,6.189616]]]}},{"type":"Feature","properties":{"per":842,"viv":431,"hog":386,"dens":337,"est":5.7,"sup":560,"com":"El Poblado","mun":"Medellín"},"geometry":{"type":"Polygon","coordinates":[[[-75.581721,6.190926],[-75.580603,6.190347],[-75.580575,6.190328],[-75.580548,6.190285],[-75.58079,6.189783],[-75.581018,6.189248],[-75.581062,6.189257],[-75.582292,6.189708],[-75.582342,6.18974],[-75.582376,6.189791],[-75.582388,6.189836],[-75.582386,6.189884],[-75.582159,6.190977],[-75.582146,6.190992],[-75.582126,6.190999],[-75.581721,6.190926]]]}},{"type":"Feature","properties":{"per":0,"viv":1,"hog":0,"dens":0,"est":null,"sup":0,"com":"El Poblado","mun":"Medellín"},"geometry":{"type":"Polygon","coordinates":[[[-75.58171,6.190993],[-75.581739,6.190994],[-75.582085,6.191089],[-75.582104,6.191104],[-75.582108,6.191127],[-75.582023,6.191519],[-75.581585,6.19141],[-75.581668,6.19103],[-75.581684,6.191006],[-75.58171,6.190993]]]}},{"type":"Feature","properties":{"per":0,"viv":0,"hog":0,"dens":0,"est":null,"sup":0,"com":"El Poblado","mun":"Medellín"},"geometry":{"type":"Polygon","coordinates":[[[-75.58149,6.19184],[-75.581554,6.191554],[-75.581993,6.191656],[-75.581928,6.191941],[-75.58149,6.19184]]]}},{"type":"Feature","properties":{"per":0,"viv":3,"hog":0,"dens":0,"est":null,"sup":0,"com":"El Poblado","mun":"Medellín"},"geometry":{"type":"Polygon","coordinates":[[[-75.580198,6.192494],[-75.580284,6.191665],[-75.580827,6.191776],[-75.58085,6.191774],[-75.580781,6.192105],[-75.5807,6.192427],[-75.580649,6.192609],[-75.58063,6.192631],[-75.580602,6.192632],[-75.580495,6.192578],[-75.580382,6.192546],[-75.580239,6.192529],[-75.580214,6.192516],[-75.580198,6.192494]]]}},{"type":"Feature","properties":{"per":83,"viv":93,"hog":58,"dens":96,"est":5.9,"sup":65,"com":"El Poblado","mun":"Medellín"},"geometry":{"type":"Polygon","coordinates":[[[-75.580384,6.19082],[-75.580501,6.190397],[-75.580594,6.190427],[-75.581034,6.19066],[-75.581054,6.190681],[-75.581059,6.190715],[-75.580849,6.191688],[-75.580249,6.191566],[-75.580268,6.191381],[-75.580384,6.19082]]]}},{"type":"Feature","properties":{"per":0,"viv":2,"hog":0,"dens":0,"est":null,"sup":0,"com":"El Poblado","mun":"Medellín"},"geometry":{"type":"Polygon","coordinates":[[[-75.580962,6.191658],[-75.581036,6.191314],[-75.581138,6.190783],[-75.581149,6.19076],[-75.581179,6.190743],[-75.581204,6.190744],[-75.581567,6.190927],[-75.581582,6.190953],[-75.581402,6.19175],[-75.580962,6.191658]]]}},{"type":"Feature","properties":{"per":0,"viv":0,"hog":0,"dens":0,"est":null,"sup":0,"com":"El Poblado","mun":"Medellín"},"geometry":{"type":"Polygon","coordinates":[[[-75.580865,6.192015],[-75.58132,6.192111],[-75.581219,6.192554],[-75.581138,6.192837],[-75.581121,6.19287],[-75.580733,6.192699],[-75.580717,6.192687],[-75.580704,6.192661],[-75.580705,6.192631],[-75.580806,6.192296],[-75.580865,6.192015]]]}},{"type":"Feature","properties":{"per":0,"viv":0,"hog":0,"dens":0,"est":null,"sup":0,"com":"El Poblado","mun":"Medellín"},"geometry":{"type":"Polygon","coordinates":[[[-75.58144,6.193544],[-75.580088,6.192893],[-75.580171,6.192599],[-75.58019,6.192592],[-75.58037,6.192614],[-75.580533,6.192667],[-75.580612,6.192702],[-75.581159,6.193002],[-75.581579,6.193201],[-75.58158,6.193211],[-75.58144,6.193544]]]}},{"type":"Feature","properties":{"per":0,"viv":0,"hog":0,"dens":0,"est":null,"sup":0,"com":"El Poblado","mun":"Medellín"},"geometry":{"type":"Polygon","coordinates":[[[-75.579981,6.19456],[-75.579905,6.194428],[-75.579854,6.194285],[-75.579829,6.194134],[-75.579827,6.194015],[-75.579839,6.19393],[-75.580078,6.192972],[-75.58016,6.192995],[-75.580436,6.193138],[-75.580488,6.193155],[-75.58008,6.194294],[-75.580074,6.194383],[-75.580093,6.194471],[-75.580112,6.194511],[-75.580165,6.194583],[-75.580198,6.194613],[-75.580276,6.194657],[-75.580318,6.19467],[-75.580394,6.194675],[-75.580479,6.194663],[-75.580565,6.194638],[-75.580773,6.194537],[-75.580922,6.194441],[-75.580976,6.194396],[-75.58105,6.194318],[-75.581096,6.194249],[-75.581324,6.193624],[-75.581342,6.193603],[-75.581378,6.193584],[-75.581409,6.193599],[-75.58119,6.194229],[-75.581165,6.194282],[-75.581098,6.194379],[-75.581057,6.194421],[-75.580821,6.194595],[-75.580687,6.194669],[-75.580616,6.194698],[-75.580468,6.194739],[-75.580392,6.19475],[-75.580272,6.194735],[-75.580161,6.194696],[-75.580064,6.194637],[-75.579981,6.19456]]]}},{"type":"Feature","properties":{"per":337,"viv":116,"hog":110,"dens":279,"est":5.0,"sup":232,"com":"El Poblado","mun":"Medellín"},"geometry":{"type":"Polygon","coordinates":[[[-75.580365,6.193665],[-75.580554,6.193193],[-75.581295,6.193525],[-75.581028,6.194203],[-75.580985,6.194285],[-75.580907,6.19437],[-75.580656,6.19453],[-75.580467,6.194608],[-75.580409,6.194608],[-75.580351,6.194595],[-75.580271,6.194562],[-75.580198,6.194518],[-75.58015,6.194431],[-75.580135,6.194382],[-75.580138,6.194322],[-75.580159,6.194247],[-75.580237,6.194062],[-75.580365,6.193665]]]}},{"type":"Feature","properties":{"per":275,"viv":101,"hog":98,"dens":383,"est":3.3,"sup":91,"com":"Guayabal","mun":"Medellín"},"geometry":{"type":"Polygon","coordinates":[[[-75.583023,6.214033],[-75.582619,6.213818],[-75.583306,6.212712],[-75.583698,6.21293],[-75.583023,6.214033]]]}},{"type":"Feature","properties":{"per":51,"viv":21,"hog":20,"dens":265,"est":4.0,"sup":25,"com":"Guayabal","mun":"Medellín"},"geometry":{"type":"Polygon","coordinates":[[[-75.583937,6.212596],[-75.583771,6.21287],[-75.583358,6.212633],[-75.583536,6.212344],[-75.583937,6.212596]]]}},{"type":"Feature","properties":{"per":172,"viv":63,"hog":59,"dens":292,"est":3.7,"sup":72,"com":"Guayabal","mun":"Medellín"},"geometry":{"type":"Polygon","coordinates":[[[-75.583892,6.211774],[-75.584095,6.211436],[-75.584482,6.21167],[-75.584484,6.211691],[-75.584003,6.21251],[-75.583953,6.21253],[-75.583561,6.212293],[-75.583892,6.211774]]]}},{"type":"Feature","properties":{"per":390,"viv":136,"hog":138,"dens":465,"est":3.9,"sup":144,"com":"Guayabal","mun":"Medellín"},"geometry":{"type":"Polygon","coordinates":[[[-75.584999,6.211946],[-75.58432,6.213167],[-75.583875,6.212915],[-75.584206,6.212353],[-75.584613,6.211714],[-75.584996,6.211926],[-75.584999,6.211946]]]}},{"type":"Feature","properties":{"per":273,"viv":87,"hog":89,"dens":710,"est":3.9,"sup":103,"com":"Guayabal","mun":"Medellín"},"geometry":{"type":"Polygon","coordinates":[[[-75.58535,6.212135],[-75.584882,6.212994],[-75.584617,6.212846],[-75.58461,6.212834],[-75.585072,6.211983],[-75.585097,6.211976],[-75.585343,6.212111],[-75.58535,6.212135]]]}},{"type":"Feature","properties":{"per":67,"viv":23,"hog":20,"dens":376,"est":3.0,"sup":27,"com":"Guayabal","mun":"Medellín"},"geometry":{"type":"Polygon","coordinates":[[[-75.584165,6.211354],[-75.584335,6.211067],[-75.584687,6.211277],[-75.584709,6.211313],[-75.58456,6.211572],[-75.584165,6.211354]]]}},{"type":"Feature","properties":{"per":123,"viv":36,"hog":36,"dens":383,"est":3.7,"sup":57,"com":"Guayabal","mun":"Medellín"},"geometry":{"type":"Polygon","coordinates":[[[-75.58437,6.211013],[-75.584666,6.210525],[-75.585065,6.210749],[-75.584787,6.211213],[-75.584777,6.211226],[-75.584756,6.211233],[-75.584743,6.211232],[-75.58437,6.211013]]]}},{"type":"Feature","properties":{"per":182,"viv":73,"hog":65,"dens":374,"est":3.6,"sup":89,"com":"Guayabal","mun":"Medellín"},"geometry":{"type":"Polygon","coordinates":[[[-75.584872,6.211332],[-75.585204,6.21082],[-75.585543,6.211004],[-75.585071,6.211833],[-75.585038,6.211842],[-75.584698,6.211649],[-75.584872,6.211332]]]}},{"type":"Feature","properties":{"per":208,"viv":81,"hog":75,"dens":530,"est":3.1,"sup":90,"com":"Guayabal","mun":"Medellín"},"geometry":{"type":"Polygon","coordinates":[[[-75.585136,6.211882],[-75.5856,6.211032],[-75.585886,6.211197],[-75.585419,6.212045],[-75.585142,6.211893],[-75.585136,6.211882]]]}},{"type":"Feature","properties":{"per":285,"viv":87,"hog":83,"dens":724,"est":3.2,"sup":89,"com":"Guayabal","mun":"Medellín"},"geometry":{"type":"Polygon","coordinates":[[[-75.585952,6.211229],[-75.586245,6.211387],[-75.585786,6.212219],[-75.58576,6.212226],[-75.585491,6.212074],[-75.585952,6.211229]]]}},{"type":"Feature","properties":{"per":109,"viv":41,"hog":40,"dens":419,"est":3.9,"sup":42,"com":"Guayabal","mun":"Medellín"},"geometry":{"type":"Polygon","coordinates":[[[-75.586849,6.210691],[-75.587085,6.210819],[-75.586705,6.211518],[-75.586472,6.211388],[-75.586849,6.210691]]]}},{"type":"Feature","properties":{"per":75,"viv":29,"hog":30,"dens":568,"est":3.8,"sup":39,"com":"Guayabal","mun":"Medellín"},"geometry":{"type":"Polygon","coordinates":[[[-75.584723,6.210461],[-75.584845,6.210247],[-75.585232,6.210453],[-75.585116,6.210669],[-75.584723,6.210461]]]}},{"type":"Feature","properties":{"per":61,"viv":25,"hog":23,"dens":406,"est":3.9,"sup":28,"com":"Guayabal","mun":"Medellín"},"geometry":{"type":"Polygon","coordinates":[[[-75.584893,6.21016],[-75.584993,6.209916],[-75.585013,6.209916],[-75.585394,6.210122],[-75.585254,6.210374],[-75.585028,6.210251],[-75.585017,6.210221],[-75.584893,6.21016]]]}},{"type":"Feature","properties":{"per":66,"viv":23,"hog":23,"dens":340,"est":4.0,"sup":30,"com":"Guayabal","mun":"Medellín"},"geometry":{"type":"Polygon","coordinates":[[[-75.585016,6.209842],[-75.585107,6.209607],[-75.585337,6.209642],[-75.585609,6.209696],[-75.585421,6.210062],[-75.585016,6.209842]]]}},{"type":"Feature","properties":{"per":65,"viv":22,"hog":23,"dens":307,"est":4.0,"sup":38,"com":"Guayabal","mun":"Medellín"},"geometry":{"type":"Polygon","coordinates":[[[-75.585833,6.209372],[-75.585683,6.20963],[-75.585648,6.209642],[-75.585155,6.209536],[-75.585196,6.20944],[-75.585267,6.209236],[-75.585833,6.209372]]]}},{"type":"Feature","properties":{"per":91,"viv":33,"hog":29,"dens":301,"est":4.1,"sup":42,"com":"Guayabal","mun":"Medellín"},"geometry":{"type":"Polygon","coordinates":[[[-75.5859,6.209433],[-75.58618,6.209545],[-75.585787,6.210279],[-75.585556,6.210155],[-75.585527,6.210136],[-75.585525,6.210123],[-75.5859,6.209433]]]}},{"type":"Feature","properties":{"per":90,"viv":32,"hog":30,"dens":340,"est":3.9,"sup":45,"com":"Guayabal","mun":"Medellín"},"geometry":{"type":"Polygon","coordinates":[[[-75.585843,6.210309],[-75.586243,6.209576],[-75.586468,6.209698],[-75.586073,6.210433],[-75.585843,6.210309]]]}},{"type":"Feature","properties":{"per":113,"viv":37,"hog":35,"dens":450,"est":4.0,"sup":55,"com":"Guayabal","mun":"Medellín"},"geometry":{"type":"Polygon","coordinates":[[[-75.586091,6.210824],[-75.585389,6.210444],[-75.585516,6.210217],[-75.586065,6.210513],[-75.586071,6.21053],[-75.586099,6.210545],[-75.586096,6.21055],[-75.586207,6.21061],[-75.586091,6.210824]]]}},{"type":"Feature","properties":{"per":175,"viv":55,"hog":54,"dens":415,"est":4.0,"sup":83,"com":"Guayabal","mun":"Medellín"},"geometry":{"type":"Polygon","coordinates":[[[-75.586528,6.211145],[-75.586403,6.211369],[-75.585244,6.21075],[-75.585367,6.210518],[-75.586528,6.211145]]]}},{"type":"Feature","properties":{"per":193,"viv":75,"hog":69,"dens":363,"est":4.0,"sup":98,"com":"Guayabal","mun":"Medellín"},"geometry":{"type":"Polygon","coordinates":[[[-75.587721,6.210339],[-75.587709,6.210381],[-75.587579,6.21062],[-75.586387,6.20997],[-75.586546,6.209701],[-75.587043,6.209954],[-75.587721,6.210339]]]}},{"type":"Feature","properties":{"per":136,"viv":44,"hog":44,"dens":537,"est":4.0,"sup":71,"com":"Guayabal","mun":"Medellín"},"geometry":{"type":"Polygon","coordinates":[[[-75.586697,6.210519],[-75.586818,6.210296],[-75.587534,6.210687],[-75.587417,6.210911],[-75.586697,6.210519]]]}},{"type":"Feature","properties":{"per":0,"viv":0,"hog":0,"dens":0,"est":null,"sup":0,"com":"Guayabal","mun":"Medellín"},"geometry":{"type":"Polygon","coordinates":[[[-75.586119,6.210804],[-75.586229,6.210608],[-75.586254,6.21062],[-75.586295,6.210542],[-75.586287,6.210526],[-75.586164,6.210452],[-75.586158,6.210432],[-75.586362,6.210059],[-75.586382,6.210056],[-75.586798,6.210294],[-75.586683,6.210498],[-75.58665,6.210479],[-75.586603,6.210566],[-75.586746,6.210646],[-75.586754,6.210663],[-75.586555,6.211029],[-75.586536,6.21103],[-75.586119,6.210804]]]}},{"type":"Feature","properties":{"per":89,"viv":37,"hog":31,"dens":187,"est":4.0,"sup":55,"com":"Guayabal","mun":"Medellín"},"geometry":{"type":"Polygon","coordinates":[[[-75.589594,6.209529],[-75.589401,6.20986],[-75.58853,6.209377],[-75.588704,6.209029],[-75.589594,6.209529]]]}},{"type":"Feature","properties":{"per":242,"viv":89,"hog":78,"dens":76,"est":4.0,"sup":117,"com":"Guayabal","mun":"Medellín"},"geometry":{"type":"Polygon","coordinates":[[[-75.589204,6.208878],[-75.589276,6.208745],[-75.589306,6.208734],[-75.589536,6.208806],[-75.589649,6.208508],[-75.589507,6.208546],[-75.589445,6.208573],[-75.589386,6.208605],[-75.589278,6.208685],[-75.58923,6.208732],[-75.589011,6.209126],[-75.588711,6.208972],[-75.588855,6.20867],[-75.588898,6.208595],[-75.588951,6.208523],[-75.589083,6.208387],[-75.589158,6.208333],[-75.589322,6.208238],[-75.58941,6.208201],[-75.589582,6.208161],[-75.589672,6.208149],[-75.589774,6.208151],[-75.591772,6.208306],[-75.591815,6.208364],[-75.591819,6.208426],[-75.591801,6.208522],[-75.591768,6.20859],[-75.591702,6.208697],[-75.591576,6.208841],[-75.591064,6.209382],[-75.590994,6.209438],[-75.590931,6.209502],[-75.590911,6.209537],[-75.589204,6.208878]]]}},{"type":"Feature","properties":{"per":17,"viv":9,"hog":8,"dens":1,"est":2.8,"sup":2,"com":"Guayabal","mun":"Medellín"},"geometry":{"type":"Polygon","coordinates":[[[-75.579835,6.213478],[-75.579446,6.212925],[-75.579265,6.212881],[-75.579004,6.212542],[-75.578987,6.21251],[-75.578967,6.21244],[-75.578968,6.212368],[-75.579043,6.211997],[-75.57906,6.211969],[-75.579085,6.211953],[-75.579115,6.211952],[-75.580962,6.212364],[-75.581176,6.211349],[-75.581059,6.211322],[-75.580997,6.211574],[-75.579155,6.211153],[-75.579149,6.211138],[-75.579229,6.210622],[-75.57928,6.210583],[-75.5793,6.210478],[-75.579259,6.210428],[-75.579421,6.209244],[-75.57944,6.209242],[-75.584276,6.210348],[-75.584282,6.210355],[-75.584284,6.210378],[-75.583581,6.211517],[-75.583544,6.211543],[-75.583499,6.211555],[-75.583373,6.211533],[-75.583357,6.211625],[-75.583394,6.211636],[-75.583424,6.21166],[-75.583443,6.211693],[-75.583448,6.211731],[-75.583301,6.211954],[-75.582932,6.212564],[-75.582889,6.212578],[-75.582884,6.212595],[-75.582871,6.212592],[-75.582854,6.212666],[-75.582776,6.212786],[-75.582775,6.212824],[-75.582233,6.213706],[-75.580234,6.212994],[-75.580202,6.213074],[-75.582156,6.213795],[-75.581817,6.214348],[-75.581723,6.214427],[-75.581578,6.214515],[-75.581353,6.214551],[-75.580071,6.214087],[-75.580013,6.21404],[-75.579902,6.21387],[-75.579741,6.213657],[-75.579835,6.213478]]]}},{"type":"Feature","properties":{"per":0,"viv":0,"hog":0,"dens":0,"est":null,"sup":0,"com":"Guayabal","mun":"Medellín"},"geometry":{"type":"Polygon","coordinates":[[[-75.57915,6.211309],[-75.580965,6.211715],[-75.58085,6.212236],[-75.57909,6.211844],[-75.579061,6.211814],[-75.579053,6.211772],[-75.579116,6.211355],[-75.57915,6.211309]]]}},{"type":"Feature","properties":{"per":0,"viv":0,"hog":0,"dens":0,"est":null,"sup":0,"com":"Guayabal","mun":"Medellín"},"geometry":{"type":"Polygon","coordinates":[[[-75.582559,6.209752],[-75.582546,6.209748],[-75.582496,6.209829],[-75.581414,6.209595],[-75.58083,6.209448],[-75.580815,6.209433],[-75.580817,6.209416],[-75.580781,6.209345],[-75.580689,6.209395],[-75.580641,6.209406],[-75.580577,6.209399],[-75.580266,6.209324],[-75.580186,6.209233],[-75.579848,6.209161],[-75.579764,6.209193],[-75.579169,6.20906],[-75.579132,6.209022],[-75.57913,6.208972],[-75.579337,6.207496],[-75.579375,6.207459],[-75.582526,6.207917],[-75.583599,6.208079],[-75.584323,6.208197],[-75.584551,6.208261],[-75.585172,6.208482],[-75.584788,6.209349],[-75.584483,6.210067],[-75.584365,6.210251],[-75.584274,6.210242],[-75.582743,6.209893],[-75.582559,6.209752]]]}},{"type":"Feature","properties":{"per":250,"viv":87,"hog":85,"dens":512,"est":3.0,"sup":91,"com":"Guayabal","mun":"Medellín"},"geometry":{"type":"Polygon","coordinates":[[[-75.583088,6.206359],[-75.582872,6.206882],[-75.582548,6.206756],[-75.58251,6.206836],[-75.582253,6.206741],[-75.58252,6.206104],[-75.583076,6.20632],[-75.583089,6.206339],[-75.583088,6.206359]]]}},{"type":"Feature","properties":{"per":182,"viv":56,"hog":56,"dens":608,"est":3.0,"sup":41,"com":"Guayabal","mun":"Medellín"},"geometry":{"type":"Polygon","coordinates":[[[-75.583843,6.206688],[-75.583851,6.206685],[-75.584373,6.206892],[-75.584392,6.206932],[-75.584266,6.207232],[-75.584186,6.207202],[-75.583669,6.207133],[-75.583843,6.206688]]]}},{"type":"Feature","properties":{"per":0,"viv":0,"hog":0,"dens":0,"est":null,"sup":0,"com":"Guayabal","mun":"Medellín"},"geometry":{"type":"Polygon","coordinates":[[[-75.585189,6.208418],[-75.584403,6.208147],[-75.584253,6.208109],[-75.584043,6.208074],[-75.583758,6.208011],[-75.583179,6.207936],[-75.581807,6.207734],[-75.57942,6.207361],[-75.579513,6.206729],[-75.579606,6.206525],[-75.579678,6.206313],[-75.579736,6.206093],[-75.579854,6.205369],[-75.579873,6.205289],[-75.57991,6.205227],[-75.57996,6.205187],[-75.580012,6.205172],[-75.580069,6.205195],[-75.58008,6.205131],[-75.580094,6.20513],[-75.582499,6.206095],[-75.582174,6.206887],[-75.583657,6.207131],[-75.584186,6.207202],[-75.584949,6.207487],[-75.585074,6.207525],[-75.585505,6.207699],[-75.585202,6.20841],[-75.585189,6.208418]]]}},{"type":"Feature","properties":{"per":96,"viv":29,"hog":28,"dens":517,"est":2.9,"sup":24,"com":"Guayabal","mun":"Medellín"},"geometry":{"type":"Polygon","coordinates":[[[-75.585184,6.207245],[-75.585204,6.207236],[-75.585631,6.207409],[-75.585641,6.207441],[-75.585505,6.207699],[-75.585074,6.207525],[-75.585184,6.207245]]]}},{"type":"Feature","properties":{"per":124,"viv":42,"hog":37,"dens":498,"est":3.0,"sup":40,"com":"Guayabal","mun":"Medellín"},"geometry":{"type":"Polygon","coordinates":[[[-75.584514,6.206987],[-75.584543,6.206967],[-75.585084,6.207192],[-75.584968,6.207493],[-75.584394,6.207283],[-75.584514,6.206987]]]}},{"type":"Feature","properties":{"per":91,"viv":36,"hog":35,"dens":194,"est":3.0,"sup":31,"com":"Guayabal","mun":"Medellín"},"geometry":{"type":"Polygon","coordinates":[[[-75.582943,6.207012],[-75.583135,6.206453],[-75.583182,6.206377],[-75.583718,6.206584],[-75.583738,6.206609],[-75.583742,6.206652],[-75.583551,6.207113],[-75.582943,6.207012]]]}},{"type":"Feature","properties":{"per":84,"viv":32,"hog":28,"dens":310,"est":3.0,"sup":29,"com":"Guayabal","mun":"Medellín"},"geometry":{"type":"Polygon","coordinates":[[[-75.587288,6.209995],[-75.587481,6.209652],[-75.587735,6.2098],[-75.587948,6.209944],[-75.587797,6.210264],[-75.587763,6.210273],[-75.587737,6.210265],[-75.587288,6.209995]]]}},{"type":"Feature","properties":{"per":393,"viv":135,"hog":135,"dens":403,"est":3.0,"sup":148,"com":"Guayabal","mun":"Medellín"},"geometry":{"type":"Polygon","coordinates":[[[-75.586676,6.209679],[-75.586785,6.20947],[-75.586817,6.209485],[-75.587108,6.20879],[-75.587079,6.208774],[-75.587166,6.208567],[-75.587824,6.208848],[-75.587842,6.208866],[-75.587211,6.209939],[-75.587176,6.209951],[-75.58714,6.209945],[-75.586676,6.209679]]]}},{"type":"Feature","properties":{"per":325,"viv":110,"hog":120,"dens":511,"est":3.0,"sup":115,"com":"Guayabal","mun":"Medellín"},"geometry":{"type":"Polygon","coordinates":[[[-75.586362,6.209512],[-75.586076,6.209375],[-75.585706,6.20925],[-75.5857,6.209214],[-75.585856,6.208814],[-75.585881,6.208785],[-75.585912,6.20879],[-75.586846,6.209172],[-75.586638,6.209663],[-75.586362,6.209512]]]}},{"type":"Feature","properties":{"per":388,"viv":147,"hog":134,"dens":517,"est":3.0,"sup":124,"com":"Guayabal","mun":"Medellín"},"geometry":{"type":"Polygon","coordinates":[[[-75.585753,6.208856],[-75.585603,6.20923],[-75.585574,6.209238],[-75.58535,6.209181],[-75.585331,6.209175],[-75.58531,6.209152],[-75.586011,6.207533],[-75.58637,6.207689],[-75.585976,6.208599],[-75.58588,6.208563],[-75.585753,6.208856]]]}},{"type":"Feature","properties":{"per":115,"viv":42,"hog":38,"dens":351,"est":3.0,"sup":37,"com":"Guayabal","mun":"Medellín"},"geometry":{"type":"Polygon","coordinates":[[[-75.586221,6.20819],[-75.586629,6.208355],[-75.586388,6.208921],[-75.58599,6.208746],[-75.586221,6.20819]]]}},{"type":"Feature","properties":{"per":188,"viv":67,"hog":63,"dens":573,"est":3.0,"sup":79,"com":"Guayabal","mun":"Medellín"},"geometry":{"type":"Polygon","coordinates":[[[-75.586866,6.209116],[-75.586461,6.208943],[-75.586688,6.208385],[-75.587098,6.208551],[-75.586866,6.209116]]]}},{"type":"Feature","properties":{"per":250,"viv":86,"hog":81,"dens":574,"est":3.0,"sup":92,"com":"Guayabal","mun":"Medellín"},"geometry":{"type":"Polygon","coordinates":[[[-75.587133,6.208499],[-75.58731,6.208087],[-75.588049,6.208397],[-75.587867,6.208801],[-75.587854,6.208803],[-75.587133,6.208499]]]}},{"type":"Feature","properties":{"per":230,"viv":83,"hog":80,"dens":510,"est":3.0,"sup":85,"com":"Guayabal","mun":"Medellín"},"geometry":{"type":"Polygon","coordinates":[[[-75.587008,6.208444],[-75.586251,6.208123],[-75.58643,6.207708],[-75.587181,6.208033],[-75.587008,6.208444]]]}},{"type":"Feature","properties":{"per":74,"viv":28,"hog":29,"dens":63,"est":3.0,"sup":33,"com":"Guayabal","mun":"Medellín"},"geometry":{"type":"Polygon","coordinates":[[[-75.586808,6.207503],[-75.58695,6.207156],[-75.587646,6.207455],[-75.588152,6.207651],[-75.58833,6.207727],[-75.588069,6.208335],[-75.586707,6.207744],[-75.586724,6.207688],[-75.586808,6.207503]]]}},{"type":"Feature","properties":{"per":97,"viv":29,"hog":28,"dens":407,"est":3.0,"sup":47,"com":"Guayabal","mun":"Medellín"},"geometry":{"type":"Polygon","coordinates":[[[-75.588434,6.20775],[-75.588455,6.207752],[-75.588896,6.20793],[-75.588728,6.208298],[-75.588283,6.208102],[-75.588434,6.20775]]]}},{"type":"Feature","properties":{"per":126,"viv":47,"hog":46,"dens":550,"est":3.0,"sup":51,"com":"Guayabal","mun":"Medellín"},"geometry":{"type":"Polygon","coordinates":[[[-75.588109,6.208501],[-75.588256,6.208153],[-75.588528,6.208266],[-75.588731,6.20837],[-75.588573,6.208681],[-75.588109,6.208501]]]}},{"type":"Feature","properties":{"per":62,"viv":20,"hog":20,"dens":277,"est":3.0,"sup":29,"com":"Guayabal","mun":"Medellín"},"geometry":{"type":"Polygon","coordinates":[[[-75.588382,6.209064],[-75.588084,6.208942],[-75.58794,6.208875],[-75.588085,6.208537],[-75.588548,6.208726],[-75.588382,6.209064]]]}},{"type":"Feature","properties":{"per":130,"viv":50,"hog":48,"dens":584,"est":3.0,"sup":57,"com":"Guayabal","mun":"Medellín"},"geometry":{"type":"Polygon","coordinates":[[[-75.58773,6.209229],[-75.587928,6.208915],[-75.588201,6.209029],[-75.588323,6.209101],[-75.588151,6.209471],[-75.58773,6.209229]]]}},{"type":"Feature","properties":{"per":110,"viv":31,"hog":34,"dens":476,"est":3.0,"sup":32,"com":"Guayabal","mun":"Medellín"},"geometry":{"type":"Polygon","coordinates":[[[-75.58769,6.209286],[-75.588128,6.20953],[-75.587961,6.20986],[-75.587512,6.209602],[-75.58769,6.209286]]]}},{"type":"Feature","properties":{"per":0,"viv":0,"hog":0,"dens":0,"est":null,"sup":0,"com":"Guayabal","mun":"Medellín"},"geometry":{"type":"Polygon","coordinates":[[[-75.586824,6.20727],[-75.586696,6.207562],[-75.58661,6.207525],[-75.586549,6.207672],[-75.586003,6.207428],[-75.586254,6.206852],[-75.586753,6.20707],[-75.586705,6.207218],[-75.586824,6.20727]]]}},{"type":"Feature","properties":{"per":314,"viv":102,"hog":103,"dens":566,"est":3.0,"sup":118,"com":"Guayabal","mun":"Medellín"},"geometry":{"type":"Polygon","coordinates":[[[-75.587903,6.207428],[-75.588074,6.207027],[-75.588831,6.207331],[-75.588886,6.207383],[-75.588976,6.207476],[-75.588911,6.207845],[-75.587903,6.207428]]]}},{"type":"Feature","properties":{"per":318,"viv":118,"hog":118,"dens":517,"est":3.0,"sup":125,"com":"Guayabal","mun":"Medellín"},"geometry":{"type":"Polygon","coordinates":[[[-75.586922,6.20657],[-75.586934,6.206557],[-75.587946,6.206967],[-75.58779,6.207392],[-75.586755,6.206975],[-75.586922,6.20657]]]}},{"type":"Feature","properties":{"per":169,"viv":48,"hog":55,"dens":348,"est":3.0,"sup":66,"com":"Guayabal","mun":"Medellín"},"geometry":{"type":"Polygon","coordinates":[[[-75.586652,6.205924],[-75.586675,6.205917],[-75.587053,6.206076],[-75.586699,6.206947],[-75.586315,6.206788],[-75.586652,6.205924]]]}},{"type":"Feature","properties":{"per":353,"viv":113,"hog":107,"dens":592,"est":3.0,"sup":128,"com":"Guayabal","mun":"Medellín"},"geometry":{"type":"Polygon","coordinates":[[[-75.586954,6.206502],[-75.587125,6.206092],[-75.588135,6.206512],[-75.587987,6.20692],[-75.586954,6.206502]]]}},{"type":"Feature","properties":{"per":234,"viv":75,"hog":75,"dens":496,"est":3.0,"sup":90,"com":"Guayabal","mun":"Medellín"},"geometry":{"type":"Polygon","coordinates":[[[-75.588987,6.207088],[-75.58895,6.207238],[-75.588919,6.207305],[-75.588079,6.206965],[-75.588249,6.206561],[-75.588265,6.206562],[-75.588947,6.206822],[-75.588987,6.207088]]]}},{"type":"Feature","properties":{"per":265,"viv":84,"hog":92,"dens":692,"est":3.0,"sup":96,"com":"Guayabal","mun":"Medellín"},"geometry":{"type":"Polygon","coordinates":[[[-75.588149,6.206352],[-75.588285,6.206025],[-75.588836,6.206255],[-75.588897,6.20674],[-75.588108,6.206431],[-75.588149,6.206352]]]}},{"type":"Feature","properties":{"per":237,"viv":91,"hog":93,"dens":473,"est":3.0,"sup":108,"com":"Guayabal","mun":"Medellín"},"geometry":{"type":"Polygon","coordinates":[[[-75.588156,6.20598],[-75.587998,6.206389],[-75.587134,6.206033],[-75.587295,6.20564],[-75.587312,6.205626],[-75.588156,6.20598]]]}},{"type":"Feature","properties":{"per":346,"viv":124,"hog":131,"dens":346,"est":3.0,"sup":154,"com":"Guayabal","mun":"Medellín"},"geometry":{"type":"Polygon","coordinates":[[[-75.587093,6.206003],[-75.586685,6.205839],[-75.586916,6.205287],[-75.586983,6.205317],[-75.587034,6.205207],[-75.587105,6.205119],[-75.587193,6.205047],[-75.587294,6.204995],[-75.587404,6.204966],[-75.58746,6.204961],[-75.587578,6.204971],[-75.587671,6.204993],[-75.588372,6.205382],[-75.58842,6.205431],[-75.588215,6.205921],[-75.587799,6.205761],[-75.587925,6.205411],[-75.587423,6.205197],[-75.587093,6.206003]]]}},{"type":"Feature","properties":{"per":86,"viv":30,"hog":30,"dens":599,"est":3.0,"sup":51,"com":"Guayabal","mun":"Medellín"},"geometry":{"type":"Polygon","coordinates":[[[-75.587635,6.205373],[-75.587858,6.205455],[-75.587757,6.205704],[-75.587742,6.205719],[-75.587727,6.205724],[-75.587335,6.205556],[-75.587422,6.205345],[-75.587613,6.205423],[-75.587635,6.205373]]]}},{"type":"Feature","properties":{"per":134,"viv":52,"hog":50,"dens":604,"est":3.0,"sup":65,"com":"Guayabal","mun":"Medellín"},"geometry":{"type":"Polygon","coordinates":[[[-75.588797,6.206095],[-75.588646,6.206029],[-75.588623,6.206088],[-75.588267,6.205948],[-75.588434,6.205542],[-75.588708,6.205645],[-75.588797,6.206095]]]}},{"type":"Feature","properties":{"per":161,"viv":54,"hog":49,"dens":341,"est":3.0,"sup":42,"com":"Guayabal","mun":"Medellín"},"geometry":{"type":"Polygon","coordinates":[[[-75.582114,6.205204],[-75.582132,6.205197],[-75.582319,6.205274],[-75.582652,6.20539],[-75.582663,6.205428],[-75.582462,6.205969],[-75.582447,6.205979],[-75.582403,6.20598],[-75.581893,6.205773],[-75.581875,6.205753],[-75.581875,6.20572],[-75.582114,6.205204]]]}},{"type":"Feature","properties":{"per":263,"viv":84,"hog":76,"dens":507,"est":3.0,"sup":77,"com":"Guayabal","mun":"Medellín"},"geometry":{"type":"Polygon","coordinates":[[[-75.582753,6.205454],[-75.582804,6.205437],[-75.583347,6.205667],[-75.583358,6.205705],[-75.583137,6.206232],[-75.583088,6.206241],[-75.583039,6.206234],[-75.58257,6.206042],[-75.582533,6.206009],[-75.582525,6.205973],[-75.58253,6.205948],[-75.582753,6.205454]]]}},{"type":"Feature","properties":{"per":200,"viv":74,"hog":67,"dens":416,"est":3.0,"sup":53,"com":"Guayabal","mun":"Medellín"},"geometry":{"type":"Polygon","coordinates":[[[-75.583205,6.206245],[-75.583425,6.20572],[-75.583771,6.205867],[-75.583979,6.205942],[-75.584001,6.205963],[-75.584001,6.205993],[-75.58381,6.20647],[-75.583792,6.206499],[-75.583764,6.206516],[-75.583753,6.206519],[-75.58325,6.206319],[-75.583215,6.20629],[-75.583205,6.206245]]]}},{"type":"Feature","properties":{"per":242,"viv":78,"hog":80,"dens":488,"est":3.0,"sup":69,"com":"Guayabal","mun":"Medellín"},"geometry":{"type":"Polygon","coordinates":[[[-75.584427,6.2068],[-75.583916,6.206592],[-75.583893,6.20657],[-75.583879,6.206543],[-75.583874,6.206512],[-75.584077,6.206036],[-75.584105,6.20601],[-75.584144,6.206008],[-75.584403,6.206116],[-75.584669,6.206215],[-75.584684,6.206251],[-75.584487,6.206752],[-75.584468,6.206777],[-75.584442,6.206794],[-75.584427,6.2068]]]}},{"type":"Feature","properties":{"per":191,"viv":75,"hog":69,"dens":383,"est":3.0,"sup":61,"com":"Guayabal","mun":"Medellín"},"geometry":{"type":"Polygon","coordinates":[[[-75.584579,6.20686],[-75.584548,6.206831],[-75.584543,6.20679],[-75.584744,6.206304],[-75.584775,6.206274],[-75.584807,6.206267],[-75.585337,6.206497],[-75.585354,6.206514],[-75.585358,6.20654],[-75.585152,6.207029],[-75.585116,6.207062],[-75.585087,6.207065],[-75.584579,6.20686]]]}},{"type":"Feature","properties":{"per":148,"viv":47,"hog":49,"dens":380,"est":3.0,"sup":30,"com":"Guayabal","mun":"Medellín"},"geometry":{"type":"Polygon","coordinates":[[[-75.585671,6.207283],[-75.585247,6.207132],[-75.585221,6.207107],[-75.585211,6.207085],[-75.585212,6.207049],[-75.585428,6.206553],[-75.585471,6.206546],[-75.585909,6.20672],[-75.585907,6.206743],[-75.585671,6.207283]]]}},{"type":"Feature","properties":{"per":0,"viv":0,"hog":0,"dens":0,"est":null,"sup":0,"com":"Guayabal","mun":"Medellín"},"geometry":{"type":"Polygon","coordinates":[[[-75.581502,6.204952],[-75.581965,6.205129],[-75.581991,6.205156],[-75.58199,6.205191],[-75.581797,6.205653],[-75.58177,6.20568],[-75.581744,6.20568],[-75.581283,6.205494],[-75.581261,6.205472],[-75.581261,6.205446],[-75.581461,6.204978],[-75.581477,6.204959],[-75.581502,6.204952]]]}},{"type":"Feature","properties":{"per":160,"viv":60,"hog":60,"dens":350,"est":3.0,"sup":45,"com":"Guayabal","mun":"Medellín"},"geometry":{"type":"Polygon","coordinates":[[[-75.580775,6.204688],[-75.580813,6.204678],[-75.580837,6.204686],[-75.581038,6.20476],[-75.581335,6.204887],[-75.581102,6.205436],[-75.580577,6.205252],[-75.580545,6.205216],[-75.580546,6.205177],[-75.580746,6.204713],[-75.580775,6.204688]]]}},{"type":"Feature","properties":{"per":156,"viv":52,"hog":48,"dens":354,"est":3.0,"sup":39,"com":"Guayabal","mun":"Medellín"},"geometry":{"type":"Polygon","coordinates":[[[-75.581119,6.203898],[-75.581164,6.203902],[-75.581652,6.204124],[-75.581658,6.204137],[-75.5815,6.204604],[-75.581471,6.204632],[-75.581434,6.204639],[-75.580903,6.204413],[-75.580892,6.2044],[-75.580896,6.204339],[-75.581068,6.203945],[-75.581083,6.203916],[-75.581119,6.203898]]]}},{"type":"Feature","properties":{"per":0,"viv":0,"hog":0,"dens":0,"est":null,"sup":0,"com":"Guayabal","mun":"Medellín"},"geometry":{"type":"Polygon","coordinates":[[[-75.581541,6.204741],[-75.581767,6.204193],[-75.582299,6.204419],[-75.582082,6.204946],[-75.582033,6.204948],[-75.581541,6.204741]]]}},{"type":"Feature","properties":{"per":236,"viv":75,"hog":77,"dens":469,"est":3.0,"sup":57,"com":"Guayabal","mun":"Medellín"},"geometry":{"type":"Polygon","coordinates":[[[-75.583849,6.205021],[-75.584319,6.205245],[-75.584125,6.20577],[-75.584101,6.205805],[-75.584078,6.205814],[-75.583519,6.205585],[-75.583502,6.205565],[-75.583502,6.205527],[-75.583728,6.20503],[-75.583759,6.205008],[-75.583785,6.205004],[-75.583849,6.205021]]]}},{"type":"Feature","properties":{"per":368,"viv":153,"hog":132,"dens":733,"est":3.0,"sup":149,"com":"Guayabal","mun":"Medellín"},"geometry":{"type":"Polygon","coordinates":[[[-75.583101,6.204727],[-75.583634,6.204953],[-75.583641,6.204967],[-75.583567,6.205175],[-75.583538,6.205278],[-75.583442,6.205517],[-75.583404,6.205538],[-75.582911,6.20534],[-75.58286,6.205315],[-75.582844,6.205297],[-75.582841,6.205251],[-75.583045,6.20475],[-75.583101,6.204727]]]}},{"type":"Feature","properties":{"per":259,"viv":85,"hog":83,"dens":510,"est":3.0,"sup":79,"com":"Guayabal","mun":"Medellín"},"geometry":{"type":"Polygon","coordinates":[[[-75.582381,6.204469],[-75.582426,6.204446],[-75.582459,6.204451],[-75.582973,6.204685],[-75.582973,6.204704],[-75.582852,6.205051],[-75.582779,6.20523],[-75.582747,6.205256],[-75.582721,6.205258],[-75.582419,6.205138],[-75.582181,6.205033],[-75.582174,6.20502],[-75.582169,6.204969],[-75.582381,6.204469]]]}},{"type":"Feature","properties":{"per":328,"viv":108,"hog":117,"dens":663,"est":3.0,"sup":91,"com":"Guayabal","mun":"Medellín"},"geometry":{"type":"Polygon","coordinates":[[[-75.582679,6.203818],[-75.582731,6.203807],[-75.583252,6.203986],[-75.583254,6.203999],[-75.58307,6.204527],[-75.583035,6.204568],[-75.582988,6.204584],[-75.582923,6.204563],[-75.582464,6.204372],[-75.582455,6.204346],[-75.582455,6.204298],[-75.582653,6.203849],[-75.582679,6.203818]]]}},{"type":"Feature","properties":{"per":183,"viv":64,"hog":55,"dens":375,"est":3.0,"sup":47,"com":"Guayabal","mun":"Medellín"},"geometry":{"type":"Polygon","coordinates":[[[-75.583336,6.204053],[-75.583363,6.204053],[-75.583932,6.204291],[-75.583911,6.204327],[-75.583686,6.204879],[-75.583131,6.204633],[-75.583117,6.204618],[-75.583123,6.204588],[-75.583336,6.204053]]]}},{"type":"Feature","properties":{"per":236,"viv":70,"hog":66,"dens":466,"est":3.0,"sup":71,"com":"Guayabal","mun":"Medellín"},"geometry":{"type":"Polygon","coordinates":[[[-75.584598,6.20458],[-75.584364,6.205149],[-75.584322,6.205153],[-75.583791,6.204923],[-75.583787,6.204907],[-75.584002,6.204351],[-75.584035,6.204334],[-75.584054,6.204331],[-75.584585,6.204542],[-75.584602,6.204553],[-75.584598,6.20458]]]}},{"type":"Feature","properties":{"per":308,"viv":126,"hog":127,"dens":547,"est":3.0,"sup":119,"com":"Guayabal","mun":"Medellín"},"geometry":{"type":"Polygon","coordinates":[[[-75.583869,6.203719],[-75.583896,6.203686],[-75.584439,6.203894],[-75.584805,6.204062],[-75.584649,6.204465],[-75.584616,6.204474],[-75.583744,6.204113],[-75.583732,6.204053],[-75.583869,6.203719]]]}},{"type":"Feature","properties":{"per":250,"viv":81,"hog":84,"dens":656,"est":3.0,"sup":85,"com":"Guayabal","mun":"Medellín"},"geometry":{"type":"Polygon","coordinates":[[[-75.583828,6.203664],[-75.583671,6.204057],[-75.583656,6.204068],[-75.583632,6.204069],[-75.583097,6.203842],[-75.583084,6.203831],[-75.583082,6.203794],[-75.583195,6.203388],[-75.583228,6.203388],[-75.583818,6.203637],[-75.583828,6.203664]]]}},{"type":"Feature","properties":{"per":184,"viv":66,"hog":66,"dens":500,"est":3.0,"sup":69,"com":"Guayabal","mun":"Medellín"},"geometry":{"type":"Polygon","coordinates":[[[-75.584021,6.203215],[-75.583861,6.203592],[-75.583219,6.203329],[-75.583238,6.203222],[-75.583318,6.202923],[-75.584021,6.203215]]]}},{"type":"Feature","properties":{"per":274,"viv":92,"hog":87,"dens":537,"est":3.0,"sup":93,"com":"Guayabal","mun":"Medellín"},"geometry":{"type":"Polygon","coordinates":[[[-75.584987,6.20361],[-75.584831,6.203999],[-75.583915,6.203615],[-75.584074,6.203226],[-75.584987,6.20361]]]}},{"type":"Feature","properties":{"per":200,"viv":65,"hog":78,"dens":487,"est":3.0,"sup":50,"com":"Guayabal","mun":"Medellín"},"geometry":{"type":"Polygon","coordinates":[[[-75.585506,6.206359],[-75.585609,6.206111],[-75.58581,6.206187],[-75.585814,6.206179],[-75.585612,6.206095],[-75.58571,6.205836],[-75.585722,6.205822],[-75.585753,6.205815],[-75.585797,6.205821],[-75.586217,6.206012],[-75.585992,6.206564],[-75.58595,6.206583],[-75.585525,6.20641],[-75.585504,6.206385],[-75.585506,6.206359]]]}},{"type":"Feature","properties":{"per":206,"viv":71,"hog":67,"dens":427,"est":3.0,"sup":53,"com":"Guayabal","mun":"Medellín"},"geometry":{"type":"Polygon","coordinates":[[[-75.584846,6.20608],[-75.585051,6.205575],[-75.585108,6.205573],[-75.585622,6.205787],[-75.585636,6.205787],[-75.585641,6.205807],[-75.585431,6.206345],[-75.585403,6.206358],[-75.585375,6.206357],[-75.584861,6.206139],[-75.584846,6.206122],[-75.584846,6.20608]]]}},{"type":"Feature","properties":{"per":328,"viv":111,"hog":109,"dens":689,"est":3.0,"sup":74,"com":"Guayabal","mun":"Medellín"},"geometry":{"type":"Polygon","coordinates":[[[-75.584773,6.20606],[-75.584729,6.206083],[-75.584692,6.206079],[-75.584211,6.205875],[-75.584184,6.205856],[-75.584172,6.205827],[-75.584176,6.205806],[-75.584389,6.205329],[-75.584412,6.205299],[-75.584435,6.205296],[-75.584947,6.205508],[-75.58496,6.205526],[-75.584773,6.20606]]]}},{"type":"Feature","properties":{"per":238,"viv":83,"hog":86,"dens":460,"est":3.0,"sup":71,"com":"Guayabal","mun":"Medellín"},"geometry":{"type":"Polygon","coordinates":[[[-75.585264,6.204868],[-75.585054,6.205395],[-75.58502,6.205427],[-75.584997,6.205427],[-75.58476,6.205335],[-75.584464,6.205201],[-75.58445,6.205168],[-75.584466,6.205104],[-75.584584,6.204811],[-75.584674,6.204614],[-75.584701,6.204595],[-75.58477,6.204612],[-75.585242,6.204837],[-75.585264,6.204868]]]}},{"type":"Feature","properties":{"per":256,"viv":83,"hog":84,"dens":523,"est":3.0,"sup":78,"com":"Guayabal","mun":"Medellín"},"geometry":{"type":"Polygon","coordinates":[[[-75.58592,6.205113],[-75.585928,6.205158],[-75.58572,6.205626],[-75.585698,6.205663],[-75.58567,6.205676],[-75.585638,6.205682],[-75.58559,6.20567],[-75.585184,6.205497],[-75.585143,6.205488],[-75.58513,6.205468],[-75.585128,6.205437],[-75.58515,6.205355],[-75.585337,6.204905],[-75.585355,6.204894],[-75.585378,6.204895],[-75.58592,6.205113]]]}},{"type":"Feature","properties":{"per":169,"viv":61,"hog":73,"dens":403,"est":3.0,"sup":66,"com":"Guayabal","mun":"Medellín"},"geometry":{"type":"Polygon","coordinates":[[[-75.586024,6.205154],[-75.586035,6.205152],[-75.586485,6.205339],[-75.586491,6.205377],[-75.586257,6.205941],[-75.585783,6.205751],[-75.585771,6.205737],[-75.585774,6.205703],[-75.585801,6.205634],[-75.586024,6.205154]]]}},{"type":"Feature","properties":{"per":219,"viv":81,"hog":80,"dens":474,"est":3.0,"sup":70,"com":"Guayabal","mun":"Medellín"},"geometry":{"type":"Polygon","coordinates":[[[-75.585647,6.204338],[-75.586139,6.204411],[-75.586178,6.204541],[-75.586,6.20501],[-75.585971,6.20503],[-75.585926,6.205026],[-75.585698,6.204936],[-75.585406,6.20481],[-75.585395,6.204796],[-75.585403,6.204739],[-75.585566,6.204328],[-75.585573,6.204319],[-75.585647,6.204338]]]}},{"type":"Feature","properties":{"per":180,"viv":64,"hog":63,"dens":504,"est":3.0,"sup":55,"com":"Guayabal","mun":"Medellín"},"geometry":{"type":"Polygon","coordinates":[[[-75.584891,6.204106],[-75.584905,6.204104],[-75.585287,6.204268],[-75.58528,6.204284],[-75.585483,6.204308],[-75.585306,6.204756],[-75.585285,6.204762],[-75.585263,6.204755],[-75.584742,6.204529],[-75.584732,6.204515],[-75.584737,6.204468],[-75.584785,6.204338],[-75.584866,6.204129],[-75.584891,6.204106]]]}},{"type":"Feature","properties":{"per":0,"viv":0,"hog":0,"dens":0,"est":null,"sup":0,"com":"Guayabal","mun":"Medellín"},"geometry":{"type":"Polygon","coordinates":[[[-75.584946,6.203961],[-75.585183,6.203375],[-75.585783,6.203662],[-75.585828,6.203691],[-75.585867,6.203736],[-75.586095,6.20434],[-75.585507,6.20426],[-75.585417,6.204236],[-75.584939,6.204049],[-75.584926,6.204035],[-75.584946,6.203961]]]}},{"type":"Feature","properties":{"per":54,"viv":19,"hog":22,"dens":629,"est":3.0,"sup":21,"com":"Guayabal","mun":"Medellín"},"geometry":{"type":"Polygon","coordinates":[[[-75.586425,6.205221],[-75.586318,6.205181],[-75.586336,6.20516],[-75.586328,6.205149],[-75.586167,6.205091],[-75.58616,6.205097],[-75.586126,6.205086],[-75.586091,6.205055],[-75.586215,6.204728],[-75.586247,6.204715],[-75.586293,6.204881],[-75.586425,6.205221]]]}},{"type":"Feature","properties":{"per":0,"viv":0,"hog":0,"dens":0,"est":null,"sup":0,"com":"Guayabal","mun":"Medellín"},"geometry":{"type":"Polygon","coordinates":[[[-75.585417,6.203136],[-75.585612,6.202696],[-75.585831,6.202154],[-75.587617,6.202799],[-75.58747,6.203139],[-75.587437,6.203174],[-75.58729,6.203268],[-75.587234,6.203296],[-75.587118,6.203332],[-75.586284,6.203549],[-75.586146,6.203544],[-75.586035,6.203515],[-75.585379,6.2032],[-75.585417,6.203136]]]}},{"type":"Feature","properties":{"per":368,"viv":142,"hog":129,"dens":512,"est":3.0,"sup":121,"com":"Guayabal","mun":"Medellín"},"geometry":{"type":"Polygon","coordinates":[[[-75.583416,6.202493],[-75.584206,6.202894],[-75.585097,6.203326],[-75.58502,6.203516],[-75.585009,6.203561],[-75.583322,6.202854],[-75.58331,6.202833],[-75.583296,6.20255],[-75.583319,6.202512],[-75.583343,6.202495],[-75.583372,6.202487],[-75.583416,6.202493]]]}},{"type":"Feature","properties":{"per":0,"viv":0,"hog":0,"dens":0,"est":null,"sup":0,"com":"Guayabal","mun":"Medellín"},"geometry":{"type":"Polygon","coordinates":[[[-75.583495,6.200857],[-75.58354,6.200841],[-75.584267,6.201028],[-75.583986,6.202194],[-75.583947,6.202293],[-75.58392,6.20233],[-75.583854,6.202394],[-75.583773,6.202436],[-75.583683,6.202455],[-75.583591,6.202448],[-75.583235,6.202297],[-75.583216,6.202264],[-75.583366,6.201396],[-75.583482,6.200898],[-75.583495,6.200857]]]}},{"type":"Feature","properties":{"per":137,"viv":48,"hog":43,"dens":666,"est":3.0,"sup":39,"com":"Guayabal","mun":"Medellín"},"geometry":{"type":"Polygon","coordinates":[[[-75.582841,6.201499],[-75.582868,6.201487],[-75.583101,6.201572],[-75.582853,6.202157],[-75.582613,6.202057],[-75.5828,6.201582],[-75.582841,6.201499]]]}},{"type":"Feature","properties":{"per":167,"viv":54,"hog":55,"dens":360,"est":3.0,"sup":54,"com":"Guayabal","mun":"Medellín"},"geometry":{"type":"Polygon","coordinates":[[[-75.582383,6.201814],[-75.582373,6.20181],[-75.58232,6.201941],[-75.58197,6.201789],[-75.582199,6.201218],[-75.582767,6.201465],[-75.582607,6.201864],[-75.582531,6.202033],[-75.582327,6.201953],[-75.582383,6.201814]]]}},{"type":"Feature","properties":{"per":176,"viv":46,"hog":45,"dens":382,"est":3.0,"sup":47,"com":"Guayabal","mun":"Medellín"},"geometry":{"type":"Polygon","coordinates":[[[-75.582114,6.201193],[-75.581898,6.201752],[-75.581864,6.201747],[-75.581332,6.201537],[-75.581321,6.20152],[-75.581322,6.201496],[-75.58148,6.201118],[-75.58156,6.200972],[-75.582114,6.201193]]]}},{"type":"Feature","properties":{"per":103,"viv":37,"hog":37,"dens":49,"est":3.0,"sup":34,"com":"Guayabal","mun":"Medellín"},"geometry":{"type":"Polygon","coordinates":[[[-75.581713,6.200936],[-75.580839,6.200708],[-75.580627,6.20121],[-75.580543,6.201166],[-75.580553,6.200913],[-75.580652,6.200131],[-75.583393,6.200826],[-75.583222,6.201506],[-75.583199,6.201531],[-75.582114,6.201086],[-75.581713,6.200936]]]}},{"type":"Feature","properties":{"per":0,"viv":3,"hog":0,"dens":0,"est":null,"sup":0,"com":"Guayabal","mun":"Medellín"},"geometry":{"type":"Polygon","coordinates":[[[-75.585195,6.20301],[-75.584751,6.202803],[-75.584688,6.20276],[-75.584572,6.202657],[-75.584476,6.202536],[-75.584401,6.202401],[-75.584373,6.202329],[-75.584335,6.202179],[-75.584337,6.202018],[-75.584374,6.201787],[-75.584736,6.201852],[-75.585022,6.201893],[-75.58502,6.201905],[-75.585221,6.201957],[-75.585258,6.201928],[-75.585596,6.202048],[-75.585624,6.202064],[-75.585251,6.203],[-75.58523,6.20301],[-75.585195,6.20301]]]}},{"type":"Feature","properties":{"per":199,"viv":57,"hog":59,"dens":485,"est":3.0,"sup":27,"com":"Guayabal","mun":"Medellín"},"geometry":{"type":"Polygon","coordinates":[[[-75.58067,6.201257],[-75.580877,6.200808],[-75.580924,6.200782],[-75.581081,6.200814],[-75.581253,6.200868],[-75.581259,6.200854],[-75.581443,6.200909],[-75.581455,6.200923],[-75.58123,6.201478],[-75.58067,6.201257]]]}},{"type":"Feature","properties":{"per":0,"viv":0,"hog":0,"dens":0,"est":null,"sup":0,"com":"Guayabal","mun":"Medellín"},"geometry":{"type":"Polygon","coordinates":[[[-75.58568,6.201391],[-75.585304,6.201866],[-75.584429,6.201708],[-75.584398,6.201687],[-75.584551,6.201098],[-75.58568,6.201391]]]}},{"type":"Feature","properties":{"per":0,"viv":0,"hog":0,"dens":0,"est":null,"sup":0,"com":"Guayabal","mun":"Medellín"},"geometry":{"type":"Polygon","coordinates":[[[-75.583198,6.201651],[-75.583115,6.202186],[-75.583108,6.202267],[-75.582918,6.20218],[-75.583155,6.201585],[-75.583191,6.201608],[-75.583198,6.201651]]]}},{"type":"Feature","properties":{"per":223,"viv":67,"hog":77,"dens":535,"est":3.0,"sup":45,"com":"Guayabal","mun":"Medellín"},"geometry":{"type":"Polygon","coordinates":[[[-75.581784,6.20407],[-75.581976,6.203605],[-75.582596,6.203786],[-75.582344,6.204317],[-75.581784,6.20407]]]}},{"type":"Feature","properties":{"per":181,"viv":59,"hog":59,"dens":473,"est":3.0,"sup":33,"com":"Guayabal","mun":"Medellín"},"geometry":{"type":"Polygon","coordinates":[[[-75.581902,6.203573],[-75.581902,6.203604],[-75.581729,6.20403],[-75.581687,6.20403],[-75.581162,6.203819],[-75.58115,6.203805],[-75.581142,6.203775],[-75.581162,6.203708],[-75.5813,6.203381],[-75.581325,6.203373],[-75.581902,6.203573]]]}},{"type":"Feature","properties":{"per":134,"viv":39,"hog":39,"dens":467,"est":3.0,"sup":33,"com":"Guayabal","mun":"Medellín"},"geometry":{"type":"Polygon","coordinates":[[[-75.580869,6.20427],[-75.580697,6.204236],[-75.5808,6.203852],[-75.580906,6.203498],[-75.580922,6.203391],[-75.58091,6.203319],[-75.580867,6.203243],[-75.58122,6.203353],[-75.581229,6.203383],[-75.580869,6.20427]]]}},{"type":"Feature","properties":{"per":41,"viv":12,"hog":12,"dens":133,"est":3.0,"sup":11,"com":"Guayabal","mun":"Medellín"},"geometry":{"type":"Polygon","coordinates":[[[-75.5813,6.20164],[-75.58183,6.20185],[-75.581836,6.201884],[-75.581714,6.202209],[-75.581103,6.202021],[-75.581244,6.201681],[-75.581269,6.201654],[-75.5813,6.20164]]]}},{"type":"Feature","properties":{"per":0,"viv":0,"hog":0,"dens":0,"est":null,"sup":0,"com":"Guayabal","mun":"Medellín"},"geometry":{"type":"Polygon","coordinates":[[[-75.582595,6.203785],[-75.582036,6.203622],[-75.582069,6.203492],[-75.582029,6.20348],[-75.581979,6.203496],[-75.580304,6.203016],[-75.580298,6.202999],[-75.580384,6.202468],[-75.580363,6.202428],[-75.580367,6.202382],[-75.580373,6.202359],[-75.580399,6.202333],[-75.580428,6.202323],[-75.580449,6.202325],[-75.580537,6.201859],[-75.581103,6.202021],[-75.581801,6.202236],[-75.581933,6.20191],[-75.581947,6.201905],[-75.582842,6.202288],[-75.583219,6.202465],[-75.583244,6.202927],[-75.583021,6.203701],[-75.582991,6.20373],[-75.582952,6.203741],[-75.582788,6.203711],[-75.582714,6.203713],[-75.582646,6.203739],[-75.582595,6.203785]]]}},{"type":"Feature","properties":{"per":11,"viv":4,"hog":4,"dens":20,"est":2.8,"sup":3,"com":"Guayabal","mun":"Medellín"},"geometry":{"type":"Polygon","coordinates":[[[-75.580281,6.201245],[-75.580319,6.201236],[-75.580443,6.201254],[-75.581186,6.201591],[-75.581013,6.201995],[-75.580251,6.201777],[-75.580256,6.20173],[-75.580226,6.201695],[-75.58027,6.20126],[-75.580281,6.201245]]]}},{"type":"Feature","properties":{"per":0,"viv":0,"hog":0,"dens":0,"est":null,"sup":0,"com":"Guayabal","mun":"Medellín"},"geometry":{"type":"Polygon","coordinates":[[[-75.583691,6.20017],[-75.583551,6.200143],[-75.583411,6.200667],[-75.583403,6.20068],[-75.583387,6.200685],[-75.583014,6.200596],[-75.583006,6.200589],[-75.583046,6.200418],[-75.58302,6.200417],[-75.582999,6.200405],[-75.582996,6.200386],[-75.583006,6.200348],[-75.583071,6.200317],[-75.583078,6.200289],[-75.583039,6.200267],[-75.583031,6.200251],[-75.583072,6.200059],[-75.582976,6.200037],[-75.582857,6.200553],[-75.580692,6.200024],[-75.580793,6.199441],[-75.580943,6.198755],[-75.580963,6.198752],[-75.581071,6.198388],[-75.580887,6.198369],[-75.581077,6.197888],[-75.581118,6.197707],[-75.581372,6.197751],[-75.581366,6.19777],[-75.581954,6.197881],[-75.584065,6.198216],[-75.584916,6.198365],[-75.584426,6.200354],[-75.584392,6.200577],[-75.584304,6.200909],[-75.583542,6.200726],[-75.583537,6.200675],[-75.583638,6.200378],[-75.583691,6.20017]]]}},{"type":"Feature","properties":{"per":0,"viv":0,"hog":0,"dens":0,"est":null,"sup":0,"com":"Guayabal","mun":"Medellín"},"geometry":{"type":"Polygon","coordinates":[[[-75.584946,6.199477],[-75.585219,6.198538],[-75.586892,6.199025],[-75.586899,6.199046],[-75.58689,6.19912],[-75.586618,6.199838],[-75.584946,6.199477]]]}},{"type":"Feature","properties":{"per":0,"viv":0,"hog":0,"dens":0,"est":null,"sup":0,"com":"Guayabal","mun":"Medellín"},"geometry":{"type":"Polygon","coordinates":[[[-75.58804,6.200472],[-75.587491,6.200243],[-75.587476,6.200279],[-75.587462,6.200275],[-75.587212,6.200172],[-75.58728,6.200005],[-75.587531,6.200108],[-75.587546,6.20007],[-75.588106,6.200299],[-75.58804,6.200472]]]}},{"type":"Feature","properties":{"per":0,"viv":0,"hog":0,"dens":0,"est":null,"sup":0,"com":"Guayabal","mun":"Medellín"},"geometry":{"type":"Polygon","coordinates":[[[-75.586305,6.200632],[-75.585487,6.200486],[-75.58476,6.200339],[-75.584896,6.199757],[-75.585579,6.199889],[-75.586489,6.20008],[-75.58652,6.200093],[-75.586305,6.200632]]]}},{"type":"Feature","properties":{"per":226,"viv":80,"hog":77,"dens":1045,"est":4.2,"sup":89,"com":"Guayabal","mun":"Medellín"},"geometry":{"type":"Polygon","coordinates":[[[-75.58678,6.200424],[-75.587595,6.200761],[-75.587522,6.200954],[-75.586702,6.200605],[-75.58678,6.200424]]]}},{"type":"Feature","properties":{"per":120,"viv":62,"hog":54,"dens":60,"est":3.1,"sup":53,"com":"Guayabal","mun":"Medellín"},"geometry":{"type":"Polygon","coordinates":[[[-75.587619,6.202635],[-75.586511,6.202228],[-75.586498,6.202261],[-75.586353,6.202205],[-75.586848,6.201034],[-75.587476,6.201294],[-75.587569,6.201324],[-75.587678,6.201347],[-75.588129,6.201531],[-75.587891,6.202123],[-75.587868,6.202163],[-75.587784,6.202125],[-75.587662,6.202432],[-75.587654,6.202429],[-75.587606,6.20255],[-75.587647,6.202568],[-75.587619,6.202635]]]}},{"type":"Feature","properties":{"per":47,"viv":22,"hog":17,"dens":220,"est":3.6,"sup":16,"com":"Guayabal","mun":"Medellín"},"geometry":{"type":"Polygon","coordinates":[[[-75.58543,6.201718],[-75.585729,6.201377],[-75.585886,6.201413],[-75.585897,6.201434],[-75.585863,6.20155],[-75.58567,6.201993],[-75.585322,6.201869],[-75.58543,6.201718]]]}},{"type":"Feature","properties":{"per":48,"viv":27,"hog":20,"dens":267,"est":3.7,"sup":25,"com":"Guayabal","mun":"Medellín"},"geometry":{"type":"Polygon","coordinates":[[[-75.586332,6.20222],[-75.585733,6.202016],[-75.585826,6.201779],[-75.586283,6.201967],[-75.586274,6.201987],[-75.586406,6.202043],[-75.586332,6.20222]]]}},{"type":"Feature","properties":{"per":47,"viv":19,"hog":18,"dens":198,"est":3.0,"sup":27,"com":"Guayabal","mun":"Medellín"},"geometry":{"type":"Polygon","coordinates":[[[-75.586459,6.201876],[-75.586328,6.201819],[-75.586318,6.201842],[-75.585954,6.201685],[-75.585937,6.201727],[-75.585865,6.201697],[-75.586004,6.201375],[-75.586573,6.201611],[-75.586479,6.201876],[-75.586459,6.201876]]]}},{"type":"Feature","properties":{"per":76,"viv":35,"hog":32,"dens":330,"est":2.9,"sup":37,"com":"Guayabal","mun":"Medellín"},"geometry":{"type":"Polygon","coordinates":[[[-75.586237,6.201077],[-75.586221,6.201117],[-75.58656,6.201253],[-75.586551,6.201275],[-75.586692,6.201332],[-75.586587,6.201598],[-75.586006,6.201365],[-75.586186,6.201042],[-75.586229,6.201062],[-75.586237,6.201077]]]}},{"type":"Feature","properties":{"per":124,"viv":40,"hog":38,"dens":923,"est":3.5,"sup":47,"com":"Guayabal","mun":"Medellín"},"geometry":{"type":"Polygon","coordinates":[[[-75.586214,6.200976],[-75.586294,6.200791],[-75.586825,6.201023],[-75.586752,6.201187],[-75.586214,6.200976]]]}},{"type":"Feature","properties":{"per":197,"viv":70,"hog":83,"dens":912,"est":4.3,"sup":92,"com":"Guayabal","mun":"Medellín"},"geometry":{"type":"Polygon","coordinates":[[[-75.58748,6.201207],[-75.586359,6.20074],[-75.58641,6.20061],[-75.587594,6.201103],[-75.587547,6.201212],[-75.587531,6.201203],[-75.587526,6.201217],[-75.58748,6.201207]]]}},{"type":"Feature","properties":{"per":16,"viv":9,"hog":8,"dens":9,"est":3.6,"sup":6,"com":"Guayabal","mun":"Medellín"},"geometry":{"type":"Polygon","coordinates":[[[-75.587162,6.20011],[-75.586686,6.19991],[-75.586959,6.199109],[-75.586981,6.199082],[-75.587028,6.199059],[-75.587079,6.199062],[-75.588718,6.19956],[-75.588766,6.199593],[-75.588791,6.199644],[-75.588789,6.199701],[-75.588595,6.200152],[-75.588572,6.200162],[-75.588273,6.200071],[-75.588204,6.200199],[-75.587572,6.199954],[-75.587326,6.199887],[-75.587279,6.199894],[-75.587237,6.199927],[-75.587162,6.20011]]]}},{"type":"Feature","properties":{"per":64,"viv":19,"hog":19,"dens":289,"est":4.7,"sup":24,"com":"Guayabal","mun":"Medellín"},"geometry":{"type":"Polygon","coordinates":[[[-75.587725,6.200476],[-75.587638,6.200656],[-75.586826,6.200312],[-75.586909,6.200125],[-75.587725,6.200476]]]}},{"type":"Feature","properties":{"per":153,"viv":53,"hog":55,"dens":173,"est":4.0,"sup":73,"com":"Guayabal","mun":"Medellín"},"geometry":{"type":"Polygon","coordinates":[[[-75.587547,6.201212],[-75.587837,6.200526],[-75.588104,6.200636],[-75.588125,6.200583],[-75.588085,6.200566],[-75.588239,6.200189],[-75.588219,6.200181],[-75.588273,6.200071],[-75.588572,6.200162],[-75.588558,6.200198],[-75.588662,6.200219],[-75.588143,6.201455],[-75.587547,6.201212]]]}},{"type":"Feature","properties":{"per":0,"viv":1,"hog":0,"dens":0,"est":null,"sup":0,"com":"Guayabal","mun":"Medellín"},"geometry":{"type":"Polygon","coordinates":[[[-75.584725,6.200391],[-75.585704,6.200607],[-75.585828,6.200619],[-75.586223,6.20069],[-75.586277,6.200721],[-75.585973,6.201328],[-75.585939,6.20134],[-75.584502,6.200978],[-75.584529,6.200898],[-75.584656,6.200391],[-75.584725,6.200391]]]}},{"type":"Feature","properties":{"per":68,"viv":25,"hog":25,"dens":551,"est":4.0,"sup":25,"com":"Guayabal","mun":"Medellín"},"geometry":{"type":"Polygon","coordinates":[[[-75.586459,6.200432],[-75.586686,6.19991],[-75.586846,6.199977],[-75.586624,6.200502],[-75.586459,6.200432]]]}},{"type":"Feature","properties":{"per":9,"viv":6,"hog":6,"dens":3,"est":2.5,"sup":0,"com":"Guayabal","mun":"Medellín"},"geometry":{"type":"Polygon","coordinates":[[[-75.581657,6.196794],[-75.582552,6.19634],[-75.582535,6.196412],[-75.582748,6.196302],[-75.582766,6.196232],[-75.583064,6.196081],[-75.583216,6.196038],[-75.58322,6.196022],[-75.583293,6.196018],[-75.583359,6.196027],[-75.582922,6.197881],[-75.582886,6.197918],[-75.581358,6.197657],[-75.581331,6.197638],[-75.581326,6.197594],[-75.581344,6.197578],[-75.581375,6.19757],[-75.581643,6.196813],[-75.581657,6.196794]]]}},{"type":"Feature","properties":{"per":0,"viv":0,"hog":0,"dens":0,"est":null,"sup":0,"com":"Guayabal","mun":"Medellín"},"geometry":{"type":"Polygon","coordinates":[[[-75.587154,6.198164],[-75.586672,6.198028],[-75.586971,6.197018],[-75.587539,6.197186],[-75.587594,6.197214],[-75.587243,6.198163],[-75.587213,6.198186],[-75.587154,6.198164]]]}},{"type":"Feature","properties":{"per":0,"viv":0,"hog":0,"dens":0,"est":null,"sup":0,"com":"Guayabal","mun":"Medellín"},"geometry":{"type":"Polygon","coordinates":[[[-75.58913,6.196137],[-75.588791,6.197319],[-75.587923,6.197045],[-75.587873,6.197007],[-75.587856,6.196971],[-75.587854,6.196898],[-75.588035,6.196381],[-75.588087,6.196406],[-75.588143,6.196235],[-75.588187,6.196143],[-75.58826,6.196038],[-75.588301,6.195998],[-75.588344,6.195972],[-75.588398,6.195956],[-75.588444,6.195957],[-75.58913,6.196137]]]}},{"type":"Feature","properties":{"per":25,"viv":9,"hog":9,"dens":7,"est":3.3,"sup":9,"com":"Guayabal","mun":"Medellín"},"geometry":{"type":"Polygon","coordinates":[[[-75.587895,6.199058],[-75.588038,6.198513],[-75.588769,6.198719],[-75.588797,6.1986],[-75.587314,6.198183],[-75.587699,6.197133],[-75.58931,6.197605],[-75.58967,6.197736],[-75.589623,6.197842],[-75.58938,6.197744],[-75.589376,6.197753],[-75.589604,6.197847],[-75.589347,6.198551],[-75.589064,6.198453],[-75.589062,6.19846],[-75.58927,6.19854],[-75.588965,6.199328],[-75.588953,6.19934],[-75.588921,6.199349],[-75.587895,6.199058]]]}},{"type":"Feature","properties":{"per":48,"viv":12,"hog":16,"dens":35,"est":3.2,"sup":9,"com":"Guayabal","mun":"Medellín"},"geometry":{"type":"Polygon","coordinates":[[[-75.589348,6.197145],[-75.589396,6.197017],[-75.589418,6.197022],[-75.589487,6.196797],[-75.589435,6.19678],[-75.589402,6.196893],[-75.589196,6.197383],[-75.589152,6.19742],[-75.588881,6.197327],[-75.589257,6.196191],[-75.590195,6.196469],[-75.589965,6.197068],[-75.589909,6.197054],[-75.589879,6.197132],[-75.589935,6.197146],[-75.589769,6.197588],[-75.589202,6.197441],[-75.589348,6.197145]]]}},{"type":"Feature","properties":{"per":19,"viv":6,"hog":5,"dens":41,"est":3.2,"sup":3,"com":"Guayabal","mun":"Medellín"},"geometry":{"type":"Polygon","coordinates":[[[-75.589643,6.195966],[-75.589805,6.195518],[-75.59054,6.195634],[-75.590359,6.196141],[-75.590338,6.196164],[-75.589643,6.195966]]]}},{"type":"Feature","properties":{"per":17,"viv":5,"hog":5,"dens":26,"est":2.8,"sup":3,"com":"Guayabal","mun":"Medellín"},"geometry":{"type":"Polygon","coordinates":[[[-75.589857,6.195445],[-75.590033,6.194961],[-75.590101,6.194969],[-75.590233,6.194648],[-75.590607,6.194813],[-75.590595,6.194844],[-75.590842,6.194949],[-75.590759,6.19513],[-75.590583,6.195552],[-75.589857,6.195445]]]}},{"type":"Feature","properties":{"per":17,"viv":5,"hog":5,"dens":22,"est":2.5,"sup":2,"com":"Guayabal","mun":"Medellín"},"geometry":{"type":"Polygon","coordinates":[[[-75.588997,6.194643],[-75.589404,6.194437],[-75.589272,6.194759],[-75.58933,6.194785],[-75.588948,6.195707],[-75.588717,6.195639],[-75.588386,6.195557],[-75.588694,6.194809],[-75.588997,6.194643]]]}},{"type":"Feature","properties":{"per":0,"viv":0,"hog":0,"dens":0,"est":null,"sup":0,"com":"Guayabal","mun":"Medellín"},"geometry":{"type":"Polygon","coordinates":[[[-75.587926,6.198495],[-75.587787,6.199019],[-75.58711,6.198842],[-75.587061,6.198817],[-75.587241,6.198326],[-75.587306,6.198315],[-75.587493,6.198363],[-75.587926,6.198495]]]}},{"type":"Feature","properties":{"per":0,"viv":0,"hog":0,"dens":0,"est":null,"sup":0,"com":"Guayabal","mun":"Medellín"},"geometry":{"type":"Polygon","coordinates":[[[-75.586002,6.197821],[-75.586288,6.196813],[-75.586822,6.196967],[-75.586534,6.197974],[-75.586002,6.197821]]]}},{"type":"Feature","properties":{"per":0,"viv":0,"hog":0,"dens":0,"est":null,"sup":0,"com":"Guayabal","mun":"Medellín"},"geometry":{"type":"Polygon","coordinates":[[[-75.590096,6.194587],[-75.589554,6.195893],[-75.589033,6.195735],[-75.589592,6.194378],[-75.590082,6.194574],[-75.590096,6.194587]]]}},{"type":"Feature","properties":{"per":0,"viv":0,"hog":0,"dens":0,"est":null,"sup":0,"com":"Guayabal","mun":"Medellín"},"geometry":{"type":"Polygon","coordinates":[[[-75.584153,6.198124],[-75.584424,6.197041],[-75.584467,6.197047],[-75.584501,6.196908],[-75.584443,6.196891],[-75.584579,6.196384],[-75.584595,6.196379],[-75.584745,6.196473],[-75.584879,6.19659],[-75.584991,6.196726],[-75.585039,6.196801],[-75.585103,6.19697],[-75.585147,6.197145],[-75.58521,6.197152],[-75.585211,6.197284],[-75.585192,6.197415],[-75.585166,6.197491],[-75.584964,6.198266],[-75.584153,6.198124]]]}},{"type":"Feature","properties":{"per":0,"viv":0,"hog":0,"dens":0,"est":null,"sup":0,"com":"Guayabal","mun":"Medellín"},"geometry":{"type":"Polygon","coordinates":[[[-75.58351,6.196456],[-75.583609,6.196116],[-75.584473,6.196382],[-75.584055,6.198096],[-75.583139,6.197934],[-75.583369,6.196988],[-75.58351,6.196456]]]}},{"type":"Feature","properties":{"per":0,"viv":1,"hog":0,"dens":0,"est":null,"sup":0,"com":"Guayabal","mun":"Medellín"},"geometry":{"type":"Polygon","coordinates":[[[-75.585271,6.198296],[-75.585412,6.197782],[-75.586509,6.198094],[-75.587194,6.198305],[-75.587013,6.198814],[-75.586702,6.198712],[-75.585271,6.198296]]]}},{"type":"Feature","properties":{"per":170,"viv":49,"hog":52,"dens":123,"est":3.0,"sup":33,"com":"Guayabal","mun":"Medellín"},"geometry":{"type":"Polygon","coordinates":[[[-75.590802,6.194695],[-75.590134,6.194413],[-75.590096,6.194504],[-75.58988,6.194411],[-75.589861,6.194392],[-75.589846,6.194355],[-75.589852,6.194195],[-75.589972,6.194136],[-75.590014,6.194106],[-75.590074,6.194044],[-75.590254,6.193953],[-75.590201,6.193931],[-75.590206,6.193905],[-75.590509,6.19377],[-75.590563,6.193773],[-75.590569,6.193751],[-75.590546,6.193748],[-75.590596,6.193679],[-75.590606,6.193681],[-75.590611,6.193662],[-75.590778,6.193487],[-75.590827,6.193469],[-75.590881,6.193429],[-75.591062,6.193383],[-75.591087,6.19312],[-75.591512,6.193158],[-75.591524,6.193169],[-75.591225,6.193889],[-75.590881,6.193749],[-75.590876,6.193765],[-75.590776,6.193738],[-75.590765,6.193777],[-75.59067,6.193764],[-75.590664,6.193786],[-75.590888,6.193812],[-75.590893,6.193793],[-75.591021,6.193833],[-75.591214,6.193912],[-75.591053,6.19429],[-75.590979,6.194259],[-75.590802,6.194695]]]}},{"type":"Feature","properties":{"per":0,"viv":0,"hog":0,"dens":0,"est":null,"sup":0,"com":"Guayabal","mun":"Medellín"},"geometry":{"type":"Polygon","coordinates":[[[-75.586231,6.196797],[-75.585943,6.19782],[-75.585406,6.197684],[-75.585592,6.196946],[-75.585823,6.196685],[-75.586231,6.196797]]]}},{"type":"Feature","properties":{"per":0,"viv":0,"hog":0,"dens":0,"est":null,"sup":0,"com":"Guayabal","mun":"Medellín"},"geometry":{"type":"Polygon","coordinates":[[[-75.5905,6.202512],[-75.590528,6.202407],[-75.59053,6.202119],[-75.590738,6.202107],[-75.590821,6.202053],[-75.590902,6.201967],[-75.59097,6.201949],[-75.591047,6.201949],[-75.591223,6.202023],[-75.591398,6.202113],[-75.591782,6.202357],[-75.591978,6.202458],[-75.592118,6.20249],[-75.592273,6.202468],[-75.592278,6.202502],[-75.591799,6.208113],[-75.590061,6.207981],[-75.589955,6.207944],[-75.589823,6.207875],[-75.589764,6.207837],[-75.589656,6.207739],[-75.589559,6.207624],[-75.589425,6.207384],[-75.589154,6.20633],[-75.588999,6.205645],[-75.588943,6.20552],[-75.588794,6.20526],[-75.588705,6.205121],[-75.588667,6.205026],[-75.588667,6.204945],[-75.588704,6.204888],[-75.58881,6.204536],[-75.588901,6.204335],[-75.58898,6.204032],[-75.589111,6.203716],[-75.58915,6.203665],[-75.589241,6.203578],[-75.589349,6.203511],[-75.589468,6.203468],[-75.589649,6.203433],[-75.589779,6.203351],[-75.589863,6.203245],[-75.589905,6.203136],[-75.590032,6.202905],[-75.590098,6.202832],[-75.590184,6.202764],[-75.590309,6.202705],[-75.590453,6.202591],[-75.5905,6.202512]]]}},{"type":"Feature","properties":{"per":69,"viv":38,"hog":26,"dens":84,"est":2.7,"sup":20,"com":"Guayabal","mun":"Medellín"},"geometry":{"type":"Polygon","coordinates":[[[-75.588327,6.20168],[-75.588589,6.201008],[-75.589422,6.201236],[-75.589105,6.202014],[-75.588327,6.20168]]]}},{"type":"Feature","properties":{"per":267,"viv":98,"hog":89,"dens":539,"est":3.0,"sup":71,"com":"Guayabal","mun":"Medellín"},"geometry":{"type":"Polygon","coordinates":[[[-75.589456,6.200266],[-75.5895,6.200118],[-75.589517,6.200124],[-75.589591,6.199886],[-75.589556,6.199876],[-75.58944,6.200245],[-75.589401,6.20026],[-75.589236,6.200225],[-75.589037,6.200159],[-75.588973,6.200124],[-75.589099,6.199796],[-75.589309,6.199868],[-75.589293,6.199916],[-75.589328,6.199926],[-75.589343,6.199874],[-75.5894,6.19989],[-75.589405,6.199877],[-75.589309,6.199853],[-75.589105,6.199785],[-75.5892,6.199563],[-75.589215,6.199557],[-75.58988,6.199836],[-75.589829,6.199958],[-75.589799,6.199948],[-75.589683,6.200313],[-75.589456,6.200266]]]}},{"type":"Feature","properties":{"per":262,"viv":109,"hog":102,"dens":556,"est":2.4,"sup":57,"com":"Guayabal","mun":"Medellín"},"geometry":{"type":"Polygon","coordinates":[[[-75.589488,6.201281],[-75.589512,6.201268],[-75.590434,6.201519],[-75.590444,6.201544],[-75.590449,6.201972],[-75.590436,6.201983],[-75.590412,6.201984],[-75.589387,6.201514],[-75.589488,6.201281]]]}},{"type":"Feature","properties":{"per":367,"viv":110,"hog":106,"dens":841,"est":3.0,"sup":86,"com":"Guayabal","mun":"Medellín"},"geometry":{"type":"Polygon","coordinates":[[[-75.589352,6.201581],[-75.589372,6.201575],[-75.589995,6.201855],[-75.589796,6.20233],[-75.589171,6.202042],[-75.589352,6.201581]]]}},{"type":"Feature","properties":{"per":9,"viv":5,"hog":5,"dens":52,"est":3.0,"sup":7,"com":"Guayabal","mun":"Medellín"},"geometry":{"type":"Polygon","coordinates":[[[-75.590357,6.200036],[-75.590227,6.200073],[-75.589923,6.199979],[-75.590028,6.199695],[-75.590053,6.19969],[-75.590182,6.19973],[-75.590482,6.199857],[-75.59046,6.200053],[-75.590357,6.200036]]]}},{"type":"Feature","properties":{"per":109,"viv":34,"hog":42,"dens":181,"est":3.0,"sup":20,"com":"Guayabal","mun":"Medellín"},"geometry":{"type":"Polygon","coordinates":[[[-75.588754,6.200628],[-75.588947,6.200187],[-75.589658,6.200377],[-75.589603,6.200564],[-75.589453,6.200524],[-75.5893,6.201051],[-75.588661,6.200881],[-75.588754,6.200628]]]}},{"type":"Feature","properties":{"per":51,"viv":19,"hog":19,"dens":1428,"est":3.0,"sup":19,"com":"Guayabal","mun":"Medellín"},"geometry":{"type":"Polygon","coordinates":[[[-75.590287,6.200274],[-75.590294,6.200093],[-75.590452,6.200104],[-75.59045,6.200283],[-75.590287,6.200274]]]}},{"type":"Feature","properties":{"per":143,"viv":44,"hog":44,"dens":721,"est":3.0,"sup":27,"com":"Guayabal","mun":"Medellín"},"geometry":{"type":"Polygon","coordinates":[[[-75.589822,6.200048],[-75.589892,6.200042],[-75.589975,6.200059],[-75.590181,6.200134],[-75.590273,6.200142],[-75.590278,6.200283],[-75.590454,6.200289],[-75.590451,6.200401],[-75.589756,6.200362],[-75.589748,6.200356],[-75.589822,6.200048]]]}},{"type":"Feature","properties":{"per":17,"viv":8,"hog":7,"dens":3,"est":3.5,"sup":8,"com":"Guayabal","mun":"Medellín"},"geometry":{"type":"Polygon","coordinates":[[[-75.587517,6.20366],[-75.588315,6.201719],[-75.58987,6.202399],[-75.590093,6.201886],[-75.590452,6.202043],[-75.590426,6.202457],[-75.5904,6.202522],[-75.590349,6.202576],[-75.590116,6.202713],[-75.589984,6.202832],[-75.589781,6.203182],[-75.589754,6.203224],[-75.589684,6.203294],[-75.589643,6.203322],[-75.589552,6.203362],[-75.589283,6.203437],[-75.589162,6.20352],[-75.589055,6.203621],[-75.588662,6.204597],[-75.588575,6.204843],[-75.588548,6.204868],[-75.588514,6.204885],[-75.588477,6.20489],[-75.588271,6.204771],[-75.588074,6.204672],[-75.587895,6.204566],[-75.587675,6.204391],[-75.587641,6.204308],[-75.58761,6.204121],[-75.587588,6.204098],[-75.587504,6.204083],[-75.587482,6.204043],[-75.587475,6.203888],[-75.587482,6.203811],[-75.587517,6.20366]]]}},{"type":"Feature","properties":{"per":168,"viv":57,"hog":54,"dens":182,"est":3.1,"sup":54,"com":"Guayabal","mun":"Medellín"},"geometry":{"type":"Polygon","coordinates":[[[-75.590153,6.200776],[-75.590142,6.200771],[-75.590102,6.201294],[-75.589364,6.201085],[-75.589359,6.201072],[-75.589424,6.200807],[-75.589471,6.200666],[-75.589533,6.200629],[-75.589631,6.200645],[-75.589661,6.200628],[-75.589679,6.200597],[-75.589722,6.200437],[-75.589745,6.200408],[-75.589762,6.200401],[-75.590437,6.200427],[-75.590412,6.200904],[-75.590419,6.200905],[-75.590375,6.20137],[-75.590117,6.201298],[-75.590153,6.200776]]]}},{"type":"Feature","properties":{"per":125,"viv":46,"hog":44,"dens":287,"est":3.0,"sup":51,"com":"Guayabal","mun":"Medellín"},"geometry":{"type":"Polygon","coordinates":[[[-75.590097,6.199348],[-75.589924,6.199776],[-75.589226,6.199493],[-75.589402,6.199052],[-75.590095,6.199337],[-75.590097,6.199348]]]}},{"type":"Feature","properties":{"per":226,"viv":87,"hog":79,"dens":167,"est":3.0,"sup":78,"com":"Guayabal","mun":"Medellín"},"geometry":{"type":"Polygon","coordinates":[[[-75.590086,6.197602],[-75.591091,6.197855],[-75.590915,6.198594],[-75.59087,6.198659],[-75.590806,6.198728],[-75.59074,6.198778],[-75.589882,6.198521],[-75.589702,6.198444],[-75.589804,6.198195],[-75.589768,6.19818],[-75.589771,6.198168],[-75.589978,6.197686],[-75.590086,6.197602]]]}},{"type":"Feature","properties":{"per":384,"viv":130,"hog":124,"dens":582,"est":3.0,"sup":144,"com":"Guayabal","mun":"Medellín"},"geometry":{"type":"Polygon","coordinates":[[[-75.590127,6.197383],[-75.590204,6.197195],[-75.590439,6.197301],[-75.590649,6.197375],[-75.590815,6.197406],[-75.590936,6.197447],[-75.591982,6.197683],[-75.592017,6.197684],[-75.592036,6.197704],[-75.592024,6.197767],[-75.591907,6.197961],[-75.590628,6.19765],[-75.590124,6.19752],[-75.590111,6.197514],[-75.590151,6.197397],[-75.590127,6.197383]]]}},{"type":"Feature","properties":{"per":243,"viv":85,"hog":80,"dens":706,"est":3.0,"sup":76,"com":"Guayabal","mun":"Medellín"},"geometry":{"type":"Polygon","coordinates":[[[-75.589575,6.198654],[-75.589631,6.198492],[-75.589901,6.19859],[-75.589906,6.198577],[-75.59087,6.198895],[-75.590769,6.199122],[-75.590745,6.199157],[-75.590333,6.199],[-75.590308,6.198923],[-75.590265,6.198887],[-75.589575,6.198654]]]}},{"type":"Feature","properties":{"per":91,"viv":28,"hog":26,"dens":516,"est":3.0,"sup":13,"com":"Guayabal","mun":"Medellín"},"geometry":{"type":"Polygon","coordinates":[[[-75.590294,6.199024],[-75.590726,6.199194],[-75.590661,6.199411],[-75.59062,6.19949],[-75.590193,6.199304],[-75.590195,6.199277],[-75.590294,6.199024]]]}},{"type":"Feature","properties":{"per":146,"viv":52,"hog":48,"dens":461,"est":3.0,"sup":50,"com":"Guayabal","mun":"Medellín"},"geometry":{"type":"Polygon","coordinates":[[[-75.589549,6.198695],[-75.590255,6.198932],[-75.590125,6.199257],[-75.590103,6.199268],[-75.589423,6.198995],[-75.589549,6.198695]]]}},{"type":"Feature","properties":{"per":126,"viv":36,"hog":36,"dens":634,"est":3.0,"sup":39,"com":"Guayabal","mun":"Medellín"},"geometry":{"type":"Polygon","coordinates":[[[-75.590539,6.199839],[-75.590511,6.199833],[-75.590057,6.199647],[-75.590047,6.199633],[-75.59005,6.199621],[-75.590157,6.199352],[-75.590606,6.199533],[-75.590625,6.199534],[-75.590539,6.199839]]]}},{"type":"Feature","properties":{"per":155,"viv":48,"hog":45,"dens":266,"est":3.0,"sup":44,"com":"Guayabal","mun":"Medellín"},"geometry":{"type":"Polygon","coordinates":[[[-75.59102,6.198528],[-75.591174,6.197905],[-75.591839,6.198063],[-75.591693,6.198301],[-75.59163,6.198376],[-75.591492,6.198514],[-75.591387,6.198602],[-75.591255,6.198733],[-75.591026,6.198938],[-75.590817,6.19886],[-75.590976,6.198555],[-75.59102,6.198528]]]}},{"type":"Feature","properties":{"per":106,"viv":36,"hog":35,"dens":374,"est":3.0,"sup":36,"com":"Guayabal","mun":"Medellín"},"geometry":{"type":"Polygon","coordinates":[[[-75.590703,6.197313],[-75.590784,6.197108],[-75.590792,6.19711],[-75.590813,6.197038],[-75.590825,6.197025],[-75.59133,6.196993],[-75.591343,6.197015],[-75.591349,6.197233],[-75.591329,6.197385],[-75.591305,6.197466],[-75.590705,6.197328],[-75.590703,6.197313]]]}},{"type":"Feature","properties":{"per":86,"viv":38,"hog":32,"dens":422,"est":3.0,"sup":35,"com":"Guayabal","mun":"Medellín"},"geometry":{"type":"Polygon","coordinates":[[[-75.591403,6.196993],[-75.591702,6.196984],[-75.591702,6.197208],[-75.591687,6.197403],[-75.591661,6.197525],[-75.591647,6.19755],[-75.59162,6.197551],[-75.591351,6.197483],[-75.591347,6.19747],[-75.5914,6.197203],[-75.591396,6.197014],[-75.591403,6.196993]]]}},{"type":"Feature","properties":{"per":234,"viv":75,"hog":77,"dens":519,"est":3.0,"sup":77,"com":"Guayabal","mun":"Medellín"},"geometry":{"type":"Polygon","coordinates":[[[-75.591932,6.19663],[-75.592112,6.196611],[-75.592129,6.196628],[-75.592126,6.19682],[-75.592116,6.196892],[-75.592099,6.196906],[-75.590972,6.196966],[-75.590856,6.196965],[-75.590846,6.196954],[-75.590851,6.19692],[-75.590966,6.196652],[-75.590974,6.196647],[-75.591932,6.19663]]]}},{"type":"Feature","properties":{"per":0,"viv":0,"hog":0,"dens":0,"est":null,"sup":0,"com":"Guayabal","mun":"Medellín"},"geometry":{"type":"Polygon","coordinates":[[[-75.591758,6.19727],[-75.591774,6.196996],[-75.59193,6.197],[-75.592093,6.196985],[-75.59209,6.197206],[-75.592112,6.197404],[-75.592097,6.197594],[-75.592084,6.197635],[-75.59206,6.197644],[-75.591997,6.197633],[-75.5917,6.197559],[-75.59174,6.197391],[-75.591758,6.19727]]]}},{"type":"Feature","properties":{"per":174,"viv":60,"hog":54,"dens":573,"est":2.5,"sup":25,"com":"Guayabal","mun":"Medellín"},"geometry":{"type":"Polygon","coordinates":[[[-75.590765,6.195765],[-75.590834,6.195758],[-75.591053,6.195777],[-75.591505,6.195798],[-75.591497,6.195963],[-75.591472,6.196135],[-75.591462,6.196141],[-75.591409,6.19614],[-75.590648,6.196023],[-75.59074,6.1958],[-75.590765,6.195765]]]}},{"type":"Feature","properties":{"per":139,"viv":45,"hog":41,"dens":193,"est":3.0,"sup":39,"com":"Guayabal","mun":"Medellín"},"geometry":{"type":"Polygon","coordinates":[[[-75.590187,6.197129],[-75.590492,6.196372],[-75.59055,6.196384],[-75.590688,6.196435],[-75.590786,6.19645],[-75.591168,6.196441],[-75.591386,6.196462],[-75.591539,6.196424],[-75.591723,6.196461],[-75.592216,6.196453],[-75.592212,6.196513],[-75.591971,6.196566],[-75.591764,6.196585],[-75.591044,6.196613],[-75.59096,6.19664],[-75.590897,6.196703],[-75.590759,6.197012],[-75.590638,6.19731],[-75.590187,6.197129]]]}},{"type":"Feature","properties":{"per":314,"viv":108,"hog":112,"dens":659,"est":3.0,"sup":93,"com":"Guayabal","mun":"Medellín"},"geometry":{"type":"Polygon","coordinates":[[[-75.592222,6.195772],[-75.590785,6.195714],[-75.590897,6.195437],[-75.592174,6.195475],[-75.592222,6.195772]]]}},{"type":"Feature","properties":{"per":431,"viv":146,"hog":133,"dens":339,"est":3.0,"sup":106,"com":"Guayabal","mun":"Medellín"},"geometry":{"type":"Polygon","coordinates":[[[-75.591184,6.194661],[-75.591834,6.194558],[-75.591835,6.19454],[-75.591239,6.194645],[-75.591198,6.194644],[-75.591282,6.194453],[-75.591358,6.194227],[-75.591465,6.194006],[-75.591752,6.193306],[-75.591763,6.193295],[-75.591778,6.193293],[-75.591797,6.193311],[-75.591891,6.193692],[-75.591952,6.194004],[-75.59188,6.19401],[-75.591894,6.194069],[-75.591963,6.194064],[-75.592056,6.194687],[-75.591616,6.194764],[-75.591578,6.195056],[-75.591508,6.195398],[-75.5909,6.195375],[-75.590948,6.195234],[-75.591184,6.194661]]]}},{"type":"Feature","properties":{"per":75,"viv":27,"hog":25,"dens":719,"est":2.0,"sup":12,"com":"Guayabal","mun":"Medellín"},"geometry":{"type":"Polygon","coordinates":[[[-75.591458,6.196393],[-75.591505,6.19601],[-75.591521,6.195799],[-75.591691,6.195806],[-75.591647,6.196026],[-75.59159,6.196389],[-75.591458,6.196393]]]}},{"type":"Feature","properties":{"per":77,"viv":22,"hog":19,"dens":473,"est":2.2,"sup":9,"com":"Guayabal","mun":"Medellín"},"geometry":{"type":"Polygon","coordinates":[[[-75.59111,6.19641],[-75.590971,6.196409],[-75.591009,6.196101],[-75.59147,6.196163],[-75.59144,6.196417],[-75.59135,6.196431],[-75.59111,6.19641]]]}},{"type":"Feature","properties":{"per":75,"viv":26,"hog":23,"dens":495,"est":2.8,"sup":18,"com":"Guayabal","mun":"Medellín"},"geometry":{"type":"Polygon","coordinates":[[[-75.59091,6.196417],[-75.590519,6.196307],[-75.590648,6.196045],[-75.590988,6.196087],[-75.59095,6.196411],[-75.59091,6.196417]]]}},{"type":"Feature","properties":{"per":107,"viv":35,"hog":33,"dens":732,"est":2.0,"sup":22,"com":"Guayabal","mun":"Medellín"},"geometry":{"type":"Polygon","coordinates":[[[-75.59138,6.201791],[-75.591451,6.201635],[-75.591766,6.201784],[-75.591759,6.201831],[-75.591672,6.202097],[-75.591418,6.201968],[-75.591307,6.201921],[-75.59138,6.201791]]]}},{"type":"Feature","properties":{"per":241,"viv":83,"hog":82,"dens":623,"est":2.0,"sup":44,"com":"Guayabal","mun":"Medellín"},"geometry":{"type":"Polygon","coordinates":[[[-75.590531,6.200184],[-75.590963,6.200282],[-75.591518,6.200394],[-75.591527,6.200432],[-75.591457,6.2007],[-75.591429,6.200707],[-75.590527,6.200505],[-75.59051,6.20049],[-75.590531,6.200184]]]}},{"type":"Feature","properties":{"per":253,"viv":99,"hog":96,"dens":680,"est":2.1,"sup":54,"com":"Guayabal","mun":"Medellín"},"geometry":{"type":"Polygon","coordinates":[[[-75.591542,6.200601],[-75.591576,6.200429],[-75.591607,6.200415],[-75.592021,6.200503],[-75.592225,6.200529],[-75.592278,6.200528],[-75.59251,6.200581],[-75.592468,6.200863],[-75.592454,6.200885],[-75.592433,6.200894],[-75.592371,6.200891],[-75.591536,6.200722],[-75.59153,6.200712],[-75.591542,6.200601]]]}},{"type":"Feature","properties":{"per":116,"viv":50,"hog":47,"dens":1065,"est":2.0,"sup":27,"com":"Guayabal","mun":"Medellín"},"geometry":{"type":"Polygon","coordinates":[[[-75.591463,6.201622],[-75.591547,6.201459],[-75.591562,6.201465],[-75.591586,6.201405],[-75.591739,6.201439],[-75.591743,6.201426],[-75.591849,6.201423],[-75.591777,6.201771],[-75.591706,6.201745],[-75.591463,6.201622]]]}},{"type":"Feature","properties":{"per":68,"viv":25,"hog":24,"dens":344,"est":2.0,"sup":11,"com":"Guayabal","mun":"Medellín"},"geometry":{"type":"Polygon","coordinates":[[[-75.591057,6.201265],[-75.591065,6.200963],[-75.591373,6.200976],[-75.591538,6.201006],[-75.59158,6.201028],[-75.591572,6.20134],[-75.591227,6.201269],[-75.591057,6.201265]]]}},{"type":"Feature","properties":{"per":161,"viv":62,"hog":59,"dens":273,"est":2.0,"sup":28,"com":"Guayabal","mun":"Medellín"},"geometry":{"type":"Polygon","coordinates":[[[-75.591703,6.202132],[-75.591759,6.201892],[-75.591773,6.201892],[-75.591868,6.201423],[-75.592069,6.201444],[-75.592038,6.201624],[-75.592052,6.201626],[-75.592079,6.201462],[-75.592244,6.201507],[-75.592398,6.201517],[-75.592368,6.201857],[-75.592232,6.201846],[-75.592232,6.20187],[-75.592381,6.201874],[-75.592378,6.20213],[-75.592385,6.202205],[-75.592248,6.202305],[-75.59219,6.202328],[-75.592143,6.202331],[-75.592023,6.202314],[-75.591943,6.202285],[-75.591829,6.202226],[-75.591703,6.202132]]]}},{"type":"Feature","properties":{"per":123,"viv":81,"hog":67,"dens":243,"est":2.1,"sup":41,"com":"Guayabal","mun":"Medellín"},"geometry":{"type":"Polygon","coordinates":[[[-75.591284,6.201509],[-75.591273,6.201506],[-75.591114,6.201838],[-75.590716,6.201694],[-75.590719,6.201567],[-75.590687,6.201385],[-75.590663,6.201385],[-75.590673,6.201481],[-75.590675,6.201676],[-75.590537,6.20161],[-75.590496,6.201467],[-75.590478,6.201372],[-75.590477,6.201272],[-75.590582,6.201285],[-75.59062,6.201297],[-75.59098,6.201303],[-75.590986,6.201428],[-75.590969,6.201551],[-75.59098,6.201555],[-75.590998,6.201491],[-75.591008,6.201415],[-75.590997,6.201291],[-75.591346,6.201333],[-75.591341,6.201343],[-75.591404,6.201369],[-75.591409,6.201356],[-75.59152,6.201387],[-75.591536,6.201384],[-75.591541,6.201403],[-75.59128,6.20191],[-75.591129,6.201845],[-75.591284,6.201509]]]}},{"type":"Feature","properties":{"per":151,"viv":68,"hog":52,"dens":142,"est":2.0,"sup":27,"com":"Guayabal","mun":"Medellín"},"geometry":{"type":"Polygon","coordinates":[[[-75.592136,6.201424],[-75.592137,6.201193],[-75.592185,6.201195],[-75.592189,6.201062],[-75.592123,6.201062],[-75.592098,6.201402],[-75.591887,6.201387],[-75.591907,6.20106],[-75.591857,6.201052],[-75.591839,6.201386],[-75.591736,6.201391],[-75.59161,6.201359],[-75.591609,6.201132],[-75.591601,6.201132],[-75.591635,6.200879],[-75.591626,6.200878],[-75.591608,6.200994],[-75.591485,6.200981],[-75.591411,6.200961],[-75.590945,6.200909],[-75.590937,6.20096],[-75.591051,6.200967],[-75.591045,6.201268],[-75.59091,6.201269],[-75.59091,6.201278],[-75.590698,6.201284],[-75.590493,6.201254],[-75.590502,6.201152],[-75.590496,6.201105],[-75.590686,6.201141],[-75.590729,6.201162],[-75.590895,6.201191],[-75.590896,6.201178],[-75.590566,6.201104],[-75.590503,6.201096],[-75.590504,6.201028],[-75.590657,6.201055],[-75.590656,6.201064],[-75.590893,6.201119],[-75.590894,6.201107],[-75.59067,6.201053],[-75.590671,6.201048],[-75.59057,6.20103],[-75.590571,6.201021],[-75.590498,6.201009],[-75.590509,6.200587],[-75.590528,6.200561],[-75.591433,6.200758],[-75.592317,6.200923],[-75.592428,6.200931],[-75.592435,6.200962],[-75.592402,6.201078],[-75.592394,6.201469],[-75.592336,6.201475],[-75.59222,6.201466],[-75.592185,6.201458],[-75.592144,6.201436],[-75.592136,6.201424]]]}},{"type":"Feature","properties":{"per":57,"viv":44,"hog":42,"dens":352,"est":2.0,"sup":16,"com":"Guayabal","mun":"Medellín"},"geometry":{"type":"Polygon","coordinates":[[[-75.592239,6.19951],[-75.592263,6.199493],[-75.592427,6.199552],[-75.592436,6.199575],[-75.592432,6.199596],[-75.592011,6.200123],[-75.591868,6.200008],[-75.592239,6.19951]]]}},{"type":"Feature","properties":{"per":108,"viv":41,"hog":37,"dens":721,"est":2.1,"sup":18,"com":"Guayabal","mun":"Medellín"},"geometry":{"type":"Polygon","coordinates":[[[-75.592174,6.199563],[-75.591793,6.200063],[-75.591637,6.199943],[-75.592024,6.199448],[-75.592174,6.199563]]]}},{"type":"Feature","properties":{"per":164,"viv":56,"hog":53,"dens":927,"est":2.0,"sup":46,"com":"Guayabal","mun":"Medellín"},"geometry":{"type":"Polygon","coordinates":[[[-75.591954,6.199497],[-75.591517,6.200068],[-75.591504,6.200068],[-75.591355,6.199958],[-75.591798,6.199373],[-75.591954,6.199497]]]}},{"type":"Feature","properties":{"per":43,"viv":15,"hog":15,"dens":443,"est":2.0,"sup":11,"com":"Guayabal","mun":"Medellín"},"geometry":{"type":"Polygon","coordinates":[[[-75.591276,6.199357],[-75.591397,6.1992],[-75.591712,6.199445],[-75.591595,6.199604],[-75.591276,6.199357]]]}},{"type":"Feature","properties":{"per":133,"viv":44,"hog":42,"dens":959,"est":2.0,"sup":32,"com":"Guayabal","mun":"Medellín"},"geometry":{"type":"Polygon","coordinates":[[[-75.591015,6.199429],[-75.591139,6.199275],[-75.591579,6.199617],[-75.591463,6.199785],[-75.591015,6.199429]]]}},{"type":"Feature","properties":{"per":94,"viv":34,"hog":33,"dens":914,"est":2.0,"sup":16,"com":"Guayabal","mun":"Medellín"},"geometry":{"type":"Polygon","coordinates":[[[-75.591446,6.199794],[-75.591335,6.199937],[-75.590977,6.199661],[-75.591085,6.199514],[-75.591446,6.199794]]]}},{"type":"Feature","properties":{"per":45,"viv":14,"hog":13,"dens":571,"est":3.0,"sup":14,"com":"Guayabal","mun":"Medellín"},"geometry":{"type":"Polygon","coordinates":[[[-75.591893,6.198781],[-75.591872,6.198786],[-75.591859,6.198731],[-75.591684,6.198773],[-75.591686,6.198784],[-75.591659,6.19879],[-75.591605,6.198587],[-75.5918,6.198394],[-75.591893,6.198781]]]}},{"type":"Feature","properties":{"per":185,"viv":90,"hog":86,"dens":229,"est":2.0,"sup":39,"com":"Guayabal","mun":"Medellín"},"geometry":{"type":"Polygon","coordinates":[[[-75.591071,6.199511],[-75.590961,6.199667],[-75.591516,6.200102],[-75.591574,6.200033],[-75.592017,6.200158],[-75.591972,6.20043],[-75.591507,6.200343],[-75.591508,6.200334],[-75.591174,6.20027],[-75.59056,6.20013],[-75.590547,6.200107],[-75.590569,6.199992],[-75.590576,6.199993],[-75.59059,6.199948],[-75.590786,6.19999],[-75.590788,6.19998],[-75.59058,6.199935],[-75.590845,6.199378],[-75.590929,6.199293],[-75.591067,6.199218],[-75.591133,6.199194],[-75.591281,6.199186],[-75.591382,6.199197],[-75.591263,6.199353],[-75.591145,6.199253],[-75.591129,6.199252],[-75.590989,6.199438],[-75.591071,6.199511]]]}},{"type":"Feature","properties":{"per":114,"viv":37,"hog":36,"dens":817,"est":3.0,"sup":37,"com":"Guayabal","mun":"Medellín"},"geometry":{"type":"Polygon","coordinates":[[[-75.591829,6.198258],[-75.591922,6.198096],[-75.591974,6.198193],[-75.592099,6.198731],[-75.591912,6.198777],[-75.591796,6.198322],[-75.591799,6.198295],[-75.591829,6.198258]]]}},{"type":"Feature","properties":{"per":41,"viv":18,"hog":18,"dens":661,"est":2.1,"sup":9,"com":"Guayabal","mun":"Medellín"},"geometry":{"type":"Polygon","coordinates":[[[-75.592002,6.200438],[-75.59207,6.200137],[-75.592212,6.200171],[-75.592229,6.200196],[-75.592168,6.200464],[-75.592002,6.200438]]]}},{"type":"Feature","properties":{"per":341,"viv":137,"hog":131,"dens":272,"est":2.6,"sup":118,"com":"Guayabal","mun":"Medellín"},"geometry":{"type":"Polygon","coordinates":[[[-75.592331,6.199434],[-75.591514,6.199113],[-75.59149,6.199096],[-75.591983,6.199046],[-75.592077,6.199064],[-75.592175,6.199065],[-75.592269,6.199052],[-75.592599,6.198955],[-75.592923,6.198917],[-75.592892,6.198808],[-75.592798,6.198805],[-75.592518,6.198893],[-75.592187,6.198976],[-75.59196,6.198955],[-75.591709,6.19898],[-75.591659,6.19879],[-75.591686,6.198784],[-75.591684,6.198773],[-75.591859,6.198731],[-75.591872,6.198786],[-75.592138,6.198722],[-75.592126,6.198669],[-75.592374,6.198613],[-75.59235,6.198516],[-75.592559,6.198467],[-75.592507,6.198257],[-75.592982,6.198443],[-75.592919,6.198585],[-75.593492,6.198843],[-75.593344,6.199177],[-75.593161,6.199272],[-75.593111,6.199272],[-75.593059,6.19924],[-75.593034,6.199165],[-75.592803,6.19922],[-75.592775,6.199215],[-75.592672,6.19915],[-75.592652,6.199147],[-75.592599,6.199161],[-75.592412,6.199314],[-75.592331,6.199434]]]}},{"type":"Feature","properties":{"per":49,"viv":18,"hog":17,"dens":301,"est":3.0,"sup":17,"com":"Guayabal","mun":"Medellín"},"geometry":{"type":"Polygon","coordinates":[[[-75.591251,6.198852],[-75.591553,6.19857],[-75.591586,6.198579],[-75.591692,6.198983],[-75.591392,6.199024],[-75.591335,6.199053],[-75.591286,6.199029],[-75.591244,6.198979],[-75.591231,6.198915],[-75.591251,6.198852]]]}}]}