{"type":"FeatureCollection","features":[{"type":"Feature","properties":{"name":"Bus Integrado 133-I: San Lucas- Estación Poblado","ref":"133-I"},"geometry":{"type":"MultiLineString","coordinates":[[[-75.559188,6.208251],[-75.559179,6.208182],[-75.559174,6.208139],[-75.55916,6.20797],[-75.559137,6.20787]],[[-75.559137,6.20787],[-75.559127,6.20783]],[[-75.559127,6.20783],[-75.559117,6.207762],[-75.559129,6.207641],[-75.559151,6.207563],[-75.559206,6.207476],[-75.559296,6.207355],[-75.559326,6.207274],[-75.559339,6.207209],[-75.559342,6.207138],[-75.559344,6.207056],[-75.559348,6.206981],[-75.559351,6.206907],[-75.55937,6.206843],[-75.559402,6.206784],[-75.559454,6.206713],[-75.559528,6.206649]],[[-75.559528,6.206649],[-75.55987,6.206414],[-75.560122,6.206246],[-75.56035,6.206086],[-75.560433,6.206023],[-75.560582,6.205903],[-75.560739,6.205759],[-75.560837,6.205647],[-75.560892,6.205577],[-75.560959,6.205482],[-75.561042,6.205345],[-75.56111,6.205212],[-75.561151,6.205055],[-75.56116,6.204947],[-75.561162,6.204925],[-75.561166,6.204904],[-75.561194,6.204803]],[[-75.561194,6.204803],[-75.561287,6.204447]],[[-75.561287,6.204447],[-75.561296,6.204421],[-75.561427,6.203977],[-75.561523,6.203643],[-75.561544,6.203586],[-75.561602,6.203403],[-75.561614,6.203365],[-75.561643,6.203309],[-75.561731,6.203145],[-75.561795,6.202894],[-75.561815,6.202766],[-75.561814,6.20266],[-75.56179,6.20253],[-75.561749,6.202395],[-75.561736,6.202296],[-75.561745,6.202213],[-75.561788,6.20209],[-75.56194,6.201738],[-75.561964,6.201681]],[[-75.561964,6.201681],[-75.562175,6.201301]],[[-75.562175,6.201301],[-75.562194,6.201272],[-75.56221,6.201248],[-75.562453,6.20088],[-75.562618,6.200804],[-75.562667,6.200798]],[[-75.562667,6.200798],[-75.563017,6.200775],[-75.56316,6.200782],[-75.563366,6.200792],[-75.563576,6.200795],[-75.563697,6.20078],[-75.563785,6.200763],[-75.563886,6.200733],[-75.564049,6.200672],[-75.564165,6.200619]],[[-75.564165,6.200619],[-75.564255,6.200578],[-75.56434,6.20053],[-75.564409,6.200483],[-75.564479,6.200423],[-75.564561,6.200322],[-75.564632,6.200208],[-75.564766,6.199979]],[[-75.564766,6.199979],[-75.564873,6.199772],[-75.565042,6.199433],[-75.565123,6.199263],[-75.565192,6.199094]],[[-75.565192,6.199094],[-75.565268,6.198912],[-75.565322,6.198774],[-75.565368,6.198626]],[[-75.565368,6.198626],[-75.565414,6.198398],[-75.565446,6.198162],[-75.565456,6.197907],[-75.565486,6.197477],[-75.565499,6.197386],[-75.565516,6.19729],[-75.565535,6.197188],[-75.565554,6.197084],[-75.565566,6.197029],[-75.565583,6.196965],[-75.565602,6.196903],[-75.565637,6.196819],[-75.565871,6.196346]],[[-75.565871,6.196346],[-75.565965,6.196128],[-75.566001,6.196025],[-75.566024,6.195934],[-75.566041,6.19583],[-75.566057,6.195599]],[[-75.566057,6.195599],[-75.566093,6.195015],[-75.566127,6.194661],[-75.566184,6.194396],[-75.566184,6.194395],[-75.566225,6.194274],[-75.56652,6.193629],[-75.566672,6.193289],[-75.56686,6.192885]],[[-75.56686,6.192885],[-75.566896,6.192814],[-75.566956,6.192684],[-75.567091,6.192363],[-75.567218,6.192036],[-75.567247,6.191951]],[[-75.567247,6.191951],[-75.567333,6.191701],[-75.567445,6.191429]],[[-75.567445,6.191429],[-75.567537,6.191225],[-75.567737,6.190807]],[[-75.567559,6.191005],[-75.567594,6.190944],[-75.56764,6.190882],[-75.567688,6.190838],[-75.567737,6.190807]],[[-75.567242,6.191752],[-75.567286,6.191635],[-75.56749,6.191155],[-75.567559,6.191005]],[[-75.567242,6.191752],[-75.567175,6.191732],[-75.566146,6.191411],[-75.566044,6.191369],[-75.565963,6.191327]],[[-75.565963,6.191327],[-75.565858,6.191248],[-75.565781,6.191181],[-75.5657,6.191094],[-75.565587,6.190965],[-75.565497,6.190852],[-75.565374,6.190675],[-75.565274,6.190519],[-75.565199,6.190389],[-75.565151,6.190274],[-75.565123,6.190168],[-75.565104,6.190077],[-75.565072,6.189891]],[[-75.565072,6.189891],[-75.565021,6.189585],[-75.565011,6.189429],[-75.565019,6.189009],[-75.565012,6.188902],[-75.564984,6.188806]],[[-75.564984,6.188806],[-75.564879,6.188598],[-75.564808,6.188473],[-75.564743,6.188401]],[[-75.564743,6.188401],[-75.56465,6.188335],[-75.564571,6.188259],[-75.564525,6.188203],[-75.564484,6.188147],[-75.564381,6.188014]],[[-75.564381,6.188014],[-75.564302,6.187905],[-75.564224,6.187814]],[[-75.564224,6.187814],[-75.564135,6.187699],[-75.56402,6.187599],[-75.563817,6.187456],[-75.563687,6.187333],[-75.563537,6.187185],[-75.563416,6.187047],[-75.56339,6.187017],[-75.563288,6.186941],[-75.563161,6.186881],[-75.56302,6.186847],[-75.56287,6.186818],[-75.562773,6.18681],[-75.562724,6.186807],[-75.562567,6.186817],[-75.562335,6.186859],[-75.5622,6.186873],[-75.562015,6.186875],[-75.561898,6.186881],[-75.561805,6.186886],[-75.561644,6.186914]],[[-75.561644,6.186914],[-75.561518,6.186955]],[[-75.561518,6.186955],[-75.561474,6.186921],[-75.561447,6.186884],[-75.56144,6.186853],[-75.561439,6.18682],[-75.561449,6.18678],[-75.561472,6.186736],[-75.561503,6.186697],[-75.561556,6.186655],[-75.561612,6.18663],[-75.561661,6.186623],[-75.561694,6.18663],[-75.561727,6.186647],[-75.561757,6.186685],[-75.561767,6.186747],[-75.561764,6.186805]],[[-75.561764,6.186805],[-75.561516,6.187398]],[[-75.561516,6.187398],[-75.561449,6.1876],[-75.561349,6.187949],[-75.561277,6.188211],[-75.561116,6.188798],[-75.561011,6.189166],[-75.560994,6.189226],[-75.560857,6.189681],[-75.560684,6.19025],[-75.560592,6.190528]],[[-75.560592,6.190528],[-75.560455,6.190972]],[[-75.560455,6.190972],[-75.560385,6.19123],[-75.560335,6.191368],[-75.560291,6.191465],[-75.560243,6.191546]],[[-75.560243,6.191546],[-75.560163,6.191659],[-75.559816,6.192165],[-75.559742,6.192267]],[[-75.559742,6.192267],[-75.559669,6.192403],[-75.559642,6.192473],[-75.559628,6.192531],[-75.559632,6.192603],[-75.559663,6.192749],[-75.559693,6.192869],[-75.559729,6.192958],[-75.559774,6.193051],[-75.559817,6.193131],[-75.559852,6.193203],[-75.559891,6.193287],[-75.559922,6.193381],[-75.559927,6.193464],[-75.55992,6.193525],[-75.559882,6.193599],[-75.559821,6.193682],[-75.559755,6.193729],[-75.55964,6.193759],[-75.559491,6.193782],[-75.559335,6.193808],[-75.559245,6.193845],[-75.559206,6.193879],[-75.559166,6.193923],[-75.559113,6.194022],[-75.559087,6.194132],[-75.559032,6.194343],[-75.559004,6.194438],[-75.558884,6.19479],[-75.558799,6.194962],[-75.558765,6.195031],[-75.558746,6.195069]],[[-75.558746,6.195069],[-75.558667,6.195227],[-75.558648,6.195266]],[[-75.558648,6.195266],[-75.558523,6.195523],[-75.557876,6.196396],[-75.557866,6.196411]],[[-75.557866,6.196411],[-75.557678,6.196741],[-75.55765,6.19679],[-75.557448,6.197102],[-75.55744,6.197113]],[[-75.55744,6.197113],[-75.557133,6.197578],[-75.556885,6.197879],[-75.556343,6.1986]],[[-75.556343,6.1986],[-75.556338,6.198607],[-75.556302,6.198662],[-75.55614,6.198869]],[[-75.55614,6.198869],[-75.555875,6.199196],[-75.555793,6.199385],[-75.555739,6.199547],[-75.555707,6.199721]],[[-75.555707,6.199721],[-75.555714,6.199787],[-75.555734,6.199898],[-75.555763,6.200011],[-75.55586,6.200206],[-75.5561,6.20068],[-75.556159,6.200798],[-75.556229,6.201032],[-75.556264,6.201144],[-75.556292,6.20128],[-75.556315,6.201452],[-75.55632,6.201608],[-75.556316,6.201744],[-75.556295,6.201927],[-75.556274,6.202008],[-75.556247,6.202113],[-75.556215,6.202214]],[[-75.556215,6.202214],[-75.55606,6.202497],[-75.555929,6.202776]],[[-75.555929,6.202776],[-75.555677,6.203338],[-75.555631,6.203496],[-75.555566,6.203699],[-75.555536,6.203914]],[[-75.555536,6.203914],[-75.555519,6.204089]],[[-75.555519,6.204089],[-75.555515,6.204129]],[[-75.555515,6.204129],[-75.555407,6.205321],[-75.555372,6.205664],[-75.555329,6.205823],[-75.55529,6.20593],[-75.555237,6.206047],[-75.555168,6.206167],[-75.555049,6.20636],[-75.555023,6.206407],[-75.555006,6.206442]],[[-75.555006,6.206442],[-75.554867,6.206652],[-75.554825,6.206896],[-75.554811,6.20708],[-75.554806,6.207208]],[[-75.554806,6.207208],[-75.554797,6.207325]],[[-75.554797,6.207325],[-75.554809,6.20766],[-75.554819,6.20782]],[[-75.554819,6.20782],[-75.554822,6.207903]],[[-75.554822,6.207903],[-75.554826,6.207991]],[[-75.554826,6.207991],[-75.554949,6.208034],[-75.554976,6.208045],[-75.554997,6.208054]],[[-75.554997,6.208054],[-75.555118,6.208103],[-75.555308,6.208145]],[[-75.555605,6.208319],[-75.555308,6.208145]],[[-75.555605,6.208319],[-75.556035,6.208494],[-75.556117,6.208537],[-75.556302,6.208605],[-75.556452,6.208627],[-75.556576,6.208623],[-75.556671,6.20861],[-75.556779,6.208592],[-75.556841,6.208574],[-75.556938,6.208552],[-75.557079,6.208536],[-75.557265,6.208504],[-75.557372,6.208499],[-75.557514,6.208531],[-75.557577,6.208566]],[[-75.557577,6.208566],[-75.557683,6.208631],[-75.557735,6.208664],[-75.557834,6.208729],[-75.557935,6.208783],[-75.558162,6.208835],[-75.558516,6.208886],[-75.558738,6.208905]],[[-75.558738,6.208905],[-75.558915,6.208937],[-75.559097,6.208948]],[[-75.559097,6.208948],[-75.559225,6.208956]],[[-75.559225,6.208956],[-75.559351,6.208964],[-75.559703,6.208944]],[[-75.559703,6.208944],[-75.55972,6.208941],[-75.559779,6.208933],[-75.560084,6.20889],[-75.560407,6.208843],[-75.561214,6.208803],[-75.562002,6.208759],[-75.562544,6.208736]],[[-75.562544,6.208736],[-75.562696,6.20876],[-75.562952,6.208752],[-75.563098,6.208746],[-75.563257,6.208749],[-75.563542,6.208735],[-75.563705,6.208727],[-75.563828,6.208722],[-75.56393,6.208704],[-75.564069,6.208675]],[[-75.564069,6.208675],[-75.564108,6.20868],[-75.564206,6.208729],[-75.564468,6.208852],[-75.564544,6.208898],[-75.564602,6.208951],[-75.56476,6.209098],[-75.564806,6.20913],[-75.564859,6.209169],[-75.565019,6.209301]],[[-75.565019,6.209301],[-75.565166,6.209407],[-75.565226,6.209446]],[[-75.565226,6.209446],[-75.565363,6.209519],[-75.565527,6.209591]],[[-75.565527,6.209591],[-75.565658,6.209645],[-75.565659,6.209646],[-75.565697,6.20966]],[[-75.565697,6.20966],[-75.565736,6.209674],[-75.566066,6.209784]],[[-75.566066,6.209784],[-75.566358,6.20989]],[[-75.566358,6.20989],[-75.56714,6.210185],[-75.567718,6.210403]],[[-75.567718,6.210403],[-75.568218,6.210593],[-75.568431,6.210675]],[[-75.568431,6.210675],[-75.568492,6.210698]],[[-75.568492,6.210698],[-75.568901,6.210841],[-75.569105,6.210922]],[[-75.569105,6.210922],[-75.569456,6.211055],[-75.569607,6.211104],[-75.569778,6.211144],[-75.57007,6.211188]],[[-75.57007,6.211188],[-75.570194,6.211227],[-75.570351,6.21129]],[[-75.570351,6.21129],[-75.570453,6.211365],[-75.570564,6.211477],[-75.570686,6.211616],[-75.570792,6.211721],[-75.570823,6.211749],[-75.570931,6.211836]],[[-75.570931,6.211836],[-75.571561,6.212081],[-75.571617,6.212103]],[[-75.571617,6.212103],[-75.571671,6.212124],[-75.571861,6.2122],[-75.572056,6.212276],[-75.572136,6.212307]],[[-75.572136,6.212307],[-75.572195,6.212333],[-75.572342,6.212396],[-75.572466,6.212455],[-75.572575,6.212517],[-75.572757,6.212637]],[[-75.572757,6.212637],[-75.572884,6.212712]],[[-75.572884,6.212712],[-75.573007,6.212774],[-75.57313,6.212818]],[[-75.57313,6.212818],[-75.573269,6.212843],[-75.573368,6.212852],[-75.573739,6.212859],[-75.573777,6.212865],[-75.5739,6.212881]],[[-75.5739,6.212881],[-75.574105,6.212917],[-75.574197,6.212935]],[[-75.574197,6.212935],[-75.574437,6.213062],[-75.574572,6.213106],[-75.574669,6.213131],[-75.5748,6.213149],[-75.574902,6.213164],[-75.575086,6.213156],[-75.575269,6.21317],[-75.575406,6.213195]],[[-75.575406,6.213195],[-75.575563,6.213231],[-75.575747,6.213288],[-75.57584,6.21335]],[[-75.57584,6.21335],[-75.575868,6.213446],[-75.575919,6.213532],[-75.576015,6.213624],[-75.576136,6.21368]],[[-75.576136,6.21368],[-75.576175,6.21369],[-75.576208,6.213694],[-75.576286,6.213695],[-75.5764,6.213669],[-75.576503,6.213612],[-75.576564,6.213554]],[[-75.576564,6.213554],[-75.57662,6.213473],[-75.576654,6.213381],[-75.576666,6.213284],[-75.576655,6.213187],[-75.57663,6.213116]],[[-75.57663,6.213116],[-75.576588,6.213042],[-75.576531,6.212978]],[[-75.576531,6.212978],[-75.576454,6.212786],[-75.576411,6.212646],[-75.576379,6.212453]],[[-75.576379,6.212453],[-75.576421,6.211964]],[[-75.576421,6.211964],[-75.576577,6.210475],[-75.57662,6.209953],[-75.576739,6.208766]],[[-75.578108,6.208877],[-75.578074,6.208875],[-75.576771,6.208769],[-75.576739,6.208766]],[[-75.578108,6.208877],[-75.577969,6.209857],[-75.577947,6.21001]],[[-75.577947,6.21001],[-75.577782,6.211257]],[[-75.577782,6.211257],[-75.577623,6.212309],[-75.577588,6.212535],[-75.577546,6.212905]],[[-75.577546,6.212905],[-75.577519,6.212963],[-75.577485,6.213017],[-75.577453,6.213059],[-75.577416,6.213097],[-75.577376,6.213132],[-75.57731,6.213176],[-75.577238,6.213211],[-75.577161,6.213234],[-75.577082,6.213247],[-75.577001,6.213247],[-75.576922,6.213236],[-75.576839,6.213211],[-75.576761,6.213174],[-75.57663,6.213116]],[[-75.57663,6.213116],[-75.576588,6.213042],[-75.576531,6.212978]],[[-75.576531,6.212978],[-75.576443,6.212917],[-75.576343,6.21288]],[[-75.576343,6.21288],[-75.576293,6.212872],[-75.576253,6.21287],[-75.576212,6.212872]],[[-75.576212,6.212872],[-75.576141,6.212884],[-75.576073,6.212909]],[[-75.576073,6.212909],[-75.576003,6.21295],[-75.575943,6.213004]],[[-75.575943,6.213004],[-75.575829,6.213011],[-75.575713,6.213004],[-75.575636,6.212992],[-75.575575,6.21298],[-75.575501,6.212957],[-75.57534,6.212882],[-75.575264,6.212833],[-75.57488,6.212556],[-75.574809,6.212505],[-75.574636,6.21244]],[[-75.574636,6.21244],[-75.574561,6.212386],[-75.574325,6.212218],[-75.574234,6.212156],[-75.573927,6.21195],[-75.57329,6.211676]],[[-75.57329,6.211676],[-75.572858,6.211516]],[[-75.572858,6.211516],[-75.572498,6.211376]],[[-75.572498,6.211376],[-75.572011,6.211185],[-75.571951,6.211161]],[[-75.571951,6.211161],[-75.57125,6.210894],[-75.571146,6.210856]],[[-75.571146,6.210856],[-75.571087,6.210834],[-75.570595,6.210649],[-75.570522,6.210624]],[[-75.570522,6.210624],[-75.570417,6.210585]],[[-75.570417,6.210585],[-75.570361,6.210564],[-75.570226,6.210514]],[[-75.570226,6.210514],[-75.570026,6.210439]],[[-75.570026,6.210439],[-75.569735,6.21033],[-75.56964,6.210295],[-75.569603,6.210281],[-75.569578,6.210272],[-75.569492,6.210239],[-75.569185,6.21012]],[[-75.569185,6.21012],[-75.568852,6.209996],[-75.568772,6.209966]],[[-75.568772,6.209966],[-75.568715,6.209944]],[[-75.568715,6.209944],[-75.568651,6.20992],[-75.568106,6.209708],[-75.568009,6.209665]],[[-75.568009,6.209665],[-75.567936,6.209637],[-75.567538,6.209479],[-75.567434,6.209438],[-75.567375,6.209415],[-75.566738,6.209163],[-75.566649,6.209127],[-75.566565,6.209094],[-75.566128,6.208923],[-75.566038,6.208892]],[[-75.566038,6.208892],[-75.565955,6.208863],[-75.565892,6.208838],[-75.565655,6.20875],[-75.565591,6.208727],[-75.565521,6.2087],[-75.565102,6.208549],[-75.56506,6.208533]],[[-75.56506,6.208533],[-75.565016,6.208517],[-75.564798,6.208431]],[[-75.564798,6.208431],[-75.564645,6.208436],[-75.56459,6.208441],[-75.56451,6.208448],[-75.564362,6.208492],[-75.564179,6.208548],[-75.564102,6.208572],[-75.563979,6.208619]],[[-75.563979,6.208619],[-75.563892,6.208627]],[[-75.563892,6.208627],[-75.563731,6.208643],[-75.563444,6.208666],[-75.563192,6.208661],[-75.562688,6.208701],[-75.562544,6.208736]],[[-75.559703,6.208944],[-75.55972,6.208941],[-75.559779,6.208933],[-75.560084,6.20889],[-75.560407,6.208843],[-75.561214,6.208803],[-75.562002,6.208759],[-75.562544,6.208736]],[[-75.559703,6.208944],[-75.559524,6.208922],[-75.559363,6.208915],[-75.559247,6.20891]],[[-75.559247,6.20891],[-75.559261,6.208856],[-75.559282,6.208774],[-75.559294,6.208654],[-75.55929,6.20846],[-75.559262,6.208255],[-75.559221,6.208108],[-75.55916,6.20797]]]}},{"type":"Feature","properties":{"name":"Bus Integrado 133-II Recorrido Alterno: Estación Aguacatala → San Lucas","ref":"133-II Alterno"},"geometry":{"type":"MultiLineString","coordinates":[[[-75.581639,6.193198],[-75.581488,6.193591],[-75.581213,6.194308],[-75.581176,6.194385],[-75.581163,6.194402],[-75.581141,6.194432],[-75.581105,6.194478],[-75.58107,6.194513],[-75.581011,6.194561],[-75.580989,6.194575],[-75.580866,6.194651],[-75.580685,6.194762],[-75.580635,6.194788],[-75.580588,6.194808],[-75.580541,6.194826],[-75.580494,6.194839]],[[-75.579226,6.194327],[-75.578869,6.194414],[-75.578793,6.194428],[-75.578724,6.194436],[-75.578649,6.194434]],[[-75.578649,6.194434],[-75.578511,6.194411],[-75.578373,6.194381],[-75.578221,6.194339],[-75.578022,6.194267],[-75.577866,6.194206],[-75.577768,6.194163],[-75.57767,6.194115]],[[-75.575154,6.195523],[-75.574996,6.195614],[-75.57496,6.195635],[-75.574926,6.195646],[-75.574886,6.195651]],[[-75.575455,6.195349],[-75.575327,6.195401],[-75.575154,6.195523]],[[-75.576331,6.193566],[-75.576346,6.193742],[-75.576355,6.193927],[-75.57635,6.194047],[-75.576348,6.194105],[-75.576313,6.194255],[-75.576275,6.194379],[-75.57622,6.194507],[-75.57614,6.194665],[-75.576011,6.194827],[-75.575875,6.194963],[-75.575563,6.195248],[-75.575455,6.195349]],[[-75.576252,6.192989],[-75.576331,6.193566]],[[-75.576248,6.192946],[-75.576252,6.192989]],[[-75.575571,6.192969],[-75.575564,6.192862],[-75.575569,6.192775],[-75.575596,6.192688],[-75.575633,6.192628],[-75.575692,6.192585],[-75.575772,6.192551],[-75.575862,6.192543],[-75.575953,6.192561],[-75.576022,6.192604],[-75.576066,6.192638],[-75.57611,6.192687],[-75.576165,6.192771],[-75.576206,6.192858],[-75.576248,6.192946]],[[-75.577358,6.193603],[-75.577183,6.193436],[-75.576975,6.193291],[-75.576826,6.193211],[-75.576659,6.193166],[-75.576556,6.193132],[-75.576441,6.193121],[-75.575956,6.193153],[-75.575853,6.193149],[-75.575795,6.193138],[-75.575735,6.193117],[-75.575692,6.19309],[-75.575641,6.193048],[-75.575571,6.192969]],[[-75.580931,6.195061],[-75.580321,6.194908],[-75.579719,6.194751],[-75.579181,6.194623],[-75.578837,6.194555],[-75.578426,6.194481],[-75.578307,6.194455],[-75.578199,6.194425],[-75.578114,6.194396],[-75.578025,6.194357],[-75.577938,6.194313],[-75.577861,6.194263],[-75.577783,6.194208],[-75.57767,6.194115],[-75.57763,6.194077],[-75.577598,6.19404],[-75.577559,6.193988],[-75.577529,6.193939],[-75.577507,6.193896],[-75.57748,6.193841],[-75.577446,6.193757],[-75.577411,6.193677],[-75.577358,6.193603]],[[-75.580931,6.195061],[-75.580745,6.194935],[-75.580687,6.194901],[-75.580627,6.194875],[-75.580569,6.194857],[-75.580494,6.194839]],[[-75.580199,6.194771],[-75.580153,6.194752],[-75.58011,6.194727],[-75.580035,6.194676],[-75.579953,6.194612],[-75.579869,6.194542]],[[-75.574886,6.195651],[-75.574854,6.195647],[-75.574819,6.195636],[-75.574781,6.195615],[-75.574752,6.195588],[-75.57473,6.195553],[-75.574715,6.195511],[-75.574703,6.19545],[-75.574688,6.195356],[-75.574656,6.195316],[-75.5746,6.195262],[-75.574537,6.195216],[-75.574468,6.195179],[-75.574348,6.195145]],[[-75.574348,6.195145],[-75.574225,6.195082],[-75.574055,6.195001],[-75.573632,6.194802],[-75.573419,6.194699]],[[-75.573419,6.194699],[-75.573263,6.194624],[-75.5732,6.194593],[-75.573099,6.194538],[-75.573026,6.194483],[-75.572907,6.194372]],[[-75.572907,6.194372],[-75.57285,6.194302],[-75.572804,6.194259],[-75.572727,6.194218],[-75.572619,6.194172],[-75.572533,6.194129],[-75.572447,6.194083],[-75.572347,6.194003],[-75.572252,6.193907]],[[-75.572252,6.193907],[-75.57211,6.193785],[-75.57204,6.193718],[-75.571915,6.19364],[-75.571864,6.19361],[-75.571835,6.193594]],[[-75.571835,6.193594],[-75.571788,6.193571],[-75.571764,6.193561]],[[-75.571764,6.193561],[-75.571705,6.193529],[-75.57158,6.193464],[-75.571487,6.193412],[-75.570973,6.193132],[-75.570592,6.192948]],[[-75.570592,6.192948],[-75.570428,6.19288]],[[-75.570428,6.19288],[-75.57033,6.192844],[-75.570199,6.192793]],[[-75.570199,6.192793],[-75.570098,6.192748],[-75.570019,6.192701],[-75.569962,6.19264],[-75.569923,6.192562],[-75.569896,6.192453],[-75.569883,6.192323],[-75.569865,6.192222],[-75.56984,6.19214]],[[-75.56984,6.19214],[-75.569817,6.192081],[-75.569771,6.192006],[-75.569682,6.191914],[-75.56958,6.191855],[-75.569476,6.191826],[-75.569361,6.19182],[-75.569245,6.191839],[-75.569045,6.191921],[-75.568817,6.192018],[-75.568726,6.192045],[-75.568534,6.192064],[-75.568456,6.192073],[-75.568103,6.192123]],[[-75.568103,6.192123],[-75.568065,6.192122],[-75.567999,6.192122],[-75.567928,6.192112],[-75.567852,6.192086]],[[-75.567852,6.192086],[-75.567751,6.192023],[-75.567608,6.191917],[-75.567526,6.191869],[-75.567468,6.191836]],[[-75.567468,6.191836],[-75.567242,6.191752]],[[-75.567242,6.191752],[-75.567175,6.191732],[-75.566146,6.191411],[-75.566044,6.191369],[-75.565963,6.191327]],[[-75.565963,6.191327],[-75.565858,6.191248],[-75.565781,6.191181],[-75.5657,6.191094],[-75.565587,6.190965],[-75.565497,6.190852],[-75.565374,6.190675],[-75.565274,6.190519],[-75.565199,6.190389],[-75.565151,6.190274],[-75.565123,6.190168],[-75.565104,6.190077],[-75.565072,6.189891]],[[-75.565072,6.189891],[-75.565021,6.189585],[-75.565011,6.189429],[-75.565019,6.189009],[-75.565012,6.188902],[-75.564984,6.188806]],[[-75.564984,6.188806],[-75.564879,6.188598],[-75.564808,6.188473],[-75.564743,6.188401]],[[-75.564743,6.188401],[-75.56465,6.188335],[-75.564571,6.188259],[-75.564525,6.188203],[-75.564484,6.188147],[-75.564381,6.188014]],[[-75.564381,6.188014],[-75.564302,6.187905],[-75.564224,6.187814]],[[-75.564224,6.187814],[-75.564135,6.187699],[-75.56402,6.187599],[-75.563817,6.187456],[-75.563687,6.187333],[-75.563537,6.187185],[-75.563416,6.187047],[-75.56339,6.187017],[-75.563288,6.186941],[-75.563161,6.186881],[-75.56302,6.186847],[-75.56287,6.186818],[-75.562773,6.18681],[-75.562724,6.186807],[-75.562567,6.186817],[-75.562335,6.186859],[-75.5622,6.186873],[-75.562015,6.186875],[-75.561898,6.186881],[-75.561805,6.186886],[-75.561644,6.186914]]]}},{"type":"Feature","properties":{"name":"Bus Integrado 133-II Recorrido Alterno: San Lucas → Estación Aguacatala","ref":"133-II Alterno"},"geometry":{"type":"MultiLineString","coordinates":[[[-75.561644,6.186914],[-75.561518,6.186955]],[[-75.561518,6.186955],[-75.561368,6.187014]],[[-75.561368,6.187014],[-75.561278,6.187035],[-75.561173,6.187041],[-75.561013,6.187043],[-75.560772,6.187021]],[[-75.560772,6.187021],[-75.560593,6.186989],[-75.560472,6.186978],[-75.560298,6.186966],[-75.560071,6.186939]],[[-75.560071,6.186939],[-75.560018,6.186926]],[[-75.560018,6.186926],[-75.559968,6.18693],[-75.559922,6.186947],[-75.559883,6.186978],[-75.559855,6.187018],[-75.55984,6.187064],[-75.559839,6.187113],[-75.559852,6.187161],[-75.559881,6.187205],[-75.559922,6.187238],[-75.559972,6.187256],[-75.560024,6.187259],[-75.560075,6.187244],[-75.560119,6.187215],[-75.560152,6.187174],[-75.560167,6.187137],[-75.560173,6.187097],[-75.560169,6.187058],[-75.560156,6.18702],[-75.560135,6.186986],[-75.560106,6.186959],[-75.560071,6.186939]],[[-75.560018,6.186926],[-75.559914,6.186891],[-75.559849,6.186878]],[[-75.559849,6.186878],[-75.559751,6.186873]],[[-75.559751,6.186873],[-75.559515,6.186856]],[[-75.559515,6.186856],[-75.559111,6.186839],[-75.558988,6.18682],[-75.558956,6.186815],[-75.558749,6.186738],[-75.558483,6.186642],[-75.558159,6.186481],[-75.557929,6.186358],[-75.557611,6.18617],[-75.557341,6.185988],[-75.556912,6.185658],[-75.556769,6.185519]],[[-75.556769,6.185519],[-75.556599,6.185389],[-75.556445,6.185312],[-75.556365,6.185286],[-75.55628,6.185269],[-75.556197,6.185271],[-75.556119,6.185278],[-75.556036,6.185303],[-75.555964,6.185338],[-75.555861,6.185372],[-75.555758,6.185372],[-75.555691,6.185351],[-75.555643,6.185336],[-75.555519,6.185263],[-75.555114,6.18509],[-75.555029,6.185084],[-75.554926,6.185097],[-75.554797,6.185142],[-75.554677,6.185184],[-75.554567,6.185216],[-75.554469,6.185242],[-75.554355,6.185259],[-75.55423,6.185266],[-75.554067,6.18526]],[[-75.554067,6.18526],[-75.553866,6.185236],[-75.553269,6.185201]],[[-75.553329,6.185667],[-75.553355,6.185623],[-75.553375,6.18559],[-75.55339,6.18555],[-75.553404,6.185504],[-75.55341,6.185435],[-75.553404,6.185389],[-75.553396,6.185347],[-75.553378,6.185306],[-75.553352,6.185265],[-75.553315,6.185233],[-75.553269,6.185201],[-75.553224,6.185188],[-75.552951,6.185164],[-75.552881,6.185175],[-75.552835,6.185185],[-75.552791,6.185203],[-75.552758,6.18523],[-75.552736,6.18526],[-75.552719,6.185291],[-75.552708,6.185328],[-75.552699,6.18537],[-75.552696,6.185411],[-75.5527,6.185445],[-75.552714,6.185489],[-75.552726,6.185516],[-75.552755,6.185569],[-75.552784,6.185608],[-75.55283,6.185656],[-75.552863,6.18569],[-75.552909,6.185721]],[[-75.552909,6.185721],[-75.552976,6.185749],[-75.553031,6.185763],[-75.553092,6.185769],[-75.55314,6.185765],[-75.553185,6.185754],[-75.553226,6.185738],[-75.553268,6.185713],[-75.553296,6.185693],[-75.553329,6.185667]],[[-75.553404,6.185504],[-75.55348,6.185432],[-75.553534,6.185393],[-75.553593,6.185367],[-75.553661,6.185345],[-75.55376,6.185318],[-75.553867,6.185296],[-75.554067,6.18526]],[[-75.581639,6.193198],[-75.581488,6.193591],[-75.581213,6.194308],[-75.581176,6.194385],[-75.581163,6.194402],[-75.581141,6.194432],[-75.581105,6.194478],[-75.58107,6.194513],[-75.581011,6.194561],[-75.580989,6.194575],[-75.580866,6.194651],[-75.580685,6.194762],[-75.580635,6.194788],[-75.580588,6.194808],[-75.580541,6.194826],[-75.580494,6.194839]],[[-75.582157,6.191082],[-75.582051,6.19155],[-75.582037,6.191618],[-75.581966,6.191967],[-75.581918,6.192174],[-75.581868,6.192375],[-75.581795,6.192647],[-75.581703,6.192976],[-75.581639,6.193198]],[[-75.582157,6.191082],[-75.582111,6.19107],[-75.581781,6.190988],[-75.581722,6.190966],[-75.581637,6.19093]],[[-75.581637,6.19093],[-75.581126,6.19066],[-75.580686,6.190428],[-75.580506,6.190332],[-75.580459,6.190307]],[[-75.580122,6.192241],[-75.58017,6.19163],[-75.580203,6.191334],[-75.58022,6.191189],[-75.580242,6.191059],[-75.58027,6.190927],[-75.58032,6.190755],[-75.580459,6.190307]],[[-75.579832,6.194464],[-75.579789,6.194266],[-75.579771,6.194168],[-75.579767,6.194098],[-75.579778,6.194004],[-75.579794,6.19392]],[[-75.579794,6.19392],[-75.579884,6.19356],[-75.580059,6.192867],[-75.580111,6.192659],[-75.580138,6.192551]],[[-75.579032,6.194661],[-75.579032,6.194713],[-75.579038,6.194764],[-75.579051,6.194815],[-75.57907,6.194863],[-75.579094,6.194909]],[[-75.579036,6.19462],[-75.579032,6.194661]],[[-75.579226,6.194327],[-75.579178,6.194363],[-75.579136,6.194406],[-75.5791,6.194454],[-75.579071,6.194506],[-75.579049,6.194562],[-75.579036,6.19462]],[[-75.579263,6.194305],[-75.579226,6.194327]],[[-75.579832,6.194464],[-75.579784,6.194399],[-75.579724,6.194344],[-75.579655,6.194302],[-75.579579,6.194273],[-75.579499,6.194258],[-75.579418,6.194259],[-75.579339,6.194275],[-75.579263,6.194305]],[[-75.579869,6.194542],[-75.579832,6.194464]],[[-75.579872,6.194822],[-75.579889,6.194752],[-75.579894,6.194681],[-75.579888,6.19461],[-75.579869,6.194542]],[[-75.579863,6.194848],[-75.579872,6.194822]],[[-75.579716,6.195033],[-75.579776,6.194981],[-75.579826,6.194918],[-75.579863,6.194848]],[[-75.579661,6.195067],[-75.5797,6.195044],[-75.579716,6.195033]],[[-75.579131,6.19496],[-75.579171,6.195002],[-75.579217,6.195038],[-75.579267,6.195068],[-75.57932,6.195091],[-75.579377,6.195106],[-75.579435,6.195114],[-75.579493,6.195114],[-75.579551,6.195106],[-75.579607,6.19509],[-75.579661,6.195067]],[[-75.579094,6.194909],[-75.579131,6.19496]],[[-75.578579,6.194706],[-75.578667,6.194722],[-75.578793,6.194748],[-75.578876,6.194774],[-75.578962,6.19481],[-75.579021,6.194848],[-75.579094,6.194909]],[[-75.577456,6.194122],[-75.577565,6.194239],[-75.57764,6.194314],[-75.577706,6.19437],[-75.577784,6.194427],[-75.577891,6.194493],[-75.578023,6.194562],[-75.578142,6.194607],[-75.578231,6.194636],[-75.578357,6.194666],[-75.578487,6.194692],[-75.578579,6.194706]],[[-75.577456,6.194122],[-75.577506,6.194077]],[[-75.577353,6.193914],[-75.577506,6.194077]],[[-75.577139,6.193866],[-75.577353,6.193914]],[[-75.576463,6.193933],[-75.576531,6.19385],[-75.576561,6.193817],[-75.576603,6.193779],[-75.576658,6.193754],[-75.576715,6.193747],[-75.576778,6.193745],[-75.576852,6.193755],[-75.57693,6.193774],[-75.577036,6.193815],[-75.577139,6.193866]],[[-75.576442,6.194273],[-75.576459,6.194127],[-75.576463,6.193933]],[[-75.576341,6.194534],[-75.576404,6.194388],[-75.576442,6.194273]],[[-75.575693,6.195239],[-75.576075,6.194888],[-75.576218,6.194726],[-75.576341,6.194534]],[[-75.575538,6.195387],[-75.575693,6.195239]],[[-75.575415,6.195498],[-75.575538,6.195387]],[[-75.574753,6.196828],[-75.574836,6.19644],[-75.574865,6.196332],[-75.574923,6.19617],[-75.574979,6.196038],[-75.575035,6.195933],[-75.575099,6.195842],[-75.575173,6.19575],[-75.575271,6.195648],[-75.575415,6.195498]],[[-75.574656,6.197215],[-75.574753,6.196828]],[[-75.574623,6.19734],[-75.574656,6.197215]],[[-75.574573,6.197497],[-75.574623,6.19734]],[[-75.573912,6.198812],[-75.574453,6.197763],[-75.574498,6.197671],[-75.574541,6.197577],[-75.574573,6.197497]],[[-75.573699,6.199198],[-75.573814,6.198984],[-75.573912,6.198812]],[[-75.573555,6.199473],[-75.573662,6.199268],[-75.573699,6.199198]],[[-75.573499,6.199574],[-75.573555,6.199473]],[[-75.573419,6.199718],[-75.573499,6.199574]],[[-75.573311,6.199899],[-75.57335,6.199825],[-75.573419,6.199718]],[[-75.573076,6.200308],[-75.573311,6.199899]],[[-75.572786,6.20081],[-75.573076,6.200308]],[[-75.572722,6.200923],[-75.572786,6.20081]],[[-75.572589,6.200929],[-75.572656,6.200928],[-75.572722,6.200923]],[[-75.571707,6.200615],[-75.571945,6.200715],[-75.572399,6.200886],[-75.572495,6.200916],[-75.572517,6.200919],[-75.572589,6.200929]],[[-75.572349,6.199056],[-75.572308,6.199127],[-75.57227,6.199201],[-75.571973,6.199949],[-75.571707,6.200615]],[[-75.572726,6.199506],[-75.572667,6.199442],[-75.572604,6.199353],[-75.57253,6.199229],[-75.572453,6.199138],[-75.572349,6.199056]],[[-75.573031,6.199695],[-75.572955,6.199651],[-75.57282,6.199573],[-75.572726,6.199506]],[[-75.573341,6.199649],[-75.573292,6.199671],[-75.573241,6.199687],[-75.573189,6.199698],[-75.573137,6.199702],[-75.573083,6.199702],[-75.573031,6.199695]],[[-75.573623,6.199136],[-75.573575,6.199223],[-75.573341,6.199649]],[[-75.57379,6.198814],[-75.573623,6.199136]],[[-75.574522,6.197384],[-75.574459,6.197546],[-75.574424,6.197621],[-75.574368,6.197721],[-75.574322,6.197804],[-75.573905,6.198603],[-75.57379,6.198814]],[[-75.574619,6.197062],[-75.574577,6.197218],[-75.57454,6.197335],[-75.574522,6.197384]],[[-75.574638,6.196601],[-75.57463,6.196654],[-75.574617,6.196763],[-75.574616,6.196833],[-75.574625,6.196952],[-75.574619,6.197062]],[[-75.574679,6.196282],[-75.574677,6.196308],[-75.574647,6.196524],[-75.574638,6.196601]],[[-75.57441,6.195666],[-75.574479,6.195735],[-75.574572,6.195825],[-75.57464,6.195905],[-75.574675,6.19598],[-75.574688,6.196038],[-75.574692,6.196112],[-75.574679,6.196282]],[[-75.574144,6.195334],[-75.574287,6.195524],[-75.57441,6.195666]],[[-75.573897,6.195086],[-75.574144,6.195334]],[[-75.572757,6.19454],[-75.572873,6.194577],[-75.57304,6.194635],[-75.57317,6.194684],[-75.573589,6.194888],[-75.573696,6.194944],[-75.573768,6.194986],[-75.573819,6.195022],[-75.573897,6.195086]],[[-75.572098,6.193886],[-75.57218,6.193963],[-75.572237,6.194016],[-75.572406,6.194177],[-75.572496,6.19427],[-75.572564,6.194359],[-75.572608,6.194421],[-75.572649,6.194476],[-75.572694,6.194513],[-75.572757,6.19454]],[[-75.571795,6.193662],[-75.57181,6.19367],[-75.571871,6.193706],[-75.571991,6.19379],[-75.572098,6.193886]],[[-75.571386,6.193444],[-75.571533,6.193521],[-75.571729,6.193624],[-75.571795,6.193662]],[[-75.570559,6.193284],[-75.57067,6.193238],[-75.57074,6.193222],[-75.570801,6.193215],[-75.570862,6.193216],[-75.570977,6.193239],[-75.571038,6.193262],[-75.57107,6.193279],[-75.571386,6.193444]],[[-75.570249,6.19349],[-75.570316,6.193447],[-75.570422,6.193368],[-75.570489,6.193326],[-75.570559,6.193284]],[[-75.568324,6.19262],[-75.568396,6.192685],[-75.568523,6.192769],[-75.568655,6.19285],[-75.569045,6.193099],[-75.569361,6.193293],[-75.569512,6.193387],[-75.569596,6.193438],[-75.5697,6.193498],[-75.569765,6.193524],[-75.569792,6.193535],[-75.569858,6.193557],[-75.569921,6.193567],[-75.57001,6.193563],[-75.570079,6.193553],[-75.570149,6.193534],[-75.570249,6.19349]],[[-75.56809,6.192321],[-75.56815,6.192378],[-75.568203,6.192446],[-75.568265,6.192542],[-75.568324,6.19262]],[[-75.567778,6.192143],[-75.56787,6.192197],[-75.567999,6.192263],[-75.56809,6.192321]],[[-75.567554,6.191989],[-75.567778,6.192143]],[[-75.567224,6.191842],[-75.56738,6.191893],[-75.567489,6.191943],[-75.567554,6.191989]],[[-75.565913,6.191404],[-75.566002,6.191462],[-75.566147,6.19152],[-75.567152,6.19182],[-75.567224,6.191842]],[[-75.565027,6.190135],[-75.565041,6.190211],[-75.56506,6.19029],[-75.565086,6.190363],[-75.565144,6.190477],[-75.565278,6.190682],[-75.565455,6.190927],[-75.565583,6.191088],[-75.56565,6.191161],[-75.565714,6.191233],[-75.565783,6.191303],[-75.565913,6.191404]],[[-75.564911,6.190126],[-75.564952,6.190124],[-75.564992,6.190127],[-75.565027,6.190135]],[[-75.563538,6.189938],[-75.563657,6.189914],[-75.563823,6.189893],[-75.563931,6.189895],[-75.56403,6.189901],[-75.564112,6.189918],[-75.564198,6.189948],[-75.564256,6.189975],[-75.564349,6.190022],[-75.564476,6.190099],[-75.564582,6.190161],[-75.564644,6.19019],[-75.5647,6.190202],[-75.564761,6.190197],[-75.564815,6.190183],[-75.564864,6.190155],[-75.564911,6.190126]],[[-75.562578,6.193707],[-75.563204,6.192622],[-75.563277,6.192443],[-75.563341,6.192267],[-75.563381,6.192105],[-75.563415,6.191923],[-75.563435,6.191698],[-75.563432,6.191461],[-75.563398,6.191161],[-75.563377,6.191039],[-75.563329,6.190793],[-75.563305,6.190634],[-75.563316,6.190532],[-75.563349,6.190412],[-75.563424,6.190235],[-75.563494,6.190064],[-75.563538,6.189938]],[[-75.562367,6.193621],[-75.562578,6.193707]],[[-75.559742,6.192267],[-75.55977,6.192274],[-75.559944,6.192346],[-75.560084,6.19242],[-75.560375,6.192589],[-75.56085,6.192862],[-75.561046,6.192971],[-75.561438,6.193203],[-75.561583,6.193274],[-75.562173,6.193539],[-75.562367,6.193621]],[[-75.560243,6.191546],[-75.560163,6.191659],[-75.559816,6.192165],[-75.559742,6.192267]],[[-75.560455,6.190972],[-75.560385,6.19123],[-75.560335,6.191368],[-75.560291,6.191465],[-75.560243,6.191546]],[[-75.560592,6.190528],[-75.560455,6.190972]],[[-75.561516,6.187398],[-75.561449,6.1876],[-75.561349,6.187949],[-75.561277,6.188211],[-75.561116,6.188798],[-75.561011,6.189166],[-75.560994,6.189226],[-75.560857,6.189681],[-75.560684,6.19025],[-75.560592,6.190528]],[[-75.561376,6.187091],[-75.561436,6.187127],[-75.561456,6.187163],[-75.561461,6.187199],[-75.561449,6.187233],[-75.56137,6.187495],[-75.561323,6.187671],[-75.561295,6.187822],[-75.561277,6.18795],[-75.561276,6.188097],[-75.561277,6.188211]]]}},{"type":"Feature","properties":{"name":"Bus Integrado 133-II: Estación Aguacatala → San Lucas","ref":"133-II"},"geometry":{"type":"MultiLineString","coordinates":[[[-75.581639,6.193198],[-75.581488,6.193591],[-75.581213,6.194308],[-75.581176,6.194385],[-75.581163,6.194402],[-75.581141,6.194432],[-75.581105,6.194478],[-75.58107,6.194513],[-75.581011,6.194561],[-75.580989,6.194575],[-75.580866,6.194651],[-75.580685,6.194762],[-75.580635,6.194788],[-75.580588,6.194808],[-75.580541,6.194826],[-75.580494,6.194839]],[[-75.580931,6.195061],[-75.580745,6.194935],[-75.580687,6.194901],[-75.580627,6.194875],[-75.580569,6.194857],[-75.580494,6.194839]],[[-75.580931,6.195061],[-75.580321,6.194908],[-75.579719,6.194751],[-75.579181,6.194623],[-75.578837,6.194555],[-75.578426,6.194481],[-75.578307,6.194455],[-75.578199,6.194425],[-75.578114,6.194396],[-75.578025,6.194357],[-75.577938,6.194313],[-75.577861,6.194263],[-75.577783,6.194208],[-75.57767,6.194115],[-75.57763,6.194077],[-75.577598,6.19404],[-75.577559,6.193988],[-75.577529,6.193939],[-75.577507,6.193896],[-75.57748,6.193841],[-75.577446,6.193757],[-75.577411,6.193677],[-75.577358,6.193603]],[[-75.577358,6.193603],[-75.577258,6.193453],[-75.577136,6.193341],[-75.576953,6.193208],[-75.576842,6.193114],[-75.576627,6.192935],[-75.576529,6.192811],[-75.576463,6.19268],[-75.576395,6.192453]],[[-75.576395,6.192453],[-75.576454,6.192115],[-75.576562,6.191801],[-75.576623,6.191653],[-75.576707,6.191434],[-75.576761,6.191285],[-75.576931,6.190716]],[[-75.576931,6.190716],[-75.577004,6.190466]],[[-75.577004,6.190466],[-75.577003,6.190373],[-75.577122,6.189959],[-75.577129,6.189914],[-75.57713,6.189885],[-75.577125,6.189857],[-75.577109,6.18983],[-75.577082,6.189807]],[[-75.577082,6.189807],[-75.57703,6.189787],[-75.576657,6.189645],[-75.5765,6.189584]],[[-75.5765,6.189584],[-75.576404,6.189543],[-75.576322,6.189498],[-75.575904,6.189226],[-75.575601,6.189024],[-75.575256,6.188794],[-75.575132,6.188702],[-75.575015,6.188598],[-75.574844,6.188421],[-75.574716,6.188245],[-75.5746,6.18802],[-75.574504,6.18772],[-75.574395,6.187483],[-75.574285,6.187312],[-75.574118,6.187179],[-75.573894,6.187035],[-75.573476,6.186776],[-75.572653,6.186319],[-75.571792,6.185892],[-75.571653,6.185834],[-75.571509,6.185797],[-75.571362,6.185773],[-75.571204,6.185772],[-75.570231,6.185861]],[[-75.570231,6.185861],[-75.570114,6.185866]],[[-75.570114,6.185866],[-75.570051,6.185862],[-75.570031,6.185858],[-75.570006,6.185853],[-75.569949,6.185835]],[[-75.569881,6.186086],[-75.569928,6.185912],[-75.569949,6.185835]],[[-75.569755,6.186993],[-75.569801,6.186937],[-75.56984,6.18686],[-75.56987,6.186761],[-75.569885,6.186649],[-75.569875,6.186191],[-75.569881,6.186086]],[[-75.568283,6.187126],[-75.568397,6.187119],[-75.568521,6.187116],[-75.5694,6.187099],[-75.569588,6.187082],[-75.569648,6.187065],[-75.569709,6.187031],[-75.569755,6.186993]],[[-75.567933,6.19036],[-75.567967,6.190275],[-75.567988,6.190215],[-75.568012,6.190129],[-75.568023,6.190058],[-75.568028,6.189927],[-75.568018,6.189783],[-75.567996,6.189674],[-75.56797,6.18958],[-75.567927,6.189478],[-75.567883,6.189378],[-75.567764,6.189137],[-75.56771,6.189001],[-75.567648,6.188783],[-75.567623,6.188663],[-75.567598,6.188503],[-75.567591,6.188371],[-75.567595,6.188226],[-75.567613,6.18808],[-75.567628,6.187958],[-75.567653,6.18775],[-75.56772,6.187482],[-75.56776,6.187396],[-75.567797,6.187334],[-75.567851,6.187279],[-75.567924,6.187222],[-75.568006,6.187182],[-75.568046,6.187171],[-75.568095,6.187156],[-75.568191,6.187136],[-75.568283,6.187126]],[[-75.579226,6.194327],[-75.578869,6.194414],[-75.578793,6.194428],[-75.578724,6.194436],[-75.578649,6.194434]],[[-75.578649,6.194434],[-75.578511,6.194411],[-75.578373,6.194381],[-75.578221,6.194339],[-75.578022,6.194267],[-75.577866,6.194206],[-75.577768,6.194163],[-75.57767,6.194115]],[[-75.580199,6.194771],[-75.580153,6.194752],[-75.58011,6.194727],[-75.580035,6.194676],[-75.579953,6.194612],[-75.579869,6.194542]],[[-75.569949,6.185835],[-75.570019,6.185638]],[[-75.570019,6.185638],[-75.570304,6.184838]],[[-75.570304,6.184838],[-75.570337,6.184734]],[[-75.570337,6.184734],[-75.57037,6.184622],[-75.570472,6.184138],[-75.570507,6.183967],[-75.570524,6.183771],[-75.570524,6.183594],[-75.570524,6.183541],[-75.570524,6.183439],[-75.570524,6.183338],[-75.570535,6.183246],[-75.57055,6.183191],[-75.570584,6.183097],[-75.57067,6.182892],[-75.570713,6.182764],[-75.57073,6.182671],[-75.570747,6.182525],[-75.570747,6.182406],[-75.57073,6.182261],[-75.570663,6.182005],[-75.570643,6.181926],[-75.570571,6.181658]],[[-75.570571,6.181658],[-75.570511,6.181534],[-75.570466,6.18147],[-75.570413,6.181414],[-75.570361,6.18138],[-75.570314,6.181354],[-75.570234,6.181328],[-75.570107,6.181297],[-75.56994,6.181268]],[[-75.56994,6.181268],[-75.569758,6.181226],[-75.569604,6.181184],[-75.569514,6.181156]],[[-75.569514,6.181156],[-75.569432,6.181115],[-75.569324,6.181085],[-75.569204,6.181062],[-75.569111,6.181053],[-75.569031,6.181056],[-75.56894,6.181072],[-75.568843,6.181099]],[[-75.568843,6.181099],[-75.568671,6.18116],[-75.568549,6.181207]],[[-75.568549,6.181207],[-75.568479,6.181256]],[[-75.568479,6.181256],[-75.568362,6.181297],[-75.568106,6.181389]],[[-75.568106,6.181389],[-75.567821,6.181496],[-75.567777,6.181513],[-75.567645,6.181562],[-75.567322,6.181679],[-75.567241,6.181705],[-75.567175,6.181726]],[[-75.567175,6.181726],[-75.567116,6.181739],[-75.567024,6.181747],[-75.566917,6.181737],[-75.566793,6.181709],[-75.566731,6.181684],[-75.566658,6.181656],[-75.566486,6.181584],[-75.565747,6.181259],[-75.565688,6.181233],[-75.565597,6.181195],[-75.565457,6.18114],[-75.565393,6.181118]]]}},{"type":"Feature","properties":{"name":"Bus Integrado 133-II: San Lucas → Estación Aguacatala","ref":"133-II"},"geometry":{"type":"MultiLineString","coordinates":[[[-75.569881,6.186086],[-75.569928,6.185912],[-75.569949,6.185835]],[[-75.569755,6.186993],[-75.569801,6.186937],[-75.56984,6.18686],[-75.56987,6.186761],[-75.569885,6.186649],[-75.569875,6.186191],[-75.569881,6.186086]],[[-75.568283,6.187126],[-75.568397,6.187119],[-75.568521,6.187116],[-75.5694,6.187099],[-75.569588,6.187082],[-75.569648,6.187065],[-75.569709,6.187031],[-75.569755,6.186993]],[[-75.567933,6.19036],[-75.567967,6.190275],[-75.567988,6.190215],[-75.568012,6.190129],[-75.568023,6.190058],[-75.568028,6.189927],[-75.568018,6.189783],[-75.567996,6.189674],[-75.56797,6.18958],[-75.567927,6.189478],[-75.567883,6.189378],[-75.567764,6.189137],[-75.56771,6.189001],[-75.567648,6.188783],[-75.567623,6.188663],[-75.567598,6.188503],[-75.567591,6.188371],[-75.567595,6.188226],[-75.567613,6.18808],[-75.567628,6.187958],[-75.567653,6.18775],[-75.56772,6.187482],[-75.56776,6.187396],[-75.567797,6.187334],[-75.567851,6.187279],[-75.567924,6.187222],[-75.568006,6.187182],[-75.568046,6.187171],[-75.568095,6.187156],[-75.568191,6.187136],[-75.568283,6.187126]],[[-75.567737,6.190807],[-75.567933,6.19036]],[[-75.567559,6.191005],[-75.567594,6.190944],[-75.56764,6.190882],[-75.567688,6.190838],[-75.567737,6.190807]],[[-75.567242,6.191752],[-75.567286,6.191635],[-75.56749,6.191155],[-75.567559,6.191005]],[[-75.567468,6.191836],[-75.567242,6.191752]],[[-75.567852,6.192086],[-75.567751,6.192023],[-75.567608,6.191917],[-75.567526,6.191869],[-75.567468,6.191836]],[[-75.568103,6.192123],[-75.568065,6.192122],[-75.567999,6.192122],[-75.567928,6.192112],[-75.567852,6.192086]],[[-75.56984,6.19214],[-75.569817,6.192081],[-75.569771,6.192006],[-75.569682,6.191914],[-75.56958,6.191855],[-75.569476,6.191826],[-75.569361,6.19182],[-75.569245,6.191839],[-75.569045,6.191921],[-75.568817,6.192018],[-75.568726,6.192045],[-75.568534,6.192064],[-75.568456,6.192073],[-75.568103,6.192123]],[[-75.570199,6.192793],[-75.570098,6.192748],[-75.570019,6.192701],[-75.569962,6.19264],[-75.569923,6.192562],[-75.569896,6.192453],[-75.569883,6.192323],[-75.569865,6.192222],[-75.56984,6.19214]],[[-75.570428,6.19288],[-75.57033,6.192844],[-75.570199,6.192793]],[[-75.570592,6.192948],[-75.570428,6.19288]],[[-75.570559,6.193284],[-75.570633,6.193207],[-75.57066,6.19316],[-75.570669,6.193102],[-75.57066,6.193055],[-75.570645,6.193014],[-75.570592,6.192948]],[[-75.570249,6.19349],[-75.570316,6.193447],[-75.570422,6.193368],[-75.570489,6.193326],[-75.570559,6.193284]],[[-75.568324,6.19262],[-75.568396,6.192685],[-75.568523,6.192769],[-75.568655,6.19285],[-75.569045,6.193099],[-75.569361,6.193293],[-75.569512,6.193387],[-75.569596,6.193438],[-75.5697,6.193498],[-75.569765,6.193524],[-75.569792,6.193535],[-75.569858,6.193557],[-75.569921,6.193567],[-75.57001,6.193563],[-75.570079,6.193553],[-75.570149,6.193534],[-75.570249,6.19349]],[[-75.56809,6.192321],[-75.56815,6.192378],[-75.568203,6.192446],[-75.568265,6.192542],[-75.568324,6.19262]],[[-75.567778,6.192143],[-75.56787,6.192197],[-75.567999,6.192263],[-75.56809,6.192321]],[[-75.567554,6.191989],[-75.567778,6.192143]],[[-75.567224,6.191842],[-75.56738,6.191893],[-75.567489,6.191943],[-75.567554,6.191989]],[[-75.565913,6.191404],[-75.566002,6.191462],[-75.566147,6.19152],[-75.567152,6.19182],[-75.567224,6.191842]],[[-75.565027,6.190135],[-75.565041,6.190211],[-75.56506,6.19029],[-75.565086,6.190363],[-75.565144,6.190477],[-75.565278,6.190682],[-75.565455,6.190927],[-75.565583,6.191088],[-75.56565,6.191161],[-75.565714,6.191233],[-75.565783,6.191303],[-75.565913,6.191404]],[[-75.564911,6.190126],[-75.564952,6.190124],[-75.564992,6.190127],[-75.565027,6.190135]],[[-75.563538,6.189938],[-75.563657,6.189914],[-75.563823,6.189893],[-75.563931,6.189895],[-75.56403,6.189901],[-75.564112,6.189918],[-75.564198,6.189948],[-75.564256,6.189975],[-75.564349,6.190022],[-75.564476,6.190099],[-75.564582,6.190161],[-75.564644,6.19019],[-75.5647,6.190202],[-75.564761,6.190197],[-75.564815,6.190183],[-75.564864,6.190155],[-75.564911,6.190126]],[[-75.562578,6.193707],[-75.563204,6.192622],[-75.563277,6.192443],[-75.563341,6.192267],[-75.563381,6.192105],[-75.563415,6.191923],[-75.563435,6.191698],[-75.563432,6.191461],[-75.563398,6.191161],[-75.563377,6.191039],[-75.563329,6.190793],[-75.563305,6.190634],[-75.563316,6.190532],[-75.563349,6.190412],[-75.563424,6.190235],[-75.563494,6.190064],[-75.563538,6.189938]],[[-75.562367,6.193621],[-75.562578,6.193707]],[[-75.559742,6.192267],[-75.55977,6.192274],[-75.559944,6.192346],[-75.560084,6.19242],[-75.560375,6.192589],[-75.56085,6.192862],[-75.561046,6.192971],[-75.561438,6.193203],[-75.561583,6.193274],[-75.562173,6.193539],[-75.562367,6.193621]],[[-75.560243,6.191546],[-75.560163,6.191659],[-75.559816,6.192165],[-75.559742,6.192267]],[[-75.560455,6.190972],[-75.560385,6.19123],[-75.560335,6.191368],[-75.560291,6.191465],[-75.560243,6.191546]],[[-75.560592,6.190528],[-75.560455,6.190972]],[[-75.561516,6.187398],[-75.561449,6.1876],[-75.561349,6.187949],[-75.561277,6.188211],[-75.561116,6.188798],[-75.561011,6.189166],[-75.560994,6.189226],[-75.560857,6.189681],[-75.560684,6.19025],[-75.560592,6.190528]],[[-75.561764,6.186805],[-75.561516,6.187398]],[[-75.563305,6.184039],[-75.563231,6.184085],[-75.563142,6.184117],[-75.563013,6.18414],[-75.562892,6.184144],[-75.56276,6.184124],[-75.562591,6.184077],[-75.562143,6.183957],[-75.561993,6.183916],[-75.561819,6.18387],[-75.561631,6.183835],[-75.561558,6.183834],[-75.561481,6.183844],[-75.561404,6.183868],[-75.561348,6.183905],[-75.561305,6.183938],[-75.561265,6.183994],[-75.561228,6.184071],[-75.56121,6.18416],[-75.561207,6.184273],[-75.561217,6.184373],[-75.561236,6.184484],[-75.561355,6.184929],[-75.561452,6.185265],[-75.561536,6.185538],[-75.561633,6.185831],[-75.561662,6.185895],[-75.561735,6.186058],[-75.561801,6.186222],[-75.561832,6.186348],[-75.561838,6.18646],[-75.561835,6.186566],[-75.561764,6.186805]],[[-75.56434,6.182393],[-75.564238,6.182568],[-75.564151,6.182714],[-75.563576,6.18371],[-75.563413,6.183941],[-75.563356,6.183998],[-75.563305,6.184039]],[[-75.564469,6.182183],[-75.564452,6.182217],[-75.56434,6.182393]],[[-75.564784,6.181644],[-75.564515,6.182102],[-75.564469,6.182183]],[[-75.564832,6.181562],[-75.564784,6.181644]],[[-75.565393,6.181118],[-75.565319,6.181114],[-75.565257,6.181121],[-75.565187,6.181143],[-75.565108,6.181185],[-75.565044,6.181239],[-75.564995,6.181301],[-75.564957,6.181356],[-75.564868,6.1815],[-75.564832,6.181562]],[[-75.567175,6.181726],[-75.567116,6.181739],[-75.567024,6.181747],[-75.566917,6.181737],[-75.566793,6.181709],[-75.566731,6.181684],[-75.566658,6.181656],[-75.566486,6.181584],[-75.565747,6.181259],[-75.565688,6.181233],[-75.565597,6.181195],[-75.565457,6.18114],[-75.565393,6.181118]],[[-75.568106,6.181389],[-75.567821,6.181496],[-75.567777,6.181513],[-75.567645,6.181562],[-75.567322,6.181679],[-75.567241,6.181705],[-75.567175,6.181726]],[[-75.568479,6.181256],[-75.568362,6.181297],[-75.568106,6.181389]],[[-75.568549,6.181207],[-75.568479,6.181256]],[[-75.568843,6.181099],[-75.568671,6.18116],[-75.568549,6.181207]],[[-75.569514,6.181156],[-75.569432,6.181115],[-75.569324,6.181085],[-75.569204,6.181062],[-75.569111,6.181053],[-75.569031,6.181056],[-75.56894,6.181072],[-75.568843,6.181099]],[[-75.56994,6.181268],[-75.569758,6.181226],[-75.569604,6.181184],[-75.569514,6.181156]],[[-75.570571,6.181658],[-75.570511,6.181534],[-75.570466,6.18147],[-75.570413,6.181414],[-75.570361,6.18138],[-75.570314,6.181354],[-75.570234,6.181328],[-75.570107,6.181297],[-75.56994,6.181268]],[[-75.570337,6.184734],[-75.57037,6.184622],[-75.570472,6.184138],[-75.570507,6.183967],[-75.570524,6.183771],[-75.570524,6.183594],[-75.570524,6.183541],[-75.570524,6.183439],[-75.570524,6.183338],[-75.570535,6.183246],[-75.57055,6.183191],[-75.570584,6.183097],[-75.57067,6.182892],[-75.570713,6.182764],[-75.57073,6.182671],[-75.570747,6.182525],[-75.570747,6.182406],[-75.57073,6.182261],[-75.570663,6.182005],[-75.570643,6.181926],[-75.570571,6.181658]],[[-75.570304,6.184838],[-75.570337,6.184734]],[[-75.570019,6.185638],[-75.570304,6.184838]],[[-75.569949,6.185835],[-75.570019,6.185638]],[[-75.570114,6.185866],[-75.570051,6.185862],[-75.570031,6.185858],[-75.570006,6.185853],[-75.569949,6.185835]],[[-75.570231,6.185861],[-75.570114,6.185866]],[[-75.5765,6.189584],[-75.576404,6.189543],[-75.576322,6.189498],[-75.575904,6.189226],[-75.575601,6.189024],[-75.575256,6.188794],[-75.575132,6.188702],[-75.575015,6.188598],[-75.574844,6.188421],[-75.574716,6.188245],[-75.5746,6.18802],[-75.574504,6.18772],[-75.574395,6.187483],[-75.574285,6.187312],[-75.574118,6.187179],[-75.573894,6.187035],[-75.573476,6.186776],[-75.572653,6.186319],[-75.571792,6.185892],[-75.571653,6.185834],[-75.571509,6.185797],[-75.571362,6.185773],[-75.571204,6.185772],[-75.570231,6.185861]],[[-75.577082,6.189807],[-75.57703,6.189787],[-75.576657,6.189645],[-75.5765,6.189584]],[[-75.577082,6.189807],[-75.576965,6.1902]],[[-75.576965,6.1902],[-75.57678,6.190836],[-75.576667,6.191205],[-75.576614,6.191359],[-75.5766,6.1914],[-75.576477,6.191736]],[[-75.576477,6.191736],[-75.576435,6.191853]],[[-75.576435,6.191853],[-75.576309,6.191965],[-75.576275,6.191995],[-75.576149,6.192107],[-75.575961,6.192246],[-75.57583,6.192319],[-75.575792,6.192339],[-75.575734,6.192371]],[[-75.575734,6.192371],[-75.575593,6.192483],[-75.575485,6.192591]],[[-75.575485,6.192591],[-75.575441,6.192664],[-75.575409,6.192743],[-75.57539,6.192825],[-75.575384,6.19291],[-75.575392,6.192995]],[[-75.575392,6.192995],[-75.575483,6.193165]],[[-75.575483,6.193165],[-75.575558,6.19322],[-75.575704,6.193307],[-75.575856,6.19337],[-75.576005,6.193412],[-75.576127,6.193434],[-75.576229,6.19345],[-75.576577,6.193522],[-75.576751,6.193575],[-75.576936,6.193643],[-75.577092,6.193709],[-75.577172,6.193757],[-75.57724,6.193808],[-75.577298,6.193861],[-75.577353,6.193914]],[[-75.577353,6.193914],[-75.577506,6.194077]],[[-75.577456,6.194122],[-75.577506,6.194077]],[[-75.577456,6.194122],[-75.577565,6.194239],[-75.57764,6.194314],[-75.577706,6.19437],[-75.577784,6.194427],[-75.577891,6.194493],[-75.578023,6.194562],[-75.578142,6.194607],[-75.578231,6.194636],[-75.578357,6.194666],[-75.578487,6.194692],[-75.578579,6.194706]],[[-75.578579,6.194706],[-75.578667,6.194722],[-75.578793,6.194748],[-75.578876,6.194774],[-75.578962,6.19481],[-75.579021,6.194848],[-75.579094,6.194909]],[[-75.579032,6.194661],[-75.579032,6.194713],[-75.579038,6.194764],[-75.579051,6.194815],[-75.57907,6.194863],[-75.579094,6.194909]],[[-75.579036,6.19462],[-75.579032,6.194661]],[[-75.579226,6.194327],[-75.579178,6.194363],[-75.579136,6.194406],[-75.5791,6.194454],[-75.579071,6.194506],[-75.579049,6.194562],[-75.579036,6.19462]],[[-75.579263,6.194305],[-75.579226,6.194327]],[[-75.579832,6.194464],[-75.579784,6.194399],[-75.579724,6.194344],[-75.579655,6.194302],[-75.579579,6.194273],[-75.579499,6.194258],[-75.579418,6.194259],[-75.579339,6.194275],[-75.579263,6.194305]],[[-75.579869,6.194542],[-75.579832,6.194464]],[[-75.579872,6.194822],[-75.579889,6.194752],[-75.579894,6.194681],[-75.579888,6.19461],[-75.579869,6.194542]],[[-75.579863,6.194848],[-75.579872,6.194822]],[[-75.579716,6.195033],[-75.579776,6.194981],[-75.579826,6.194918],[-75.579863,6.194848]],[[-75.579661,6.195067],[-75.5797,6.195044],[-75.579716,6.195033]],[[-75.579131,6.19496],[-75.579171,6.195002],[-75.579217,6.195038],[-75.579267,6.195068],[-75.57932,6.195091],[-75.579377,6.195106],[-75.579435,6.195114],[-75.579493,6.195114],[-75.579551,6.195106],[-75.579607,6.19509],[-75.579661,6.195067]],[[-75.579094,6.194909],[-75.579131,6.19496]],[[-75.579832,6.194464],[-75.579789,6.194266],[-75.579771,6.194168],[-75.579767,6.194098],[-75.579778,6.194004],[-75.579794,6.19392]],[[-75.579794,6.19392],[-75.579884,6.19356],[-75.580059,6.192867],[-75.580111,6.192659],[-75.580138,6.192551]],[[-75.580138,6.192551],[-75.580141,6.192472],[-75.580136,6.192398],[-75.580122,6.192241]],[[-75.580122,6.192241],[-75.58017,6.19163],[-75.580203,6.191334],[-75.58022,6.191189],[-75.580242,6.191059],[-75.58027,6.190927],[-75.58032,6.190755],[-75.580459,6.190307]],[[-75.581637,6.19093],[-75.581126,6.19066],[-75.580686,6.190428],[-75.580506,6.190332],[-75.580459,6.190307]],[[-75.582157,6.191082],[-75.582111,6.19107],[-75.581781,6.190988],[-75.581722,6.190966],[-75.581637,6.19093]],[[-75.582157,6.191082],[-75.582051,6.19155],[-75.582037,6.191618],[-75.581966,6.191967],[-75.581918,6.192174],[-75.581868,6.192375],[-75.581795,6.192647],[-75.581703,6.192976],[-75.581639,6.193198]],[[-75.581639,6.193198],[-75.581488,6.193591],[-75.581213,6.194308],[-75.581176,6.194385],[-75.581163,6.194402],[-75.581141,6.194432],[-75.581105,6.194478],[-75.58107,6.194513],[-75.581011,6.194561],[-75.580989,6.194575],[-75.580866,6.194651],[-75.580685,6.194762],[-75.580635,6.194788],[-75.580588,6.194808],[-75.580541,6.194826],[-75.580494,6.194839]],[[-75.580494,6.194839],[-75.580347,6.194811],[-75.580261,6.194791],[-75.580199,6.194771]],[[-75.580199,6.194771],[-75.580153,6.194752],[-75.58011,6.194727],[-75.580035,6.194676],[-75.579953,6.194612],[-75.579869,6.194542]]]}},{"type":"Feature","properties":{"name":"Bus Integrado 134-I: Loma El Tesoro - Estación Poblado","ref":"134-I"},"geometry":{"type":"MultiLineString","coordinates":[[[-75.557866,6.196411],[-75.557678,6.196741],[-75.55765,6.19679],[-75.557448,6.197102],[-75.55744,6.197113]],[[-75.55744,6.197113],[-75.557133,6.197578],[-75.556885,6.197879],[-75.556343,6.1986]],[[-75.556343,6.1986],[-75.556338,6.198607],[-75.556302,6.198662],[-75.55614,6.198869]],[[-75.55614,6.198869],[-75.555875,6.199196],[-75.555793,6.199385],[-75.555739,6.199547],[-75.555707,6.199721]],[[-75.555707,6.199721],[-75.555714,6.199787],[-75.555734,6.199898],[-75.555763,6.200011],[-75.55586,6.200206],[-75.5561,6.20068],[-75.556159,6.200798],[-75.556229,6.201032],[-75.556264,6.201144],[-75.556292,6.20128],[-75.556315,6.201452],[-75.55632,6.201608],[-75.556316,6.201744],[-75.556295,6.201927],[-75.556274,6.202008],[-75.556247,6.202113],[-75.556215,6.202214]],[[-75.556215,6.202214],[-75.55606,6.202497],[-75.555929,6.202776]],[[-75.555929,6.202776],[-75.555677,6.203338],[-75.555631,6.203496],[-75.555566,6.203699],[-75.555536,6.203914]],[[-75.555536,6.203914],[-75.555519,6.204089]],[[-75.555519,6.204089],[-75.555515,6.204129]],[[-75.555515,6.204129],[-75.555407,6.205321],[-75.555372,6.205664],[-75.555329,6.205823],[-75.55529,6.20593],[-75.555237,6.206047],[-75.555168,6.206167],[-75.555049,6.20636],[-75.555023,6.206407],[-75.555006,6.206442]],[[-75.555006,6.206442],[-75.554917,6.206706]],[[-75.554917,6.206706],[-75.554875,6.207139],[-75.554918,6.208788]],[[-75.554918,6.208788],[-75.554931,6.208949]],[[-75.554931,6.208949],[-75.554936,6.208998],[-75.554922,6.209398]],[[-75.554922,6.209398],[-75.554859,6.20963],[-75.554762,6.209836],[-75.554684,6.209961],[-75.554626,6.210057],[-75.55462,6.210064],[-75.554603,6.210085]],[[-75.554603,6.210085],[-75.554573,6.210122]],[[-75.554573,6.210122],[-75.554447,6.210277],[-75.554325,6.210425],[-75.554203,6.210619],[-75.554186,6.210736],[-75.554208,6.210868],[-75.554259,6.210994],[-75.554328,6.211098],[-75.554422,6.211184],[-75.554535,6.211288],[-75.554857,6.211538],[-75.554993,6.211633],[-75.555148,6.211739],[-75.555438,6.211948],[-75.555568,6.212038],[-75.556017,6.212341],[-75.556051,6.212366],[-75.556082,6.212385],[-75.556292,6.212543],[-75.556582,6.212762],[-75.55665,6.212818],[-75.556832,6.213033],[-75.556952,6.213229],[-75.557241,6.213751],[-75.557601,6.214473]],[[-75.554573,6.210122],[-75.554447,6.210277],[-75.554325,6.210425],[-75.554203,6.210619],[-75.554186,6.210736],[-75.554208,6.210868],[-75.554259,6.210994],[-75.554328,6.211098],[-75.554422,6.211184],[-75.554535,6.211288],[-75.554857,6.211538],[-75.554993,6.211633],[-75.555148,6.211739],[-75.555438,6.211948],[-75.555568,6.212038],[-75.556017,6.212341],[-75.556051,6.212366],[-75.556082,6.212385],[-75.556292,6.212543],[-75.556582,6.212762],[-75.55665,6.212818],[-75.556832,6.213033],[-75.556952,6.213229],[-75.557241,6.213751],[-75.557601,6.214473]],[[-75.554603,6.210085],[-75.554573,6.210122]],[[-75.554922,6.209398],[-75.554859,6.20963],[-75.554762,6.209836],[-75.554684,6.209961],[-75.554626,6.210057],[-75.55462,6.210064],[-75.554603,6.210085]],[[-75.555158,6.208934],[-75.555022,6.209204],[-75.554922,6.209398]],[[-75.555605,6.208319],[-75.55556,6.20836],[-75.555509,6.208381],[-75.555452,6.208387],[-75.55537,6.208424],[-75.555329,6.208475],[-75.555302,6.208527],[-75.555158,6.208934]],[[-75.555605,6.208319],[-75.556035,6.208494],[-75.556117,6.208537],[-75.556302,6.208605],[-75.556452,6.208627],[-75.556576,6.208623],[-75.556671,6.20861],[-75.556779,6.208592],[-75.556841,6.208574],[-75.556938,6.208552],[-75.557079,6.208536],[-75.557265,6.208504],[-75.557372,6.208499],[-75.557514,6.208531],[-75.557577,6.208566]],[[-75.557577,6.208566],[-75.557683,6.208631],[-75.557735,6.208664],[-75.557834,6.208729],[-75.557935,6.208783],[-75.558162,6.208835],[-75.558516,6.208886],[-75.558738,6.208905]],[[-75.558738,6.208905],[-75.558915,6.208937],[-75.559097,6.208948]],[[-75.559097,6.208948],[-75.559225,6.208956]],[[-75.559225,6.208956],[-75.559351,6.208964],[-75.559703,6.208944]],[[-75.559703,6.208944],[-75.55972,6.208941],[-75.559779,6.208933],[-75.560084,6.20889],[-75.560407,6.208843],[-75.561214,6.208803],[-75.562002,6.208759],[-75.562544,6.208736]],[[-75.562544,6.208736],[-75.562696,6.20876],[-75.562952,6.208752],[-75.563098,6.208746],[-75.563257,6.208749],[-75.563542,6.208735],[-75.563705,6.208727],[-75.563828,6.208722],[-75.56393,6.208704],[-75.564069,6.208675]],[[-75.564069,6.208675],[-75.564108,6.20868],[-75.564206,6.208729],[-75.564468,6.208852],[-75.564544,6.208898],[-75.564602,6.208951],[-75.56476,6.209098],[-75.564806,6.20913],[-75.564859,6.209169],[-75.565019,6.209301]],[[-75.565019,6.209301],[-75.565166,6.209407],[-75.565226,6.209446]],[[-75.565226,6.209446],[-75.565363,6.209519],[-75.565527,6.209591]],[[-75.565527,6.209591],[-75.565658,6.209645],[-75.565659,6.209646],[-75.565697,6.20966]],[[-75.565697,6.20966],[-75.565736,6.209674],[-75.566066,6.209784]],[[-75.566066,6.209784],[-75.566358,6.20989]],[[-75.566358,6.20989],[-75.56714,6.210185],[-75.567718,6.210403]],[[-75.567718,6.210403],[-75.568218,6.210593],[-75.568431,6.210675]],[[-75.568431,6.210675],[-75.568492,6.210698]],[[-75.568492,6.210698],[-75.568901,6.210841],[-75.569105,6.210922]],[[-75.569105,6.210922],[-75.569456,6.211055],[-75.569607,6.211104],[-75.569778,6.211144],[-75.57007,6.211188]],[[-75.57007,6.211188],[-75.570194,6.211227],[-75.570351,6.21129]],[[-75.570351,6.21129],[-75.570453,6.211365],[-75.570564,6.211477],[-75.570686,6.211616],[-75.570792,6.211721],[-75.570823,6.211749],[-75.570931,6.211836]],[[-75.570931,6.211836],[-75.571561,6.212081],[-75.571617,6.212103]],[[-75.571617,6.212103],[-75.571671,6.212124],[-75.571861,6.2122],[-75.572056,6.212276],[-75.572136,6.212307]],[[-75.572136,6.212307],[-75.572195,6.212333],[-75.572342,6.212396],[-75.572466,6.212455],[-75.572575,6.212517],[-75.572757,6.212637]],[[-75.572757,6.212637],[-75.572884,6.212712]],[[-75.572884,6.212712],[-75.573007,6.212774],[-75.57313,6.212818]],[[-75.57313,6.212818],[-75.573269,6.212843],[-75.573368,6.212852],[-75.573739,6.212859],[-75.573777,6.212865],[-75.5739,6.212881]],[[-75.5739,6.212881],[-75.574105,6.212917],[-75.574197,6.212935]],[[-75.574197,6.212935],[-75.574437,6.213062],[-75.574572,6.213106],[-75.574669,6.213131],[-75.5748,6.213149],[-75.574902,6.213164],[-75.575086,6.213156],[-75.575269,6.21317],[-75.575406,6.213195]],[[-75.575406,6.213195],[-75.575563,6.213231],[-75.575747,6.213288],[-75.57584,6.21335]],[[-75.57584,6.21335],[-75.575868,6.213446],[-75.575919,6.213532],[-75.576015,6.213624],[-75.576136,6.21368]],[[-75.576136,6.21368],[-75.576175,6.21369],[-75.576208,6.213694],[-75.576286,6.213695],[-75.5764,6.213669],[-75.576503,6.213612],[-75.576564,6.213554]],[[-75.576564,6.213554],[-75.57662,6.213473],[-75.576654,6.213381],[-75.576666,6.213284],[-75.576655,6.213187],[-75.57663,6.213116]],[[-75.57663,6.213116],[-75.576588,6.213042],[-75.576531,6.212978]],[[-75.576531,6.212978],[-75.576454,6.212786],[-75.576411,6.212646],[-75.576379,6.212453]],[[-75.576379,6.212453],[-75.576421,6.211964]],[[-75.576421,6.211964],[-75.576577,6.210475],[-75.57662,6.209953],[-75.576739,6.208766]],[[-75.578108,6.208877],[-75.578074,6.208875],[-75.576771,6.208769],[-75.576739,6.208766]],[[-75.578108,6.208877],[-75.577969,6.209857],[-75.577947,6.21001]],[[-75.577947,6.21001],[-75.577782,6.211257]],[[-75.577782,6.211257],[-75.577623,6.212309],[-75.577588,6.212535],[-75.577546,6.212905]],[[-75.577546,6.212905],[-75.577519,6.212963],[-75.577485,6.213017],[-75.577453,6.213059],[-75.577416,6.213097],[-75.577376,6.213132],[-75.57731,6.213176],[-75.577238,6.213211],[-75.577161,6.213234],[-75.577082,6.213247],[-75.577001,6.213247],[-75.576922,6.213236],[-75.576839,6.213211],[-75.576761,6.213174],[-75.57663,6.213116]],[[-75.57663,6.213116],[-75.576588,6.213042],[-75.576531,6.212978]],[[-75.576531,6.212978],[-75.576443,6.212917],[-75.576343,6.21288]],[[-75.576343,6.21288],[-75.576293,6.212872],[-75.576253,6.21287],[-75.576212,6.212872]],[[-75.576212,6.212872],[-75.576141,6.212884],[-75.576073,6.212909]],[[-75.576073,6.212909],[-75.576003,6.21295],[-75.575943,6.213004]],[[-75.575943,6.213004],[-75.575829,6.213011],[-75.575713,6.213004],[-75.575636,6.212992],[-75.575575,6.21298],[-75.575501,6.212957],[-75.57534,6.212882],[-75.575264,6.212833],[-75.57488,6.212556],[-75.574809,6.212505],[-75.574636,6.21244]],[[-75.574636,6.21244],[-75.574561,6.212386],[-75.574325,6.212218],[-75.574234,6.212156],[-75.573927,6.21195],[-75.57329,6.211676]],[[-75.57329,6.211676],[-75.572858,6.211516]],[[-75.572858,6.211516],[-75.572498,6.211376]],[[-75.572498,6.211376],[-75.572011,6.211185],[-75.571951,6.211161]],[[-75.571951,6.211161],[-75.57125,6.210894],[-75.571146,6.210856]],[[-75.571146,6.210856],[-75.571087,6.210834],[-75.570595,6.210649],[-75.570522,6.210624]],[[-75.570522,6.210624],[-75.570417,6.210585]],[[-75.570417,6.210585],[-75.570361,6.210564],[-75.570226,6.210514]],[[-75.570226,6.210514],[-75.570026,6.210439]],[[-75.570026,6.210439],[-75.569735,6.21033],[-75.56964,6.210295],[-75.569603,6.210281],[-75.569578,6.210272],[-75.569492,6.210239],[-75.569185,6.21012]],[[-75.569185,6.21012],[-75.568852,6.209996],[-75.568772,6.209966]],[[-75.568772,6.209966],[-75.568715,6.209944]],[[-75.568715,6.209944],[-75.568651,6.20992],[-75.568106,6.209708],[-75.568009,6.209665]],[[-75.568009,6.209665],[-75.567936,6.209637],[-75.567538,6.209479],[-75.567434,6.209438],[-75.567375,6.209415],[-75.566738,6.209163],[-75.566649,6.209127],[-75.566565,6.209094],[-75.566128,6.208923],[-75.566038,6.208892]],[[-75.566038,6.208892],[-75.565955,6.208863],[-75.565892,6.208838],[-75.565655,6.20875],[-75.565591,6.208727],[-75.565521,6.2087],[-75.565102,6.208549],[-75.56506,6.208533]],[[-75.56506,6.208533],[-75.565016,6.208517],[-75.564798,6.208431]],[[-75.564798,6.208431],[-75.564603,6.20835],[-75.564517,6.208316]],[[-75.564517,6.208316],[-75.564401,6.20827],[-75.564288,6.208209],[-75.564208,6.208132],[-75.564137,6.208044],[-75.564084,6.207946],[-75.564024,6.207809],[-75.563942,6.207629]],[[-75.563942,6.207629],[-75.563894,6.207517]],[[-75.563894,6.207517],[-75.563876,6.207449]],[[-75.563876,6.207449],[-75.563848,6.207238],[-75.563819,6.207158]],[[-75.563819,6.207158],[-75.563817,6.2069],[-75.563795,6.20676],[-75.563751,6.20658],[-75.563656,6.20641],[-75.563595,6.206341]],[[-75.563595,6.206341],[-75.563559,6.206297],[-75.56328,6.206103],[-75.562981,6.205953],[-75.562771,6.205862]],[[-75.562771,6.205862],[-75.562632,6.205787],[-75.562537,6.205722],[-75.562439,6.205639],[-75.562354,6.205543]],[[-75.562354,6.205543],[-75.562233,6.205279],[-75.561788,6.204853],[-75.561675,6.204763]],[[-75.561675,6.204763],[-75.561471,6.204749],[-75.561291,6.204738],[-75.560913,6.204709]],[[-75.560554,6.204565],[-75.560586,6.204604],[-75.560624,6.204637],[-75.560667,6.204665],[-75.560712,6.204686],[-75.560761,6.2047],[-75.560811,6.204707],[-75.560913,6.204709]],[[-75.560667,6.204258],[-75.560626,6.204279],[-75.56059,6.204307],[-75.56056,6.204343],[-75.560539,6.204383],[-75.560526,6.204427],[-75.560524,6.204473],[-75.56053,6.204519],[-75.560554,6.204565]],[[-75.560667,6.204258],[-75.560935,6.204121],[-75.561036,6.204065],[-75.561088,6.204015],[-75.561106,6.20396],[-75.56112,6.203855],[-75.561032,6.203763],[-75.561006,6.203733],[-75.560893,6.203673]],[[-75.560893,6.203673],[-75.560784,6.203637],[-75.560706,6.203629],[-75.560649,6.203639],[-75.560598,6.203661],[-75.560449,6.203743],[-75.560401,6.203784],[-75.560366,6.203833],[-75.560259,6.203933],[-75.560116,6.204077],[-75.560047,6.204143],[-75.559979,6.204181],[-75.559924,6.20419],[-75.559846,6.204194],[-75.559764,6.20419],[-75.559665,6.204162],[-75.559617,6.204139]],[[-75.559617,6.204139],[-75.559604,6.204088],[-75.559511,6.204006],[-75.559491,6.20397],[-75.559472,6.203898]],[[-75.55937,6.203809],[-75.559341,6.203817],[-75.559321,6.20383],[-75.559305,6.203847],[-75.559294,6.203869],[-75.559288,6.203899],[-75.559293,6.203929],[-75.559305,6.203952],[-75.559323,6.203971],[-75.559346,6.203985],[-75.559375,6.203991],[-75.559405,6.203988],[-75.559433,6.203975],[-75.559455,6.203954],[-75.559468,6.203927],[-75.559472,6.203898],[-75.559467,6.203868],[-75.559452,6.203842],[-75.559429,6.203822],[-75.559401,6.20381],[-75.55937,6.203809]],[[-75.559467,6.203868],[-75.559441,6.203787],[-75.559424,6.203694]],[[-75.559424,6.203694],[-75.559427,6.203579]],[[-75.559427,6.203579],[-75.55943,6.20354],[-75.559436,6.203434],[-75.559415,6.203332],[-75.559345,6.203223]],[[-75.559345,6.203223],[-75.559158,6.20303],[-75.558988,6.202874],[-75.558927,6.202806],[-75.558917,6.202736],[-75.558907,6.202656]],[[-75.558907,6.202656],[-75.558899,6.202576],[-75.558887,6.202444],[-75.558864,6.202181]],[[-75.559029,6.201854],[-75.55896,6.201906],[-75.558911,6.20197],[-75.558892,6.202018],[-75.55888,6.20205],[-75.558861,6.202149],[-75.558864,6.202181]],[[-75.559029,6.201854],[-75.559076,6.201824],[-75.559138,6.201784],[-75.559216,6.201733],[-75.559253,6.201695],[-75.559284,6.201657],[-75.559301,6.201628],[-75.55931,6.201597],[-75.559319,6.201511],[-75.559333,6.201388],[-75.559349,6.20129]],[[-75.559349,6.20129],[-75.559377,6.20121],[-75.559421,6.201138],[-75.559479,6.201075]],[[-75.559479,6.201075],[-75.559608,6.200905]],[[-75.559608,6.200905],[-75.559671,6.200784],[-75.559702,6.200707],[-75.559703,6.200642],[-75.559654,6.200489],[-75.559609,6.200406],[-75.559568,6.200298],[-75.559523,6.200212],[-75.559498,6.200134],[-75.559482,6.200087],[-75.559462,6.199978],[-75.559456,6.199871],[-75.559437,6.199713],[-75.559421,6.199662],[-75.559415,6.199623]],[[-75.559415,6.199623],[-75.559466,6.199523],[-75.559545,6.199432],[-75.559574,6.199394],[-75.559598,6.199328],[-75.559609,6.199266],[-75.559598,6.199215],[-75.559553,6.199139],[-75.559525,6.199094],[-75.559494,6.199048],[-75.559474,6.199021],[-75.559431,6.198981],[-75.559375,6.198942]],[[-75.559375,6.198942],[-75.559304,6.198897],[-75.559242,6.198833],[-75.559244,6.19874],[-75.559256,6.198671],[-75.559295,6.198597],[-75.559332,6.198544],[-75.559387,6.198461],[-75.559817,6.197896],[-75.559852,6.197844],[-75.560075,6.197564],[-75.560137,6.197464],[-75.560179,6.197386],[-75.560227,6.197278],[-75.560245,6.197242],[-75.560321,6.197088],[-75.560587,6.196537],[-75.560787,6.196171],[-75.560835,6.196084],[-75.560849,6.196059]],[[-75.560849,6.196059],[-75.560862,6.196023],[-75.560962,6.1958],[-75.56102,6.195663]],[[-75.56102,6.195663],[-75.561092,6.195542],[-75.561125,6.195473],[-75.561146,6.19543],[-75.561177,6.19535]],[[-75.561177,6.19535],[-75.561106,6.195176]],[[-75.561106,6.195176],[-75.56107,6.195098],[-75.561019,6.195028],[-75.560956,6.19497],[-75.560881,6.194926],[-75.5608,6.194897],[-75.560714,6.194885],[-75.560583,6.194901],[-75.560463,6.194955],[-75.560365,6.195042],[-75.560287,6.195149]],[[-75.560287,6.195149],[-75.560224,6.195249],[-75.560087,6.195419],[-75.559872,6.195699],[-75.559703,6.195824],[-75.559577,6.195846],[-75.559484,6.195844],[-75.55935,6.195814],[-75.559173,6.195712],[-75.559022,6.195511],[-75.558899,6.195299]],[[-75.558899,6.195299],[-75.558711,6.195268],[-75.558648,6.195266]],[[-75.558648,6.195266],[-75.558523,6.195523],[-75.557876,6.196396],[-75.557866,6.196411]],[[-75.556051,6.212366],[-75.556048,6.212457],[-75.556037,6.21272]],[[-75.556051,6.212366],[-75.556027,6.212236]],[[-75.556051,6.212366],[-75.556027,6.212236]],[[-75.556051,6.212366],[-75.556048,6.212457],[-75.556037,6.21272]],[[-75.556037,6.21272],[-75.556052,6.212812],[-75.556098,6.212899],[-75.556248,6.213148],[-75.556319,6.213271],[-75.556359,6.213375],[-75.55639,6.213654],[-75.556387,6.213846],[-75.556294,6.214377],[-75.556284,6.215006],[-75.556254,6.21523],[-75.556232,6.215349],[-75.556171,6.215438],[-75.555864,6.215663],[-75.555761,6.215767],[-75.55561,6.216005]],[[-75.555557,6.215996],[-75.555531,6.216005],[-75.555509,6.216021],[-75.555494,6.216044],[-75.555488,6.216071],[-75.55549,6.216098],[-75.555502,6.216122],[-75.55552,6.216142],[-75.555543,6.216154],[-75.55557,6.216159],[-75.555596,6.216155],[-75.55562,6.216143],[-75.555638,6.216124],[-75.55565,6.216099],[-75.555653,6.216072],[-75.555646,6.216045],[-75.555632,6.216022],[-75.55561,6.216005],[-75.555584,6.215996],[-75.555557,6.215996]],[[-75.555502,6.216122],[-75.555419,6.21613],[-75.555267,6.216109],[-75.555132,6.216013],[-75.555077,6.215934],[-75.555019,6.215806],[-75.555017,6.215653]],[[-75.553844,6.215938],[-75.553977,6.215882],[-75.554231,6.21566],[-75.554524,6.21537],[-75.55476,6.215105],[-75.554827,6.215077],[-75.554927,6.215101],[-75.555028,6.215167],[-75.555079,6.215278],[-75.555085,6.215361],[-75.555087,6.215405],[-75.555017,6.215653]],[[-75.552775,6.215221],[-75.552965,6.215244],[-75.553106,6.215346],[-75.553183,6.215402],[-75.553351,6.215575],[-75.553483,6.215764],[-75.553644,6.215903],[-75.553844,6.215938]],[[-75.552775,6.215221],[-75.552582,6.215285],[-75.552421,6.215423],[-75.552235,6.215607]],[[-75.552235,6.215607],[-75.551588,6.215014],[-75.551413,6.214844],[-75.551369,6.214781],[-75.551346,6.214708],[-75.55135,6.214646],[-75.551365,6.214578],[-75.551451,6.214331],[-75.551471,6.214251],[-75.551481,6.214183],[-75.551485,6.21409],[-75.551475,6.214017],[-75.551451,6.213949],[-75.551408,6.213883],[-75.551334,6.213804],[-75.551232,6.213735],[-75.551075,6.213684],[-75.550618,6.213619],[-75.550382,6.2136],[-75.550203,6.213607],[-75.549842,6.213643],[-75.549677,6.213657],[-75.549082,6.213672],[-75.548946,6.213688],[-75.548825,6.213715],[-75.548697,6.21377],[-75.547643,6.21428],[-75.54751,6.21433],[-75.547414,6.214349],[-75.547341,6.214354],[-75.547261,6.214335],[-75.547179,6.214299],[-75.547104,6.214239],[-75.547038,6.214161],[-75.546981,6.214076],[-75.546957,6.213964],[-75.546834,6.212999],[-75.546818,6.212812],[-75.546808,6.212674],[-75.546791,6.212357],[-75.546802,6.212013],[-75.546805,6.211737],[-75.546814,6.211571],[-75.546858,6.211125],[-75.546845,6.210981],[-75.546819,6.210853],[-75.54677,6.210782],[-75.54672,6.21071],[-75.546648,6.210644],[-75.546539,6.210584],[-75.546412,6.21053],[-75.546177,6.210459],[-75.546096,6.210434],[-75.546023,6.210394]],[[-75.546023,6.210394],[-75.545964,6.210348],[-75.545917,6.2103],[-75.545872,6.210232],[-75.545843,6.210158],[-75.545834,6.210096],[-75.545832,6.21]],[[-75.545832,6.21],[-75.545852,6.209919],[-75.545946,6.209625],[-75.545974,6.209548],[-75.545984,6.20948],[-75.545979,6.209393],[-75.545964,6.209332],[-75.545796,6.208897],[-75.545722,6.208682],[-75.545701,6.208579],[-75.545704,6.208495],[-75.545708,6.208336],[-75.545721,6.208205],[-75.545747,6.208041],[-75.545753,6.207865],[-75.545761,6.207807],[-75.545762,6.207636],[-75.545753,6.207552],[-75.545728,6.207462],[-75.545566,6.206987],[-75.545421,6.20653],[-75.545253,6.206105],[-75.545105,6.205759],[-75.545038,6.205641],[-75.544973,6.205571],[-75.54477,6.20531],[-75.544688,6.205219],[-75.544613,6.205119],[-75.544572,6.205028],[-75.544544,6.204932],[-75.54454,6.204772],[-75.544552,6.204421],[-75.544564,6.204061],[-75.544539,6.203889],[-75.544461,6.203711],[-75.544287,6.203472],[-75.544184,6.203308],[-75.544155,6.20318],[-75.544138,6.203028],[-75.54415,6.202896],[-75.544222,6.202662],[-75.544292,6.202529]],[[-75.544292,6.202529],[-75.544467,6.20199],[-75.54456,6.20168]],[[-75.54456,6.20168],[-75.544575,6.20161],[-75.544585,6.201519],[-75.544593,6.20144],[-75.544591,6.201289],[-75.54459,6.200991],[-75.544594,6.20082],[-75.544621,6.200724],[-75.54468,6.200599],[-75.544767,6.200477],[-75.544843,6.200387],[-75.545013,6.20028],[-75.545136,6.200235],[-75.545257,6.200204],[-75.545391,6.200189],[-75.545496,6.200194],[-75.545628,6.200229],[-75.546086,6.200484],[-75.546217,6.200513],[-75.546332,6.200487],[-75.546411,6.20046],[-75.546456,6.200418],[-75.546508,6.200377],[-75.546546,6.200319],[-75.546581,6.200265],[-75.546602,6.200189],[-75.546602,6.200098],[-75.546516,6.199848],[-75.546418,6.199643],[-75.546421,6.199495],[-75.546445,6.199366],[-75.546486,6.199253],[-75.546549,6.199152],[-75.546874,6.198809],[-75.54695,6.198728],[-75.547002,6.198652],[-75.547059,6.198546],[-75.547117,6.198392],[-75.54719,6.198143],[-75.547217,6.197999],[-75.547241,6.197827],[-75.547243,6.197702],[-75.547226,6.197582],[-75.547137,6.19722],[-75.547068,6.19698],[-75.547007,6.196692],[-75.546942,6.196518],[-75.546903,6.196404],[-75.546886,6.196322],[-75.546875,6.196222],[-75.546877,6.196113],[-75.546925,6.195882],[-75.547047,6.195652],[-75.547099,6.195588],[-75.547165,6.195521],[-75.547303,6.195418],[-75.547345,6.195395],[-75.5474,6.195373]],[[-75.5474,6.195373],[-75.54745,6.195323],[-75.547488,6.195264],[-75.547513,6.195198],[-75.547524,6.195128],[-75.54752,6.195058]],[[-75.54752,6.195058],[-75.547483,6.195023],[-75.547438,6.194999],[-75.547389,6.194987],[-75.547338,6.194986],[-75.547289,6.194999],[-75.547245,6.195022]],[[-75.547245,6.195022],[-75.547241,6.19508],[-75.547231,6.195137],[-75.547213,6.195194],[-75.547189,6.195247]],[[-75.547189,6.195247],[-75.547064,6.195374],[-75.546988,6.195468],[-75.546926,6.195561],[-75.546859,6.195694],[-75.546805,6.195848],[-75.546767,6.196064],[-75.546764,6.196211],[-75.546774,6.196319],[-75.546806,6.196469],[-75.546849,6.196597],[-75.546927,6.196789],[-75.547009,6.197099],[-75.547087,6.197471],[-75.547108,6.197642],[-75.547108,6.197923],[-75.547048,6.198333],[-75.546988,6.198504],[-75.546902,6.198649],[-75.546551,6.199005],[-75.546383,6.199221],[-75.546334,6.199364],[-75.54633,6.199491],[-75.546327,6.199583],[-75.546342,6.199717],[-75.546485,6.200051],[-75.546506,6.200184],[-75.546463,6.200288],[-75.546391,6.200356],[-75.546333,6.200396],[-75.546261,6.200425],[-75.546174,6.200419],[-75.545938,6.200318],[-75.54564,6.200143],[-75.545505,6.200099],[-75.545407,6.200088],[-75.545209,6.200095],[-75.545041,6.200139],[-75.544888,6.200224],[-75.544764,6.200333],[-75.544622,6.200515],[-75.544579,6.200615],[-75.544544,6.200739],[-75.544528,6.200824],[-75.544515,6.200914],[-75.544497,6.201156],[-75.544482,6.201251],[-75.544453,6.201362],[-75.544399,6.201459],[-75.544342,6.201566],[-75.544129,6.201861],[-75.544031,6.20198],[-75.543977,6.20206],[-75.543934,6.202147],[-75.543903,6.202272],[-75.543894,6.202387],[-75.543898,6.202508],[-75.543925,6.202651],[-75.544015,6.203133],[-75.544074,6.203316],[-75.544151,6.20345],[-75.544288,6.203647],[-75.544439,6.203902],[-75.544456,6.203971],[-75.544459,6.204049],[-75.544441,6.204733],[-75.544439,6.204923],[-75.544459,6.205061],[-75.544495,6.205165],[-75.544544,6.205252],[-75.544666,6.205408],[-75.544921,6.205731],[-75.545025,6.205888],[-75.545065,6.205966],[-75.545144,6.20613],[-75.545247,6.206389],[-75.545487,6.207029],[-75.545602,6.207314],[-75.545638,6.207425],[-75.545651,6.207532],[-75.545666,6.207624],[-75.545668,6.207736],[-75.545665,6.207841],[-75.545636,6.208077],[-75.545611,6.208299],[-75.545613,6.208528],[-75.545633,6.208699],[-75.545662,6.208823],[-75.545839,6.209281],[-75.545864,6.209382],[-75.545871,6.209491],[-75.545847,6.209575],[-75.545798,6.209692],[-75.545708,6.209948],[-75.545689,6.210044]],[[-75.545689,6.210044],[-75.545688,6.210151]],[[-75.545688,6.210151],[-75.545695,6.210225],[-75.545722,6.210319],[-75.545767,6.210389],[-75.545838,6.210447],[-75.545991,6.210514],[-75.546215,6.21057],[-75.546515,6.21067],[-75.546559,6.210685],[-75.546602,6.210721],[-75.546652,6.210775],[-75.546694,6.210838],[-75.546736,6.210941],[-75.546751,6.211039],[-75.546745,6.211166],[-75.546666,6.211315],[-75.546542,6.211543],[-75.546334,6.211885],[-75.546289,6.211984],[-75.54627,6.212048],[-75.54626,6.212118],[-75.546264,6.212173],[-75.546267,6.212224],[-75.546289,6.212273],[-75.546314,6.212329],[-75.546338,6.212372],[-75.546406,6.21245],[-75.54658,6.212598],[-75.546678,6.212718],[-75.546714,6.212784],[-75.546736,6.212854],[-75.546752,6.212918],[-75.546855,6.214116],[-75.546926,6.214305],[-75.546985,6.21439],[-75.547081,6.214448],[-75.547185,6.214491],[-75.547285,6.214514],[-75.547375,6.214504],[-75.547498,6.214484]],[[-75.547498,6.214484],[-75.548731,6.213888],[-75.548866,6.213833],[-75.549007,6.213811],[-75.549159,6.213797],[-75.549659,6.21378],[-75.549833,6.213773],[-75.550147,6.213741],[-75.550404,6.213724],[-75.550858,6.213758],[-75.551038,6.21379],[-75.551123,6.213812],[-75.551195,6.213847],[-75.551265,6.213897]],[[-75.551265,6.213897],[-75.55133,6.213963],[-75.551363,6.214028],[-75.551365,6.214085],[-75.551348,6.214187],[-75.551281,6.214439],[-75.551252,6.214551],[-75.551242,6.21462],[-75.55124,6.214687],[-75.551244,6.214756],[-75.551273,6.214818],[-75.551343,6.214916]],[[-75.551343,6.214916],[-75.552117,6.215662]],[[-75.552117,6.215662],[-75.552245,6.215778],[-75.552324,6.215849],[-75.553076,6.216548],[-75.553883,6.217343],[-75.553946,6.217397],[-75.553982,6.217421],[-75.554037,6.217452],[-75.554253,6.217574],[-75.554381,6.217638],[-75.554455,6.217677],[-75.554523,6.217738],[-75.554572,6.217792],[-75.554707,6.218006],[-75.5548,6.218164],[-75.554901,6.218353],[-75.555,6.218538],[-75.555073,6.218635]],[[-75.555073,6.218635],[-75.5553,6.218733],[-75.555351,6.218745],[-75.555389,6.218741],[-75.555425,6.218725],[-75.555452,6.218697],[-75.555467,6.218664],[-75.555472,6.218628],[-75.555463,6.218585],[-75.555437,6.218541],[-75.555305,6.218379]],[[-75.555305,6.218379],[-75.554961,6.218107],[-75.554886,6.218032],[-75.554818,6.217946],[-75.554782,6.217881],[-75.55472,6.217781],[-75.554668,6.217698],[-75.554622,6.21764],[-75.554548,6.217577],[-75.554446,6.217514],[-75.554078,6.217339],[-75.553994,6.217287],[-75.553923,6.217231],[-75.553839,6.217149],[-75.553499,6.216802],[-75.553102,6.216398],[-75.552508,6.215856],[-75.552416,6.215772],[-75.552235,6.215607]],[[-75.552775,6.215221],[-75.552582,6.215285],[-75.552421,6.215423],[-75.552235,6.215607]],[[-75.552775,6.215221],[-75.552965,6.215244],[-75.553106,6.215346],[-75.553183,6.215402],[-75.553351,6.215575],[-75.553483,6.215764],[-75.553644,6.215903],[-75.553844,6.215938]],[[-75.553844,6.215938],[-75.553977,6.215882],[-75.554231,6.21566],[-75.554524,6.21537],[-75.55476,6.215105],[-75.554827,6.215077],[-75.554927,6.215101],[-75.555028,6.215167],[-75.555079,6.215278],[-75.555085,6.215361],[-75.555087,6.215405],[-75.555017,6.215653]],[[-75.555502,6.216122],[-75.555419,6.21613],[-75.555267,6.216109],[-75.555132,6.216013],[-75.555077,6.215934],[-75.555019,6.215806],[-75.555017,6.215653]],[[-75.555557,6.215996],[-75.555531,6.216005],[-75.555509,6.216021],[-75.555494,6.216044],[-75.555488,6.216071],[-75.55549,6.216098],[-75.555502,6.216122],[-75.55552,6.216142],[-75.555543,6.216154],[-75.55557,6.216159],[-75.555596,6.216155],[-75.55562,6.216143],[-75.555638,6.216124],[-75.55565,6.216099],[-75.555653,6.216072],[-75.555646,6.216045],[-75.555632,6.216022],[-75.55561,6.216005],[-75.555584,6.215996],[-75.555557,6.215996]],[[-75.556037,6.21272],[-75.556052,6.212812],[-75.556098,6.212899],[-75.556248,6.213148],[-75.556319,6.213271],[-75.556359,6.213375],[-75.55639,6.213654],[-75.556387,6.213846],[-75.556294,6.214377],[-75.556284,6.215006],[-75.556254,6.21523],[-75.556232,6.215349],[-75.556171,6.215438],[-75.555864,6.215663],[-75.555761,6.215767],[-75.55561,6.216005]]]}},{"type":"Feature","properties":{"name":"Ruta C3-002: Estación Aguacatala - Bulerías","ref":"C3-002"},"geometry":{"type":"MultiLineString","coordinates":[[[-75.583195,6.202357],[-75.583184,6.202141],[-75.583182,6.202077],[-75.583188,6.201986],[-75.583203,6.201842],[-75.583226,6.201681],[-75.583248,6.201575],[-75.583427,6.200843],[-75.583445,6.200762]],[[-75.583195,6.202357],[-75.583443,6.20247],[-75.583584,6.202534]],[[-75.583584,6.202534],[-75.584528,6.202964]],[[-75.584528,6.202964],[-75.584679,6.203043],[-75.585021,6.203199],[-75.585168,6.203275],[-75.585324,6.20335],[-75.585831,6.203631],[-75.585949,6.203704],[-75.586063,6.203771]],[[-75.586063,6.203771],[-75.586609,6.204064]],[[-75.586609,6.204064],[-75.587847,6.204802]],[[-75.587847,6.204802],[-75.588166,6.204961],[-75.58835,6.205093],[-75.588423,6.205152]],[[-75.588423,6.205152],[-75.588537,6.205251],[-75.588582,6.205307],[-75.588642,6.205382],[-75.58868,6.205443],[-75.58875,6.205557],[-75.588789,6.205676],[-75.588822,6.205784],[-75.588847,6.205892],[-75.588926,6.206246],[-75.589044,6.20685],[-75.589098,6.207151],[-75.589146,6.207339],[-75.589196,6.207477]],[[-75.589196,6.207477],[-75.58922,6.20753],[-75.589261,6.207621]],[[-75.589261,6.207621],[-75.589311,6.207693],[-75.589398,6.207788],[-75.589476,6.207862],[-75.589566,6.207924],[-75.589584,6.207936],[-75.589642,6.207969],[-75.589708,6.208003],[-75.589846,6.208056],[-75.590028,6.208104],[-75.590214,6.208135],[-75.590311,6.208143],[-75.590418,6.208152],[-75.590906,6.208176],[-75.591415,6.208209]],[[-75.591415,6.208209],[-75.591659,6.208225],[-75.591784,6.208234]],[[-75.591784,6.208234],[-75.592124,6.208257],[-75.592437,6.208283],[-75.592741,6.208314],[-75.592884,6.20834],[-75.592972,6.208361],[-75.593045,6.208384],[-75.593118,6.208418],[-75.593215,6.208471],[-75.593293,6.208534],[-75.593366,6.208613]],[[-75.593366,6.208613],[-75.593693,6.209058],[-75.594049,6.209562]],[[-75.594049,6.209562],[-75.594096,6.209654],[-75.594224,6.209875],[-75.594309,6.210061]],[[-75.594309,6.210061],[-75.594349,6.210223],[-75.594353,6.210279],[-75.594356,6.210374],[-75.594354,6.210407],[-75.594349,6.210494],[-75.594327,6.210632],[-75.594306,6.210741],[-75.594301,6.210769],[-75.594269,6.210925],[-75.594235,6.211167]],[[-75.594226,6.21131],[-75.594257,6.21124],[-75.594275,6.211202],[-75.594312,6.21115],[-75.594342,6.211113],[-75.594403,6.211057],[-75.59445,6.21102],[-75.594512,6.210983],[-75.594599,6.210948]],[[-75.594202,6.211456],[-75.594226,6.21131]],[[-75.594182,6.211561],[-75.594183,6.211559],[-75.594202,6.211456]],[[-75.594081,6.212084],[-75.594182,6.211561]],[[-75.593989,6.212549],[-75.594081,6.212084]],[[-75.593932,6.21284],[-75.593989,6.212549]],[[-75.593419,6.215565],[-75.593684,6.214133],[-75.593706,6.214016],[-75.593748,6.213782],[-75.593779,6.213607],[-75.5938,6.213495],[-75.593814,6.213418],[-75.593916,6.212917],[-75.593932,6.21284]],[[-75.593325,6.216047],[-75.593351,6.215915],[-75.593379,6.215769],[-75.593419,6.215565]],[[-75.593308,6.216184],[-75.593315,6.216124],[-75.593325,6.216047]],[[-75.593272,6.216444],[-75.593308,6.216184]],[[-75.593231,6.216645],[-75.593272,6.216444]],[[-75.593183,6.216877],[-75.593231,6.216645]],[[-75.59248,6.220515],[-75.59249,6.220457],[-75.592502,6.220388],[-75.592562,6.220046],[-75.592637,6.219612],[-75.59272,6.21917],[-75.592808,6.218713],[-75.592898,6.218271],[-75.592989,6.217828],[-75.593183,6.216877]],[[-75.592336,6.22049],[-75.592323,6.220563],[-75.592281,6.220789],[-75.59219,6.221291],[-75.592045,6.222091],[-75.591998,6.22235],[-75.591934,6.222688],[-75.591921,6.222755]],[[-75.591921,6.222755],[-75.591905,6.222847],[-75.591622,6.224332],[-75.591607,6.224411],[-75.591584,6.224533],[-75.591548,6.224722],[-75.591337,6.225833],[-75.591233,6.226383]],[[-75.591233,6.226383],[-75.591218,6.226519],[-75.591213,6.226624],[-75.591211,6.22676],[-75.591209,6.226916],[-75.591213,6.227076],[-75.591248,6.228237]],[[-75.591248,6.228237],[-75.591258,6.228322],[-75.591288,6.228556],[-75.591299,6.228656],[-75.591331,6.228924],[-75.591334,6.228947],[-75.591339,6.228975]],[[-75.591339,6.228975],[-75.591349,6.229045]],[[-75.591349,6.229045],[-75.59136,6.229127]],[[-75.59136,6.229127],[-75.59138,6.229258]],[[-75.59138,6.229258],[-75.591388,6.229113]],[[-75.591388,6.229113],[-75.591393,6.229026]],[[-75.591393,6.229026],[-75.591398,6.228952]],[[-75.591398,6.228952],[-75.591397,6.228922],[-75.591368,6.228392],[-75.591356,6.228224],[-75.591327,6.227063],[-75.591326,6.226919],[-75.591333,6.226746],[-75.591349,6.226573],[-75.59138,6.226356],[-75.591415,6.226142],[-75.59146,6.225908],[-75.591712,6.224581]],[[-75.591712,6.224581],[-75.59173,6.224495]],[[-75.59173,6.224495],[-75.591747,6.224407],[-75.591816,6.224044],[-75.59204,6.222868],[-75.592056,6.222781],[-75.59207,6.222712],[-75.592114,6.222482],[-75.592144,6.22232],[-75.592231,6.221864],[-75.592317,6.221411],[-75.592334,6.221318],[-75.592401,6.220965],[-75.592467,6.220591],[-75.59248,6.220515]],[[-75.591438,6.230987],[-75.59145,6.231311],[-75.591454,6.231437],[-75.591455,6.231476]],[[-75.591455,6.231476],[-75.591457,6.231522]],[[-75.591457,6.231522],[-75.591458,6.231579]],[[-75.591458,6.231579],[-75.591459,6.231627]],[[-75.591458,6.231579],[-75.591459,6.231627]],[[-75.591457,6.231522],[-75.591458,6.231579]],[[-75.591455,6.231476],[-75.591457,6.231522]],[[-75.591438,6.230987],[-75.59145,6.231311],[-75.591454,6.231437],[-75.591455,6.231476]],[[-75.591422,6.2305],[-75.591432,6.230798],[-75.591438,6.230987]],[[-75.591389,6.2295],[-75.591405,6.230014],[-75.591421,6.230471],[-75.591422,6.2305]],[[-75.59138,6.229258],[-75.591383,6.229304],[-75.591389,6.2295]],[[-75.59138,6.229258],[-75.591383,6.229304],[-75.591389,6.2295]],[[-75.591389,6.2295],[-75.591405,6.230014],[-75.591421,6.230471],[-75.591422,6.2305]],[[-75.591422,6.2305],[-75.591432,6.230798],[-75.591438,6.230987]],[[-75.592347,6.220432],[-75.592336,6.22049]],[[-75.593142,6.216404],[-75.593123,6.216447],[-75.59311,6.216491],[-75.593078,6.216653],[-75.592915,6.217489],[-75.592573,6.219236],[-75.592361,6.220359],[-75.592347,6.220432]],[[-75.593262,6.216172],[-75.593142,6.216404]],[[-75.593325,6.216047],[-75.593289,6.216119],[-75.593262,6.216172]],[[-75.593325,6.216047],[-75.593351,6.215915],[-75.593379,6.215769],[-75.593419,6.215565]],[[-75.593419,6.215565],[-75.593684,6.214133],[-75.593706,6.214016],[-75.593748,6.213782],[-75.593779,6.213607],[-75.5938,6.213495],[-75.593814,6.213418],[-75.593916,6.212917],[-75.593932,6.21284]],[[-75.593932,6.21284],[-75.593989,6.212549]],[[-75.593989,6.212549],[-75.594081,6.212084]],[[-75.594081,6.212084],[-75.594182,6.211561]],[[-75.594182,6.211561],[-75.594183,6.211559],[-75.594202,6.211456]],[[-75.594202,6.211456],[-75.594226,6.21131]],[[-75.58432,6.200982],[-75.5843,6.201064],[-75.584113,6.201818],[-75.584079,6.20199],[-75.584067,6.202109],[-75.584072,6.202224],[-75.584104,6.202376],[-75.584148,6.2025],[-75.584213,6.202629],[-75.584319,6.202775],[-75.584429,6.202887],[-75.584528,6.202964]],[[-75.58432,6.200982],[-75.584231,6.200959],[-75.583445,6.200762]],[[-75.58809,6.240878],[-75.587839,6.241138]],[[-75.587839,6.241138],[-75.587821,6.241157],[-75.587329,6.241655],[-75.587285,6.241704],[-75.587209,6.241771],[-75.587148,6.241812],[-75.587113,6.241821],[-75.58704,6.241814],[-75.586998,6.241809]],[[-75.587146,6.241952],[-75.587034,6.241842],[-75.586998,6.241809]],[[-75.586998,6.241809],[-75.586672,6.241495],[-75.586334,6.241168]],[[-75.586334,6.241168],[-75.58628,6.241115],[-75.586044,6.240886],[-75.585978,6.240823]],[[-75.585978,6.240823],[-75.585305,6.24017],[-75.585267,6.240133]],[[-75.585267,6.240133],[-75.58581,6.240096],[-75.585856,6.240092],[-75.585967,6.240082],[-75.58607,6.24007],[-75.586113,6.240063],[-75.586164,6.240045],[-75.586236,6.240011],[-75.586308,6.239973],[-75.586393,6.239917],[-75.586475,6.239855],[-75.58656,6.239768],[-75.586627,6.239679],[-75.586679,6.239596],[-75.586754,6.239429],[-75.58678,6.239374]],[[-75.58678,6.239374],[-75.586833,6.239372],[-75.587476,6.239354]],[[-75.587476,6.239354],[-75.5875,6.239353],[-75.588234,6.239331]],[[-75.588234,6.239331],[-75.588659,6.239315],[-75.589309,6.239289],[-75.589479,6.239282],[-75.58985,6.239267],[-75.590433,6.239244],[-75.590568,6.239239],[-75.591742,6.239192]],[[-75.588234,6.239331],[-75.588664,6.239379],[-75.588838,6.239393],[-75.589035,6.239398],[-75.589158,6.239392],[-75.589264,6.239383],[-75.589329,6.23939],[-75.589365,6.23941],[-75.589389,6.239433],[-75.589403,6.239454],[-75.589413,6.239469],[-75.589423,6.239498],[-75.589428,6.239542],[-75.589421,6.239591]],[[-75.588104,6.241119],[-75.588406,6.240912],[-75.588569,6.240762],[-75.588821,6.240506],[-75.589185,6.240154],[-75.58941,6.239929],[-75.589475,6.239865],[-75.589555,6.239801],[-75.589587,6.239777],[-75.589609,6.239764],[-75.589664,6.239738],[-75.589754,6.239704],[-75.58988,6.239656]],[[-75.591172,6.23801],[-75.591861,6.237356],[-75.592039,6.237185],[-75.592101,6.237127],[-75.592165,6.237066],[-75.592994,6.236245],[-75.59305,6.236187],[-75.593112,6.236129],[-75.593491,6.235749]],[[-75.593027,6.235601],[-75.593023,6.235492]],[[-75.593046,6.236035],[-75.593042,6.235945],[-75.593027,6.235601]],[[-75.59305,6.236187],[-75.593046,6.236035]],[[-75.590253,6.239132],[-75.590197,6.239063],[-75.590126,6.239011],[-75.590043,6.238978],[-75.589955,6.238967],[-75.589899,6.238972],[-75.589843,6.238985],[-75.589791,6.239007],[-75.589743,6.239038],[-75.589701,6.239075],[-75.589663,6.239122],[-75.589642,6.239159]],[[-75.589642,6.239159],[-75.589615,6.239232],[-75.589605,6.239292],[-75.589606,6.239344]],[[-75.589606,6.239344],[-75.589606,6.239352]],[[-75.588257,6.24079],[-75.588169,6.240906],[-75.588078,6.241028]],[[-75.589606,6.239352],[-75.589583,6.239399],[-75.589564,6.239434],[-75.589539,6.239467],[-75.589499,6.239509],[-75.589421,6.239591]],[[-75.589421,6.239591],[-75.589322,6.239695],[-75.589287,6.239733],[-75.589191,6.239831]],[[-75.589191,6.239831],[-75.589069,6.239959],[-75.589045,6.239984],[-75.588257,6.24079]],[[-75.588257,6.24079],[-75.588169,6.240906],[-75.588078,6.241028]],[[-75.589191,6.239831],[-75.589069,6.239959],[-75.589045,6.239984],[-75.588257,6.24079]],[[-75.589421,6.239591],[-75.589322,6.239695],[-75.589287,6.239733],[-75.589191,6.239831]],[[-75.589606,6.239352],[-75.589583,6.239399],[-75.589564,6.239434],[-75.589539,6.239467],[-75.589499,6.239509],[-75.589421,6.239591]],[[-75.589606,6.239352],[-75.589626,6.239437],[-75.589667,6.239514],[-75.589725,6.239579],[-75.589798,6.239627],[-75.58988,6.239656],[-75.589953,6.239664],[-75.590026,6.239657],[-75.590091,6.239637],[-75.59015,6.239605]],[[-75.59015,6.239605],[-75.590202,6.239563],[-75.590245,6.239511]],[[-75.590245,6.239511],[-75.590277,6.239453],[-75.590296,6.239396],[-75.590303,6.239321],[-75.590303,6.239295],[-75.590302,6.239265]],[[-75.590302,6.239265],[-75.590284,6.239196],[-75.590256,6.239137]],[[-75.590256,6.239137],[-75.590253,6.239132]],[[-75.590253,6.239132],[-75.590269,6.239066],[-75.590281,6.239038],[-75.590306,6.238996],[-75.590339,6.238955],[-75.590368,6.238926],[-75.590405,6.238887],[-75.590461,6.23883],[-75.590621,6.238665],[-75.59065,6.238634]],[[-75.59065,6.238634],[-75.590697,6.238585],[-75.590791,6.238485]],[[-75.590791,6.238485],[-75.590892,6.238379]],[[-75.590892,6.238379],[-75.590934,6.238334],[-75.591046,6.238216],[-75.591098,6.238162],[-75.591644,6.23759],[-75.591861,6.237356]],[[-75.593027,6.235601],[-75.592569,6.235618],[-75.591927,6.235644]],[[-75.591927,6.235644],[-75.591666,6.23551],[-75.591571,6.235455]],[[-75.591927,6.235644],[-75.59167,6.235652],[-75.591577,6.235656]],[[-75.591459,6.231627],[-75.59146,6.231663],[-75.591464,6.231774]],[[-75.591464,6.231774],[-75.591469,6.231964],[-75.591476,6.232173]],[[-75.591476,6.232173],[-75.591478,6.232264],[-75.591479,6.232306]],[[-75.591479,6.232306],[-75.59148,6.232355],[-75.591488,6.232608],[-75.591516,6.233268],[-75.591529,6.233712],[-75.59153,6.233752],[-75.591551,6.234469],[-75.591554,6.234645],[-75.591554,6.234878],[-75.591559,6.235024],[-75.591564,6.235153],[-75.591571,6.235455]],[[-75.591571,6.235455],[-75.591577,6.235656]],[[-75.591577,6.235656],[-75.591585,6.235943],[-75.591588,6.236045]],[[-75.591588,6.236045],[-75.591625,6.237306],[-75.591627,6.237381]],[[-75.590556,6.238386],[-75.590511,6.238433],[-75.590493,6.23845],[-75.590346,6.238602],[-75.590303,6.238647]],[[-75.590303,6.238647],[-75.590273,6.238677],[-75.590233,6.238718],[-75.590172,6.238781]],[[-75.590172,6.238781],[-75.590094,6.23886],[-75.590048,6.2389],[-75.589955,6.238967]],[[-75.584359,6.200992],[-75.58432,6.200982]],[[-75.584427,6.201009],[-75.584359,6.200992]],[[-75.584507,6.201029],[-75.584427,6.201009]],[[-75.585969,6.201397],[-75.58574,6.201339],[-75.584943,6.201139],[-75.584588,6.201049],[-75.584507,6.201029]],[[-75.585201,6.203158],[-75.585213,6.203129],[-75.585234,6.203076],[-75.58568,6.202045],[-75.585825,6.20172],[-75.585969,6.201397],[-75.585993,6.201344],[-75.586156,6.201004],[-75.58628,6.200746],[-75.586306,6.200683],[-75.586377,6.200508],[-75.586536,6.200096],[-75.58661,6.199903]],[[-75.58661,6.199903],[-75.586939,6.199019],[-75.587227,6.198248],[-75.587604,6.197245],[-75.587639,6.19715]],[[-75.587659,6.196966],[-75.587639,6.19715]],[[-75.58769,6.196673],[-75.587671,6.196855],[-75.587659,6.196966]],[[-75.588391,6.194895],[-75.58769,6.196673]],[[-75.588646,6.194746],[-75.588391,6.194895]],[[-75.588684,6.194435],[-75.588666,6.194579],[-75.588646,6.194746]],[[-75.588684,6.194435],[-75.588135,6.194364],[-75.587801,6.194321],[-75.586825,6.19421],[-75.585991,6.194114]],[[-75.585991,6.194114],[-75.583957,6.193833],[-75.582892,6.193685]],[[-75.582497,6.193814],[-75.582669,6.193758],[-75.582755,6.19373],[-75.582892,6.193685]],[[-75.582497,6.193814],[-75.582436,6.193798]],[[-75.582501,6.194441],[-75.582626,6.193932],[-75.582646,6.19385],[-75.582669,6.193758]],[[-75.583565,6.195844],[-75.583313,6.195691],[-75.583239,6.195634],[-75.5832,6.195595],[-75.583158,6.19555],[-75.583115,6.195497],[-75.583081,6.195451],[-75.58283,6.195018],[-75.582667,6.194732],[-75.582526,6.194485],[-75.582501,6.194441],[-75.582457,6.194363],[-75.58242,6.194276],[-75.582386,6.194182],[-75.582359,6.194086]],[[-75.582377,6.195508],[-75.582049,6.195401]],[[-75.583565,6.195844],[-75.58317,6.195736],[-75.582952,6.195675],[-75.582377,6.195508]],[[-75.58415,6.196009],[-75.583782,6.195905],[-75.583565,6.195844]],[[-75.585065,6.19849],[-75.585256,6.197699],[-75.585374,6.197207],[-75.585387,6.197121],[-75.585391,6.197037],[-75.585389,6.19695],[-75.585383,6.196887],[-75.585368,6.196813],[-75.585344,6.196725],[-75.585303,6.196615],[-75.585266,6.196542],[-75.585227,6.196469],[-75.585183,6.19641],[-75.585138,6.196362],[-75.585027,6.196257],[-75.584964,6.196198]],[[-75.584427,6.201009],[-75.584444,6.200938],[-75.584592,6.200337],[-75.584751,6.19969],[-75.584798,6.199509],[-75.585065,6.19849]],[[-75.584736,6.202947],[-75.584619,6.202879],[-75.584504,6.202795],[-75.58442,6.202713],[-75.584348,6.202608],[-75.584287,6.202493],[-75.584244,6.202344],[-75.584215,6.202156],[-75.584214,6.201982],[-75.584228,6.201853],[-75.584256,6.201721],[-75.584406,6.201092],[-75.584427,6.201009]],[[-75.586119,6.203671],[-75.585934,6.20356],[-75.585826,6.203488],[-75.585551,6.203325],[-75.585201,6.203158],[-75.584959,6.203052],[-75.584736,6.202947]],[[-75.586661,6.203989],[-75.586334,6.203797],[-75.586119,6.203671]],[[-75.587941,6.204713],[-75.586661,6.203989]],[[-75.588403,6.204947],[-75.58822,6.20487],[-75.587941,6.204713]],[[-75.588653,6.205163],[-75.58861,6.205105],[-75.588537,6.205039],[-75.588482,6.204998],[-75.588403,6.204947]],[[-75.589319,6.207236],[-75.589216,6.206836],[-75.589047,6.206204],[-75.588965,6.205888],[-75.588893,6.205627],[-75.588848,6.205498],[-75.588783,6.205356],[-75.588712,6.205246],[-75.588653,6.205163]],[[-75.589428,6.207522],[-75.589396,6.207463],[-75.589364,6.207385],[-75.589319,6.207236]],[[-75.589789,6.207902],[-75.589686,6.207836],[-75.589601,6.207762],[-75.58954,6.207688],[-75.589479,6.207601],[-75.589428,6.207522]],[[-75.593445,6.208527],[-75.59337,6.20846],[-75.593292,6.208396],[-75.593215,6.208346],[-75.593086,6.208285],[-75.593008,6.208261],[-75.592933,6.208243],[-75.592789,6.208218],[-75.592644,6.2082],[-75.591089,6.208074],[-75.590907,6.208059],[-75.590795,6.20805],[-75.590374,6.208026],[-75.590215,6.208017],[-75.590131,6.208006],[-75.590025,6.207983],[-75.589908,6.207949],[-75.589789,6.207902]],[[-75.594835,6.210483],[-75.594438,6.209794],[-75.594323,6.209617],[-75.594215,6.209465],[-75.593874,6.209027],[-75.593546,6.208638],[-75.593445,6.208527]]]}},{"type":"Feature","properties":{"name":"Bus Integrado 135-I: La Frontera - Estación Aguacatala","ref":"135-I"},"geometry":{"type":"MultiLineString","coordinates":[[[-75.581637,6.19093],[-75.581126,6.19066],[-75.580686,6.190428],[-75.580506,6.190332],[-75.580459,6.190307]],[[-75.582157,6.191082],[-75.582111,6.19107],[-75.581781,6.190988],[-75.581722,6.190966],[-75.581637,6.19093]],[[-75.582157,6.191082],[-75.582051,6.19155],[-75.582037,6.191618],[-75.581966,6.191967],[-75.581918,6.192174],[-75.581868,6.192375],[-75.581795,6.192647],[-75.581703,6.192976],[-75.581639,6.193198]],[[-75.581639,6.193198],[-75.581488,6.193591],[-75.581213,6.194308],[-75.581176,6.194385],[-75.581163,6.194402],[-75.581141,6.194432],[-75.581105,6.194478],[-75.58107,6.194513],[-75.581011,6.194561],[-75.580989,6.194575],[-75.580866,6.194651],[-75.580685,6.194762],[-75.580635,6.194788],[-75.580588,6.194808],[-75.580541,6.194826],[-75.580494,6.194839]],[[-75.580494,6.194839],[-75.580347,6.194811],[-75.580261,6.194791],[-75.580199,6.194771]],[[-75.580199,6.194771],[-75.580153,6.194752],[-75.58011,6.194727],[-75.580035,6.194676],[-75.579953,6.194612],[-75.579869,6.194542]],[[-75.579832,6.194464],[-75.579789,6.194266],[-75.579771,6.194168],[-75.579767,6.194098],[-75.579778,6.194004],[-75.579794,6.19392]],[[-75.579794,6.19392],[-75.579884,6.19356],[-75.580059,6.192867],[-75.580111,6.192659],[-75.580138,6.192551]],[[-75.580138,6.192551],[-75.580141,6.192472],[-75.580136,6.192398],[-75.580122,6.192241]],[[-75.580122,6.192241],[-75.58017,6.19163],[-75.580203,6.191334],[-75.58022,6.191189],[-75.580242,6.191059],[-75.58027,6.190927],[-75.58032,6.190755],[-75.580459,6.190307]],[[-75.58027,6.190927],[-75.580305,6.190675],[-75.580398,6.190396],[-75.580405,6.190353],[-75.580402,6.190305],[-75.58039,6.190257],[-75.580371,6.190213]],[[-75.580371,6.190213],[-75.580307,6.190131],[-75.580252,6.190055],[-75.580204,6.189967],[-75.58016,6.189853],[-75.579972,6.189367],[-75.579922,6.189276]],[[-75.579922,6.189276],[-75.579822,6.189171],[-75.579656,6.189041],[-75.579283,6.188795],[-75.5792,6.188713],[-75.579138,6.188609],[-75.579053,6.188364],[-75.578921,6.187871],[-75.578899,6.187817],[-75.578867,6.187763]],[[-75.578867,6.187763],[-75.578808,6.187717],[-75.578736,6.187685],[-75.578379,6.187603]],[[-75.578379,6.187603],[-75.578162,6.187552],[-75.577963,6.187506]],[[-75.577963,6.187506],[-75.577909,6.18749]],[[-75.577909,6.18749],[-75.577955,6.187393],[-75.577993,6.187297]],[[-75.577993,6.187297],[-75.578008,6.187259]],[[-75.578008,6.187259],[-75.578068,6.18712]],[[-75.578068,6.18712],[-75.578514,6.186025]],[[-75.578514,6.186025],[-75.578695,6.185574],[-75.578879,6.185098]],[[-75.578879,6.185098],[-75.578954,6.184908]],[[-75.578954,6.184908],[-75.579247,6.184207],[-75.57934,6.184026],[-75.579387,6.183951]],[[-75.579387,6.183951],[-75.579479,6.183816],[-75.579488,6.1838],[-75.579506,6.183773]],[[-75.579506,6.183773],[-75.579528,6.183809],[-75.57965,6.183986]],[[-75.57965,6.183986],[-75.579732,6.184137],[-75.579811,6.184341],[-75.579841,6.184466],[-75.579855,6.184602]],[[-75.579855,6.184602],[-75.579889,6.184666],[-75.579926,6.184698],[-75.57997,6.184722]],[[-75.57997,6.184722],[-75.580041,6.184694],[-75.580098,6.184667],[-75.580152,6.184628]],[[-75.580152,6.184628],[-75.580153,6.184559],[-75.580145,6.184501],[-75.580123,6.184455],[-75.580102,6.184416],[-75.58007,6.184373],[-75.58001,6.184313],[-75.579953,6.184248],[-75.579883,6.184158],[-75.579814,6.184048],[-75.579665,6.183835],[-75.579608,6.183767]],[[-75.579608,6.183767],[-75.579584,6.183739],[-75.579575,6.183728],[-75.57956,6.18371]],[[-75.57956,6.18371],[-75.579497,6.183635]],[[-75.579497,6.183635],[-75.579458,6.183596],[-75.579444,6.183582],[-75.579375,6.183529],[-75.57884,6.183204],[-75.578581,6.183044],[-75.578493,6.182989],[-75.57721,6.182206],[-75.577155,6.182172],[-75.577089,6.182131],[-75.576873,6.181999],[-75.576817,6.181952]],[[-75.576817,6.181952],[-75.576781,6.181889],[-75.576753,6.181817],[-75.576739,6.181749],[-75.576738,6.18167],[-75.576759,6.18156],[-75.576861,6.181196],[-75.576885,6.181111],[-75.577035,6.180568],[-75.57715,6.180159],[-75.577252,6.179795],[-75.577346,6.179498],[-75.577377,6.179425],[-75.5774,6.179385],[-75.577436,6.179331]],[[-75.577436,6.179331],[-75.577461,6.179331],[-75.577485,6.179323],[-75.577506,6.179308]],[[-75.577506,6.179308],[-75.577519,6.179288],[-75.577527,6.179265],[-75.577526,6.17924],[-75.577518,6.179218],[-75.577503,6.179198]],[[-75.577503,6.179198],[-75.577482,6.179184],[-75.577458,6.179178]],[[-75.577458,6.179178],[-75.577433,6.179179],[-75.57741,6.179188],[-75.577389,6.179205]],[[-75.577389,6.179205],[-75.577376,6.179228],[-75.577371,6.179255]],[[-75.577371,6.179255],[-75.577332,6.179343],[-75.577306,6.179408],[-75.57722,6.179672],[-75.577188,6.179773],[-75.577016,6.180363],[-75.576747,6.1813],[-75.576679,6.181535],[-75.576662,6.18168],[-75.576664,6.18177],[-75.576683,6.181885],[-75.576705,6.181954]],[[-75.576705,6.181954],[-75.576567,6.182072]],[[-75.574731,6.181854],[-75.574894,6.181896],[-75.575382,6.182012],[-75.5754,6.182016],[-75.575638,6.182075],[-75.575747,6.182092],[-75.575855,6.182095],[-75.576119,6.182089],[-75.576418,6.182077],[-75.576567,6.182072]],[[-75.574731,6.181854],[-75.574733,6.181835],[-75.574729,6.181816],[-75.574718,6.181799],[-75.574703,6.181787],[-75.574684,6.181781],[-75.574664,6.181782],[-75.574646,6.18179],[-75.574631,6.181803]],[[-75.574631,6.181803],[-75.574622,6.18182],[-75.574619,6.181839],[-75.574623,6.181858],[-75.574633,6.181874]],[[-75.572173,6.181316],[-75.57231,6.181249],[-75.572384,6.181228],[-75.572462,6.181222],[-75.572528,6.181245],[-75.572575,6.181293],[-75.572603,6.181365],[-75.572618,6.181452],[-75.572637,6.181807],[-75.57266,6.181931],[-75.572697,6.182004],[-75.572738,6.182047],[-75.572817,6.182075],[-75.572901,6.182067],[-75.573013,6.182023],[-75.573143,6.181969],[-75.573245,6.181954],[-75.573355,6.181957],[-75.573452,6.181999],[-75.573544,6.182077],[-75.573649,6.182188],[-75.573744,6.182249],[-75.57386,6.182301],[-75.573965,6.182317],[-75.574067,6.1823],[-75.574183,6.18224],[-75.574304,6.18213],[-75.574396,6.182037],[-75.574533,6.181938],[-75.574633,6.181874]],[[-75.571072,6.181119],[-75.571114,6.181125],[-75.571153,6.181144],[-75.571181,6.181165],[-75.571229,6.181211],[-75.57135,6.181336],[-75.571443,6.181413],[-75.571511,6.181452],[-75.571613,6.18148],[-75.571725,6.181485],[-75.571806,6.181469],[-75.571909,6.181437],[-75.572017,6.181391],[-75.572173,6.181316]],[[-75.570395,6.181191],[-75.571007,6.181118],[-75.571072,6.181119]],[[-75.570191,6.181258],[-75.570232,6.181236],[-75.570294,6.181212],[-75.570395,6.181191]],[[-75.570191,6.181258],[-75.57013,6.181253],[-75.570064,6.181252]],[[-75.570064,6.181252],[-75.56994,6.181268]],[[-75.56994,6.181268],[-75.569758,6.181226],[-75.569604,6.181184],[-75.569514,6.181156]],[[-75.569514,6.181156],[-75.569432,6.181115],[-75.569324,6.181085],[-75.569204,6.181062],[-75.569111,6.181053],[-75.569031,6.181056],[-75.56894,6.181072],[-75.568843,6.181099]],[[-75.568843,6.181099],[-75.568671,6.18116],[-75.568549,6.181207]],[[-75.568549,6.181207],[-75.568479,6.181256]],[[-75.568479,6.181256],[-75.568362,6.181297],[-75.568106,6.181389]],[[-75.568106,6.181389],[-75.567821,6.181496],[-75.567777,6.181513],[-75.567645,6.181562],[-75.567322,6.181679],[-75.567241,6.181705],[-75.567175,6.181726]],[[-75.567175,6.181726],[-75.567116,6.181739],[-75.567024,6.181747],[-75.566917,6.181737],[-75.566793,6.181709],[-75.566731,6.181684],[-75.566658,6.181656],[-75.566486,6.181584],[-75.565747,6.181259],[-75.565688,6.181233],[-75.565597,6.181195],[-75.565457,6.18114],[-75.565393,6.181118]],[[-75.565393,6.181118],[-75.565319,6.181114],[-75.565257,6.181121],[-75.565187,6.181143],[-75.565108,6.181185],[-75.565044,6.181239],[-75.564995,6.181301],[-75.564957,6.181356],[-75.564868,6.1815],[-75.564832,6.181562]],[[-75.564832,6.181562],[-75.564784,6.181644]],[[-75.564784,6.181644],[-75.564515,6.182102],[-75.564469,6.182183]],[[-75.564469,6.182183],[-75.564452,6.182217],[-75.56434,6.182393]],[[-75.56434,6.182393],[-75.564317,6.182383],[-75.564291,6.182373],[-75.564233,6.182366],[-75.56415,6.182374],[-75.563688,6.182481],[-75.563569,6.182505],[-75.563451,6.182516],[-75.563321,6.1825],[-75.563194,6.182464],[-75.563054,6.18241],[-75.562901,6.182335],[-75.562822,6.182264],[-75.562776,6.18221],[-75.56264,6.182051],[-75.56255,6.181928],[-75.562481,6.181818]],[[-75.562481,6.181818],[-75.562506,6.181737],[-75.562538,6.181631],[-75.562561,6.181538],[-75.562561,6.181455],[-75.562549,6.181389],[-75.562511,6.181323],[-75.562448,6.181249],[-75.562338,6.181165],[-75.562256,6.181118],[-75.56157,6.180708],[-75.561304,6.18057]],[[-75.561304,6.18057],[-75.561316,6.180413],[-75.561305,6.180318],[-75.561274,6.18024],[-75.561224,6.180173]],[[-75.561224,6.180173],[-75.561291,6.180088],[-75.561351,6.179974],[-75.56145,6.179838],[-75.561617,6.179644],[-75.56173,6.179562],[-75.56174,6.179553]],[[-75.56174,6.179553],[-75.5618,6.179499]],[[-75.5618,6.179499],[-75.561853,6.179451]],[[-75.561853,6.179451],[-75.561924,6.179375],[-75.56197,6.179304],[-75.562033,6.179194]],[[-75.562033,6.179194],[-75.562109,6.179276],[-75.562392,6.179504],[-75.562504,6.179587],[-75.562582,6.179629],[-75.562684,6.17966],[-75.562797,6.179677],[-75.562913,6.179688],[-75.562997,6.179711],[-75.563089,6.179756],[-75.56327,6.179864],[-75.563371,6.179919],[-75.563478,6.179965],[-75.563575,6.17997],[-75.563725,6.179941],[-75.56389,6.179886],[-75.564036,6.179849],[-75.5642,6.179837],[-75.564348,6.179854],[-75.564516,6.179894],[-75.564757,6.179957],[-75.56499,6.180008]],[[-75.56499,6.180008],[-75.565322,6.1801],[-75.565427,6.180138],[-75.56551,6.180175],[-75.565619,6.180229]],[[-75.565393,6.181118],[-75.565381,6.181083],[-75.56537,6.18105],[-75.565341,6.18096],[-75.565314,6.180852],[-75.565297,6.180755],[-75.565296,6.180684],[-75.565316,6.180614],[-75.56536,6.180544],[-75.565403,6.180484],[-75.565449,6.180434],[-75.565514,6.180368],[-75.565562,6.180314],[-75.565619,6.180229]],[[-75.565393,6.181118],[-75.565319,6.181114],[-75.565257,6.181121],[-75.565187,6.181143],[-75.565108,6.181185],[-75.565044,6.181239],[-75.564995,6.181301],[-75.564957,6.181356],[-75.564868,6.1815],[-75.564832,6.181562]],[[-75.564832,6.181562],[-75.564784,6.181644]],[[-75.564784,6.181644],[-75.564515,6.182102],[-75.564469,6.182183]],[[-75.564831,6.18234],[-75.564528,6.182207],[-75.564469,6.182183]],[[-75.564718,6.182608],[-75.564831,6.18234]],[[-75.566574,6.183515],[-75.56653,6.183471],[-75.566475,6.183443],[-75.566064,6.183346],[-75.565954,6.183289],[-75.565598,6.183024],[-75.565415,6.182923],[-75.56518,6.182817],[-75.564718,6.182608]],[[-75.566567,6.183614],[-75.566584,6.183558],[-75.566574,6.183515]],[[-75.566536,6.185604],[-75.566428,6.185465],[-75.566321,6.185289],[-75.566289,6.185221],[-75.566275,6.185158],[-75.566278,6.185078],[-75.566316,6.184927],[-75.566333,6.184833],[-75.566387,6.18428],[-75.566434,6.18405],[-75.566567,6.183614]],[[-75.569061,6.185629],[-75.568854,6.185695],[-75.568693,6.185736],[-75.568552,6.185755],[-75.56844,6.185757],[-75.567624,6.185692],[-75.567531,6.185682],[-75.566536,6.185604]],[[-75.569061,6.185629],[-75.569219,6.185622],[-75.569382,6.185628],[-75.569504,6.18565],[-75.569651,6.185702],[-75.569949,6.185835]],[[-75.569949,6.185835],[-75.570019,6.185638]],[[-75.570019,6.185638],[-75.570304,6.184838]],[[-75.570304,6.184838],[-75.570337,6.184734]],[[-75.570337,6.184734],[-75.57037,6.184622],[-75.570472,6.184138],[-75.570507,6.183967],[-75.570524,6.183771],[-75.570524,6.183594],[-75.570524,6.183541],[-75.570524,6.183439],[-75.570524,6.183338],[-75.570535,6.183246],[-75.57055,6.183191],[-75.570584,6.183097],[-75.57067,6.182892],[-75.570713,6.182764],[-75.57073,6.182671],[-75.570747,6.182525],[-75.570747,6.182406],[-75.57073,6.182261],[-75.570663,6.182005],[-75.570643,6.181926],[-75.570571,6.181658]],[[-75.570571,6.181658],[-75.570564,6.181582],[-75.57055,6.181526],[-75.570523,6.181473],[-75.570473,6.181409],[-75.57042,6.181362],[-75.570382,6.181334]],[[-75.570382,6.181334],[-75.570364,6.181299],[-75.570363,6.181286],[-75.570361,6.18126],[-75.570364,6.181241],[-75.570371,6.181222],[-75.570381,6.181205],[-75.570395,6.181191]],[[-75.570395,6.181191],[-75.571007,6.181118],[-75.571072,6.181119]],[[-75.571072,6.181119],[-75.571114,6.181125],[-75.571153,6.181144],[-75.571181,6.181165],[-75.571229,6.181211],[-75.57135,6.181336],[-75.571443,6.181413],[-75.571511,6.181452],[-75.571613,6.18148],[-75.571725,6.181485],[-75.571806,6.181469],[-75.571909,6.181437],[-75.572017,6.181391],[-75.572173,6.181316]],[[-75.572173,6.181316],[-75.57231,6.181249],[-75.572384,6.181228],[-75.572462,6.181222],[-75.572528,6.181245],[-75.572575,6.181293],[-75.572603,6.181365],[-75.572618,6.181452],[-75.572637,6.181807],[-75.57266,6.181931],[-75.572697,6.182004],[-75.572738,6.182047],[-75.572817,6.182075],[-75.572901,6.182067],[-75.573013,6.182023],[-75.573143,6.181969],[-75.573245,6.181954],[-75.573355,6.181957],[-75.573452,6.181999],[-75.573544,6.182077],[-75.573649,6.182188],[-75.573744,6.182249],[-75.57386,6.182301],[-75.573965,6.182317],[-75.574067,6.1823],[-75.574183,6.18224],[-75.574304,6.18213],[-75.574396,6.182037],[-75.574533,6.181938],[-75.574633,6.181874]],[[-75.574633,6.181874],[-75.574646,6.181885],[-75.574662,6.181892],[-75.574679,6.181894],[-75.574696,6.181891],[-75.574711,6.181882],[-75.574723,6.18187],[-75.574731,6.181854]],[[-75.574731,6.181854],[-75.574894,6.181896],[-75.575382,6.182012],[-75.5754,6.182016],[-75.575638,6.182075],[-75.575747,6.182092],[-75.575855,6.182095],[-75.576119,6.182089],[-75.576418,6.182077],[-75.576567,6.182072]],[[-75.576567,6.182072],[-75.576779,6.18206]],[[-75.576779,6.18206],[-75.576832,6.182096],[-75.577479,6.182468],[-75.578034,6.182805],[-75.578794,6.183273],[-75.578852,6.183308]],[[-75.578852,6.183308],[-75.579325,6.183593],[-75.579396,6.183647],[-75.579404,6.183654],[-75.579424,6.183673],[-75.579445,6.183693]],[[-75.579445,6.183693],[-75.57941,6.18374],[-75.579267,6.183967]],[[-75.579267,6.183967],[-75.579158,6.184163],[-75.579013,6.18449]],[[-75.579013,6.18449],[-75.578909,6.184741],[-75.578854,6.184872],[-75.578789,6.185028],[-75.578587,6.185533],[-75.578514,6.185712],[-75.578082,6.186819],[-75.577857,6.18735],[-75.577819,6.187467]],[[-75.577819,6.187467],[-75.577582,6.188286]],[[-75.577582,6.188286],[-75.577292,6.18916],[-75.577239,6.189319]],[[-75.577239,6.189319],[-75.577108,6.189719],[-75.577082,6.189807]],[[-75.577082,6.189807],[-75.576965,6.1902]],[[-75.576965,6.1902],[-75.57678,6.190836],[-75.576667,6.191205],[-75.576614,6.191359],[-75.5766,6.1914],[-75.576477,6.191736]],[[-75.576477,6.191736],[-75.576435,6.191853]],[[-75.576435,6.191853],[-75.576309,6.191965],[-75.576275,6.191995],[-75.576149,6.192107],[-75.575961,6.192246],[-75.57583,6.192319],[-75.575792,6.192339],[-75.575734,6.192371]],[[-75.575734,6.192371],[-75.575593,6.192483],[-75.575485,6.192591]],[[-75.575485,6.192591],[-75.575441,6.192664],[-75.575409,6.192743],[-75.57539,6.192825],[-75.575384,6.19291],[-75.575392,6.192995]],[[-75.575392,6.192995],[-75.575483,6.193165]],[[-75.575483,6.193165],[-75.575558,6.19322],[-75.575704,6.193307],[-75.575856,6.19337],[-75.576005,6.193412],[-75.576127,6.193434],[-75.576229,6.19345],[-75.576577,6.193522],[-75.576751,6.193575],[-75.576936,6.193643],[-75.577092,6.193709],[-75.577172,6.193757],[-75.57724,6.193808],[-75.577298,6.193861],[-75.577353,6.193914]],[[-75.577353,6.193914],[-75.577506,6.194077]],[[-75.577456,6.194122],[-75.577506,6.194077]],[[-75.577456,6.194122],[-75.577565,6.194239],[-75.57764,6.194314],[-75.577706,6.19437],[-75.577784,6.194427],[-75.577891,6.194493],[-75.578023,6.194562],[-75.578142,6.194607],[-75.578231,6.194636],[-75.578357,6.194666],[-75.578487,6.194692],[-75.578579,6.194706]],[[-75.578579,6.194706],[-75.578667,6.194722],[-75.578793,6.194748],[-75.578876,6.194774],[-75.578962,6.19481],[-75.579021,6.194848],[-75.579094,6.194909]],[[-75.579872,6.194822],[-75.579889,6.194752],[-75.579894,6.194681],[-75.579888,6.19461],[-75.579869,6.194542]],[[-75.579863,6.194848],[-75.579872,6.194822]],[[-75.579716,6.195033],[-75.579776,6.194981],[-75.579826,6.194918],[-75.579863,6.194848]],[[-75.579661,6.195067],[-75.5797,6.195044],[-75.579716,6.195033]],[[-75.579131,6.19496],[-75.579171,6.195002],[-75.579217,6.195038],[-75.579267,6.195068],[-75.57932,6.195091],[-75.579377,6.195106],[-75.579435,6.195114],[-75.579493,6.195114],[-75.579551,6.195106],[-75.579607,6.19509],[-75.579661,6.195067]],[[-75.579094,6.194909],[-75.579131,6.19496]],[[-75.579832,6.194464],[-75.579789,6.194266],[-75.579771,6.194168],[-75.579767,6.194098],[-75.579778,6.194004],[-75.579794,6.19392]],[[-75.579794,6.19392],[-75.579884,6.19356],[-75.580059,6.192867],[-75.580111,6.192659],[-75.580138,6.192551]],[[-75.580138,6.192551],[-75.580141,6.192472],[-75.580136,6.192398],[-75.580122,6.192241]],[[-75.580122,6.192241],[-75.58017,6.19163],[-75.580203,6.191334],[-75.58022,6.191189],[-75.580242,6.191059],[-75.58027,6.190927],[-75.58032,6.190755],[-75.580459,6.190307]]]}},{"type":"Feature","properties":{"name":"Bus Integrado 132-I Recorrido Alterno: Poblado - Estación Aguacatala","ref":"132-I Alterno"},"geometry":{"type":"MultiLineString","coordinates":[[[-75.562367,6.193621],[-75.562578,6.193707]],[[-75.559742,6.192267],[-75.55977,6.192274],[-75.559944,6.192346],[-75.560084,6.19242],[-75.560375,6.192589],[-75.56085,6.192862],[-75.561046,6.192971],[-75.561438,6.193203],[-75.561583,6.193274],[-75.562173,6.193539],[-75.562367,6.193621]],[[-75.560243,6.191546],[-75.560163,6.191659],[-75.559816,6.192165],[-75.559742,6.192267]],[[-75.560455,6.190972],[-75.560385,6.19123],[-75.560335,6.191368],[-75.560291,6.191465],[-75.560243,6.191546]],[[-75.560592,6.190528],[-75.560455,6.190972]],[[-75.561516,6.187398],[-75.561449,6.1876],[-75.561349,6.187949],[-75.561277,6.188211],[-75.561116,6.188798],[-75.561011,6.189166],[-75.560994,6.189226],[-75.560857,6.189681],[-75.560684,6.19025],[-75.560592,6.190528]],[[-75.561764,6.186805],[-75.561516,6.187398]],[[-75.561518,6.186955],[-75.561474,6.186921],[-75.561447,6.186884],[-75.56144,6.186853],[-75.561439,6.18682],[-75.561449,6.18678],[-75.561472,6.186736],[-75.561503,6.186697],[-75.561556,6.186655],[-75.561612,6.18663],[-75.561661,6.186623],[-75.561694,6.18663],[-75.561727,6.186647],[-75.561757,6.186685],[-75.561767,6.186747],[-75.561764,6.186805]],[[-75.561644,6.186914],[-75.561518,6.186955]],[[-75.564224,6.187814],[-75.564135,6.187699],[-75.56402,6.187599],[-75.563817,6.187456],[-75.563687,6.187333],[-75.563537,6.187185],[-75.563416,6.187047],[-75.56339,6.187017],[-75.563288,6.186941],[-75.563161,6.186881],[-75.56302,6.186847],[-75.56287,6.186818],[-75.562773,6.18681],[-75.562724,6.186807],[-75.562567,6.186817],[-75.562335,6.186859],[-75.5622,6.186873],[-75.562015,6.186875],[-75.561898,6.186881],[-75.561805,6.186886],[-75.561644,6.186914]],[[-75.564381,6.188014],[-75.564302,6.187905],[-75.564224,6.187814]],[[-75.564743,6.188401],[-75.56465,6.188335],[-75.564571,6.188259],[-75.564525,6.188203],[-75.564484,6.188147],[-75.564381,6.188014]],[[-75.564984,6.188806],[-75.564879,6.188598],[-75.564808,6.188473],[-75.564743,6.188401]],[[-75.565072,6.189891],[-75.565021,6.189585],[-75.565011,6.189429],[-75.565019,6.189009],[-75.565012,6.188902],[-75.564984,6.188806]],[[-75.565963,6.191327],[-75.565858,6.191248],[-75.565781,6.191181],[-75.5657,6.191094],[-75.565587,6.190965],[-75.565497,6.190852],[-75.565374,6.190675],[-75.565274,6.190519],[-75.565199,6.190389],[-75.565151,6.190274],[-75.565123,6.190168],[-75.565104,6.190077],[-75.565072,6.189891]],[[-75.567242,6.191752],[-75.567175,6.191732],[-75.566146,6.191411],[-75.566044,6.191369],[-75.565963,6.191327]],[[-75.567468,6.191836],[-75.567242,6.191752]],[[-75.567852,6.192086],[-75.567751,6.192023],[-75.567608,6.191917],[-75.567526,6.191869],[-75.567468,6.191836]],[[-75.564201,6.188329],[-75.564332,6.188316],[-75.564427,6.188323],[-75.564507,6.188346],[-75.564574,6.18837],[-75.564637,6.188407]],[[-75.564637,6.188407],[-75.564718,6.188485],[-75.564782,6.188589],[-75.564871,6.188765],[-75.564927,6.188875],[-75.56494,6.188949],[-75.564938,6.189017],[-75.56493,6.189415],[-75.56494,6.189568],[-75.564965,6.189728],[-75.565002,6.189975],[-75.565027,6.190135]],[[-75.562632,6.200003],[-75.562827,6.200063],[-75.562917,6.200085],[-75.562989,6.2001],[-75.563062,6.200114],[-75.563135,6.200125],[-75.563244,6.200138],[-75.563353,6.200146],[-75.563462,6.200149],[-75.563474,6.200149]],[[-75.56443,6.200442],[-75.56456,6.200506],[-75.564648,6.200554],[-75.565165,6.200822],[-75.565372,6.200915],[-75.56592,6.201125],[-75.566073,6.201177]],[[-75.566073,6.201177],[-75.5662,6.201212]],[[-75.5662,6.201212],[-75.566234,6.20122],[-75.56647,6.201293],[-75.566499,6.201297],[-75.566658,6.201344],[-75.566687,6.201353],[-75.567004,6.201444],[-75.567139,6.2015],[-75.567389,6.201631],[-75.567729,6.201832],[-75.568072,6.202058],[-75.568354,6.202164],[-75.568849,6.202358]],[[-75.568849,6.202358],[-75.569284,6.202534]],[[-75.569284,6.202534],[-75.569595,6.202659],[-75.569723,6.20271]],[[-75.569723,6.20271],[-75.56975,6.202721],[-75.570054,6.202844],[-75.570343,6.202968],[-75.570475,6.203023]],[[-75.570475,6.203023],[-75.570664,6.203103],[-75.570697,6.203117],[-75.570793,6.203158]],[[-75.570793,6.203158],[-75.570878,6.203194],[-75.571283,6.203365],[-75.571591,6.203494],[-75.571656,6.20352]],[[-75.571186,6.203237],[-75.57091,6.203119],[-75.570728,6.203038]],[[-75.571681,6.203441],[-75.571615,6.203414],[-75.571186,6.203237]],[[-75.571779,6.203482],[-75.571681,6.203441]],[[-75.571779,6.203482],[-75.571792,6.203436]],[[-75.571792,6.203436],[-75.572001,6.202818]],[[-75.573071,6.203241],[-75.57274,6.20311],[-75.572069,6.202845],[-75.572001,6.202818]],[[-75.573071,6.203241],[-75.573365,6.203351],[-75.573631,6.203451]],[[-75.573631,6.203451],[-75.573718,6.203539],[-75.573729,6.203583],[-75.573722,6.203684]],[[-75.573722,6.203684],[-75.573701,6.203726]],[[-75.57374,6.204027],[-75.573713,6.203956],[-75.573698,6.203881],[-75.573696,6.203804],[-75.573701,6.203726]],[[-75.574372,6.204393],[-75.57404,6.204244]],[[-75.574686,6.201879],[-75.574759,6.201823]],[[-75.578563,6.196696],[-75.578439,6.196953]],[[-75.578439,6.196953],[-75.578264,6.197345]],[[-75.578264,6.197345],[-75.578167,6.197551],[-75.578074,6.197795],[-75.578007,6.197993],[-75.577868,6.198433],[-75.577715,6.198948],[-75.577624,6.199257],[-75.577601,6.199362]],[[-75.577601,6.199362],[-75.577594,6.199404],[-75.577552,6.199584],[-75.577538,6.19966],[-75.577482,6.200006]],[[-75.577482,6.200006],[-75.577312,6.201666]],[[-75.577312,6.201666],[-75.577259,6.202089]],[[-75.577259,6.202089],[-75.577205,6.202471]],[[-75.577205,6.202471],[-75.577189,6.202644],[-75.577179,6.20275]],[[-75.577179,6.20275],[-75.577139,6.203267]],[[-75.577139,6.203267],[-75.577128,6.203427],[-75.577108,6.203617]],[[-75.575088,6.202061],[-75.575155,6.202074],[-75.575244,6.202064],[-75.575308,6.202042],[-75.575347,6.202016],[-75.575393,6.201974],[-75.57543,6.201944],[-75.575459,6.201878]],[[-75.577108,6.203617],[-75.577074,6.203961]],[[-75.577074,6.203961],[-75.577063,6.20408]],[[-75.577063,6.20408],[-75.577026,6.204497],[-75.576931,6.205529]],[[-75.576931,6.205529],[-75.5769,6.205518],[-75.576854,6.2055],[-75.575992,6.20512],[-75.575972,6.205112],[-75.574541,6.20447],[-75.574468,6.204436],[-75.574372,6.204393]],[[-75.573419,6.194699],[-75.573263,6.194624],[-75.5732,6.194593],[-75.573099,6.194538],[-75.573026,6.194483],[-75.572907,6.194372]],[[-75.572907,6.194372],[-75.57285,6.194302],[-75.572804,6.194259],[-75.572727,6.194218],[-75.572619,6.194172],[-75.572533,6.194129],[-75.572447,6.194083],[-75.572347,6.194003],[-75.572252,6.193907]],[[-75.572252,6.193907],[-75.57211,6.193785],[-75.57204,6.193718],[-75.571915,6.19364],[-75.571864,6.19361],[-75.571835,6.193594]],[[-75.574849,6.195864],[-75.574801,6.195817],[-75.574753,6.195756],[-75.57471,6.195697],[-75.574673,6.195628],[-75.574638,6.195544],[-75.574549,6.195367]],[[-75.574928,6.195943],[-75.574849,6.195864]],[[-75.57404,6.204244],[-75.573931,6.204185],[-75.57383,6.204112],[-75.57374,6.204027]],[[-75.574759,6.201823],[-75.574843,6.20184],[-75.57489,6.201873],[-75.57494,6.201932],[-75.574981,6.201984],[-75.575028,6.202026],[-75.575088,6.202061]],[[-75.575459,6.201878],[-75.575504,6.201732],[-75.575554,6.201574]],[[-75.575554,6.201574],[-75.575635,6.201354],[-75.575738,6.201147],[-75.575841,6.200951]],[[-75.574928,6.195943],[-75.574849,6.195864]],[[-75.574849,6.195864],[-75.574801,6.195817],[-75.574753,6.195756],[-75.57471,6.195697],[-75.574673,6.195628],[-75.574638,6.195544],[-75.574549,6.195367]],[[-75.574549,6.195367],[-75.574505,6.195306],[-75.574472,6.195258],[-75.574432,6.195216],[-75.574348,6.195145]],[[-75.574549,6.195367],[-75.574505,6.195306],[-75.574472,6.195258],[-75.574432,6.195216],[-75.574348,6.195145]],[[-75.574348,6.195145],[-75.574225,6.195082],[-75.574055,6.195001],[-75.573632,6.194802],[-75.573419,6.194699]],[[-75.575042,6.196068],[-75.574928,6.195943]],[[-75.575109,6.196158],[-75.575042,6.196068]],[[-75.575515,6.197302],[-75.575492,6.196956],[-75.575477,6.196794],[-75.575464,6.196732],[-75.575442,6.196672],[-75.575396,6.196587],[-75.575312,6.196472],[-75.575206,6.196318],[-75.575109,6.196158]],[[-75.575566,6.198218],[-75.575552,6.198168],[-75.575542,6.198087],[-75.575516,6.197442],[-75.575515,6.197302]],[[-75.576423,6.199263],[-75.576415,6.199207],[-75.576398,6.19916],[-75.576374,6.199117],[-75.576229,6.198952],[-75.576191,6.198901],[-75.576147,6.19883],[-75.576116,6.198784],[-75.576089,6.19873],[-75.576061,6.198681],[-75.576029,6.198634],[-75.57597,6.198559],[-75.57593,6.198522],[-75.57586,6.198471],[-75.575709,6.198382],[-75.575646,6.19833],[-75.575595,6.198271],[-75.575566,6.198218]],[[-75.575841,6.200951],[-75.576012,6.200418],[-75.576037,6.200343],[-75.576043,6.200326],[-75.57605,6.200305],[-75.576055,6.20029],[-75.576361,6.199577],[-75.576405,6.199445],[-75.576416,6.199378],[-75.576422,6.199322],[-75.576423,6.199263]],[[-75.581639,6.193198],[-75.581488,6.193591],[-75.581213,6.194308],[-75.581176,6.194385],[-75.581163,6.194402],[-75.581141,6.194432],[-75.581105,6.194478],[-75.58107,6.194513],[-75.581011,6.194561],[-75.580989,6.194575],[-75.580866,6.194651],[-75.580685,6.194762],[-75.580635,6.194788],[-75.580588,6.194808],[-75.580541,6.194826],[-75.580494,6.194839]],[[-75.582157,6.191082],[-75.582051,6.19155],[-75.582037,6.191618],[-75.581966,6.191967],[-75.581918,6.192174],[-75.581868,6.192375],[-75.581795,6.192647],[-75.581703,6.192976],[-75.581639,6.193198]],[[-75.582157,6.191082],[-75.582111,6.19107],[-75.581781,6.190988],[-75.581722,6.190966],[-75.581637,6.19093]],[[-75.581637,6.19093],[-75.581126,6.19066],[-75.580686,6.190428],[-75.580506,6.190332],[-75.580459,6.190307]],[[-75.580122,6.192241],[-75.58017,6.19163],[-75.580203,6.191334],[-75.58022,6.191189],[-75.580242,6.191059],[-75.58027,6.190927],[-75.58032,6.190755],[-75.580459,6.190307]],[[-75.579832,6.194464],[-75.579789,6.194266],[-75.579771,6.194168],[-75.579767,6.194098],[-75.579778,6.194004],[-75.579794,6.19392]],[[-75.579794,6.19392],[-75.579884,6.19356],[-75.580059,6.192867],[-75.580111,6.192659],[-75.580138,6.192551]],[[-75.580931,6.195061],[-75.580745,6.194935],[-75.580687,6.194901],[-75.580627,6.194875],[-75.580569,6.194857],[-75.580494,6.194839]],[[-75.580199,6.194771],[-75.580153,6.194752],[-75.58011,6.194727],[-75.580035,6.194676],[-75.579953,6.194612],[-75.579869,6.194542]],[[-75.578984,6.195579],[-75.578937,6.195691],[-75.578515,6.196686],[-75.578439,6.196953]],[[-75.579125,6.195235],[-75.579102,6.195297],[-75.578984,6.195579]],[[-75.579131,6.19496],[-75.579143,6.195053],[-75.579143,6.195102],[-75.579141,6.195159],[-75.579125,6.195235]],[[-75.571835,6.193594],[-75.571788,6.193571],[-75.571764,6.193561]],[[-75.571764,6.193561],[-75.571705,6.193529],[-75.57158,6.193464],[-75.571487,6.193412],[-75.570973,6.193132],[-75.570592,6.192948]],[[-75.570592,6.192948],[-75.570428,6.19288]],[[-75.570428,6.19288],[-75.57033,6.192844],[-75.570199,6.192793]],[[-75.570199,6.192793],[-75.570098,6.192748],[-75.570019,6.192701],[-75.569962,6.19264],[-75.569923,6.192562],[-75.569896,6.192453],[-75.569883,6.192323],[-75.569865,6.192222],[-75.56984,6.19214]],[[-75.56984,6.19214],[-75.569817,6.192081],[-75.569771,6.192006],[-75.569682,6.191914],[-75.56958,6.191855],[-75.569476,6.191826],[-75.569361,6.19182],[-75.569245,6.191839],[-75.569045,6.191921],[-75.568817,6.192018],[-75.568726,6.192045],[-75.568534,6.192064],[-75.568456,6.192073],[-75.568103,6.192123]],[[-75.568103,6.192123],[-75.568065,6.192122],[-75.567999,6.192122],[-75.567928,6.192112],[-75.567852,6.192086]],[[-75.562468,6.193897],[-75.562578,6.193707]],[[-75.561905,6.194993],[-75.562296,6.194233],[-75.562468,6.193897]],[[-75.561905,6.194993],[-75.562085,6.195006],[-75.562139,6.195012],[-75.562256,6.195026],[-75.562393,6.195061],[-75.562502,6.19511],[-75.562594,6.19516],[-75.562644,6.195194],[-75.562793,6.195326],[-75.563027,6.195624],[-75.563123,6.195735]],[[-75.562781,6.196379],[-75.563123,6.195735]],[[-75.56411,6.197071],[-75.56408,6.197054],[-75.564047,6.197035],[-75.563957,6.196967],[-75.563866,6.196883],[-75.563761,6.19679],[-75.563644,6.196712],[-75.563477,6.196627],[-75.56332,6.196565],[-75.56301,6.196454],[-75.562781,6.196379]],[[-75.563169,6.199038],[-75.563441,6.198479],[-75.563559,6.198214],[-75.563693,6.197912],[-75.563996,6.197287],[-75.56411,6.197071]],[[-75.563052,6.199336],[-75.563079,6.199267],[-75.563169,6.199038]],[[-75.563024,6.199406],[-75.563052,6.199336]],[[-75.563024,6.199406],[-75.562854,6.19971]],[[-75.562854,6.19971],[-75.562753,6.199861]],[[-75.562753,6.199861],[-75.56267,6.199964],[-75.562632,6.200003]],[[-75.577297,6.202735],[-75.577303,6.202679],[-75.577327,6.202494]],[[-75.577288,6.202811],[-75.577291,6.202794],[-75.577297,6.202735]],[[-75.577246,6.203344],[-75.577288,6.202811]],[[-75.577223,6.203559],[-75.577238,6.203433],[-75.577246,6.203344]],[[-75.577189,6.20389],[-75.577195,6.203839],[-75.577223,6.203559]],[[-75.577036,6.205658],[-75.577189,6.20389]],[[-75.576916,6.20572],[-75.576951,6.205702],[-75.576989,6.205683],[-75.577036,6.205658]],[[-75.575054,6.204889],[-75.575915,6.205287],[-75.575955,6.205307],[-75.576399,6.205507],[-75.576774,6.205673],[-75.576882,6.205717],[-75.576916,6.20572]],[[-75.574303,6.204595],[-75.574434,6.204651],[-75.575054,6.204889]],[[-75.573974,6.204465],[-75.574303,6.204595]],[[-75.573425,6.204272],[-75.573801,6.204395],[-75.573974,6.204465]],[[-75.57346,6.204196],[-75.573425,6.204272]],[[-75.573539,6.204041],[-75.57346,6.204196]],[[-75.573701,6.203726],[-75.573539,6.204041]],[[-75.573722,6.203684],[-75.573701,6.203726]],[[-75.573722,6.203684],[-75.573787,6.203557],[-75.573865,6.203405]],[[-75.573865,6.203405],[-75.5739,6.203344],[-75.574088,6.202977],[-75.574307,6.202528]],[[-75.574307,6.202528],[-75.574331,6.202481],[-75.574447,6.20225],[-75.574527,6.20209]],[[-75.578377,6.197394],[-75.578526,6.197138],[-75.579137,6.195776],[-75.579192,6.195652]],[[-75.579192,6.195652],[-75.579305,6.195403],[-75.579341,6.195346],[-75.579386,6.195297],[-75.579447,6.195243],[-75.579661,6.195067]]]}},{"type":"Feature","properties":{"name":"Bus Integrado 132-I: Poblado - Estación Aguacatala","ref":"132-I"},"geometry":{"type":"MultiLineString","coordinates":[[[-75.580931,6.195061],[-75.580745,6.194935],[-75.580687,6.194901],[-75.580627,6.194875],[-75.580569,6.194857],[-75.580494,6.194839]],[[-75.580199,6.194771],[-75.580153,6.194752],[-75.58011,6.194727],[-75.580035,6.194676],[-75.579953,6.194612],[-75.579869,6.194542]],[[-75.578984,6.195579],[-75.578937,6.195691],[-75.578515,6.196686],[-75.578439,6.196953]],[[-75.579125,6.195235],[-75.579102,6.195297],[-75.578984,6.195579]],[[-75.579131,6.19496],[-75.579143,6.195053],[-75.579143,6.195102],[-75.579141,6.195159],[-75.579125,6.195235]],[[-75.578563,6.196696],[-75.578439,6.196953]],[[-75.578439,6.196953],[-75.578264,6.197345]],[[-75.578264,6.197345],[-75.578167,6.197551],[-75.578074,6.197795],[-75.578007,6.197993],[-75.577868,6.198433],[-75.577715,6.198948],[-75.577624,6.199257],[-75.577601,6.199362]],[[-75.577601,6.199362],[-75.577594,6.199404],[-75.577552,6.199584],[-75.577538,6.19966],[-75.577482,6.200006]],[[-75.577482,6.200006],[-75.577312,6.201666]],[[-75.577312,6.201666],[-75.577259,6.202089]],[[-75.577259,6.202089],[-75.577205,6.202471]],[[-75.577205,6.202471],[-75.577189,6.202644],[-75.577179,6.20275]],[[-75.577179,6.20275],[-75.577139,6.203267]],[[-75.577139,6.203267],[-75.577128,6.203427],[-75.577108,6.203617]],[[-75.577108,6.203617],[-75.577074,6.203961]],[[-75.577074,6.203961],[-75.577063,6.20408]],[[-75.577063,6.20408],[-75.577026,6.204497],[-75.576931,6.205529]],[[-75.576931,6.205529],[-75.5769,6.205518],[-75.576854,6.2055],[-75.575992,6.20512],[-75.575972,6.205112],[-75.574541,6.20447],[-75.574468,6.204436],[-75.574372,6.204393]],[[-75.574372,6.204393],[-75.57404,6.204244]],[[-75.57404,6.204244],[-75.573931,6.204185],[-75.57383,6.204112],[-75.57374,6.204027]],[[-75.57374,6.204027],[-75.573713,6.203956],[-75.573698,6.203881],[-75.573696,6.203804],[-75.573701,6.203726]],[[-75.573722,6.203684],[-75.573701,6.203726]],[[-75.573722,6.203684],[-75.573787,6.203557],[-75.573865,6.203405]],[[-75.573865,6.203405],[-75.5739,6.203344],[-75.574088,6.202977],[-75.574307,6.202528]],[[-75.574307,6.202528],[-75.574331,6.202481],[-75.574447,6.20225],[-75.574527,6.20209]],[[-75.574686,6.201879],[-75.574759,6.201823]],[[-75.574759,6.201823],[-75.574925,6.201725],[-75.575063,6.201635],[-75.57519,6.201548]],[[-75.57519,6.201548],[-75.575208,6.201524],[-75.575213,6.201497],[-75.575207,6.201429]],[[-75.575207,6.201429],[-75.575172,6.201409],[-75.575069,6.20135],[-75.574752,6.201167],[-75.57451,6.201028],[-75.574366,6.200944]],[[-75.574366,6.200944],[-75.573746,6.200585],[-75.573662,6.200536],[-75.573432,6.200405],[-75.573387,6.200363],[-75.573354,6.200321]],[[-75.573354,6.200321],[-75.573345,6.200273],[-75.573345,6.200233],[-75.573357,6.200159],[-75.573368,6.200097],[-75.573372,6.200035]],[[-75.573372,6.200035],[-75.573364,6.199989],[-75.573342,6.199944],[-75.573311,6.199899]],[[-75.573311,6.199899],[-75.573234,6.19983]],[[-75.573234,6.19983],[-75.57318,6.199786],[-75.573031,6.199695]],[[-75.573031,6.199695],[-75.572955,6.199651],[-75.57282,6.199573],[-75.572726,6.199506]],[[-75.572726,6.199506],[-75.572667,6.199442],[-75.572604,6.199353],[-75.57253,6.199229],[-75.572453,6.199138],[-75.572349,6.199056]],[[-75.572349,6.199056],[-75.572228,6.198986],[-75.572084,6.198926],[-75.571853,6.198843],[-75.571478,6.198696],[-75.571113,6.198544],[-75.570758,6.198336],[-75.570608,6.198248],[-75.570268,6.198044],[-75.570233,6.198022],[-75.569906,6.197774]],[[-75.569906,6.197774],[-75.569599,6.197403]],[[-75.569599,6.197403],[-75.56947,6.19727],[-75.569382,6.19719],[-75.569299,6.197131],[-75.56922,6.197088],[-75.569128,6.197046],[-75.56899,6.197003],[-75.56884,6.196951]],[[-75.56884,6.196951],[-75.568696,6.196923],[-75.568603,6.196925],[-75.568548,6.196931],[-75.568513,6.196949],[-75.568471,6.196948]],[[-75.568471,6.196948],[-75.568378,6.196945],[-75.568348,6.196946],[-75.568303,6.196947],[-75.568132,6.196946],[-75.567922,6.196944],[-75.567858,6.19697],[-75.56778,6.196978],[-75.567684,6.196979],[-75.567624,6.196971],[-75.567572,6.196965],[-75.567454,6.196932],[-75.567369,6.196897],[-75.567286,6.196854],[-75.567183,6.196793],[-75.567069,6.196728],[-75.566931,6.196653],[-75.56681,6.196579],[-75.56662,6.196448],[-75.566505,6.196351],[-75.566259,6.196102]],[[-75.566259,6.196102],[-75.566164,6.196005],[-75.566068,6.195929],[-75.565922,6.195828],[-75.565724,6.195711],[-75.565413,6.195536]],[[-75.565413,6.195536],[-75.565162,6.195402],[-75.565087,6.195357]],[[-75.565033,6.195397],[-75.565142,6.195449],[-75.565384,6.195594]],[[-75.565384,6.195594],[-75.565547,6.195693],[-75.565697,6.195785],[-75.565881,6.195902],[-75.566045,6.196017],[-75.566109,6.196072],[-75.566168,6.196135],[-75.566218,6.19619]],[[-75.566218,6.19619],[-75.566439,6.196454],[-75.566518,6.196553],[-75.566566,6.196623],[-75.566696,6.196805],[-75.566738,6.196852],[-75.566815,6.19692],[-75.566889,6.196971],[-75.566962,6.197014],[-75.567047,6.197048],[-75.567125,6.197068],[-75.567224,6.197081],[-75.567318,6.197089],[-75.567482,6.197076],[-75.567635,6.197078],[-75.567733,6.197079]],[[-75.567733,6.197079],[-75.56778,6.196978]],[[-75.565033,6.195397],[-75.564993,6.195332]],[[-75.564993,6.195332],[-75.564919,6.195296],[-75.564634,6.195146],[-75.564388,6.195003],[-75.564307,6.194955],[-75.564091,6.194758],[-75.563901,6.194533],[-75.563732,6.194314],[-75.563656,6.194224],[-75.56355,6.194111],[-75.563457,6.194032],[-75.563369,6.19397],[-75.56326,6.193919],[-75.562743,6.193763]],[[-75.562743,6.193763],[-75.562664,6.193784],[-75.562593,6.193811],[-75.562559,6.193828],[-75.562527,6.193848],[-75.562496,6.193871],[-75.562468,6.193897]],[[-75.561905,6.194993],[-75.562296,6.194233],[-75.562468,6.193897]],[[-75.561905,6.194993],[-75.562085,6.195006],[-75.562139,6.195012],[-75.562256,6.195026],[-75.562393,6.195061],[-75.562502,6.19511],[-75.562594,6.19516],[-75.562644,6.195194],[-75.562793,6.195326],[-75.563027,6.195624],[-75.563123,6.195735]],[[-75.562781,6.196379],[-75.563123,6.195735]],[[-75.56411,6.197071],[-75.56408,6.197054],[-75.564047,6.197035],[-75.563957,6.196967],[-75.563866,6.196883],[-75.563761,6.19679],[-75.563644,6.196712],[-75.563477,6.196627],[-75.56332,6.196565],[-75.56301,6.196454],[-75.562781,6.196379]],[[-75.563169,6.199038],[-75.563441,6.198479],[-75.563559,6.198214],[-75.563693,6.197912],[-75.563996,6.197287],[-75.56411,6.197071]],[[-75.563052,6.199336],[-75.563079,6.199267],[-75.563169,6.199038]],[[-75.563024,6.199406],[-75.563052,6.199336]],[[-75.563024,6.199406],[-75.562854,6.19971]],[[-75.562854,6.19971],[-75.562753,6.199861]],[[-75.562753,6.199861],[-75.56267,6.199964],[-75.562632,6.200003]],[[-75.562632,6.200003],[-75.562827,6.200063],[-75.562917,6.200085],[-75.562989,6.2001],[-75.563062,6.200114],[-75.563135,6.200125],[-75.563244,6.200138],[-75.563353,6.200146],[-75.563462,6.200149],[-75.563474,6.200149]],[[-75.56443,6.200442],[-75.56456,6.200506],[-75.564648,6.200554],[-75.565165,6.200822],[-75.565372,6.200915],[-75.56592,6.201125],[-75.566073,6.201177]],[[-75.566073,6.201177],[-75.5662,6.201212]],[[-75.5662,6.201212],[-75.566234,6.20122],[-75.56647,6.201293],[-75.566499,6.201297],[-75.566658,6.201344],[-75.566687,6.201353],[-75.567004,6.201444],[-75.567139,6.2015],[-75.567389,6.201631],[-75.567729,6.201832],[-75.568072,6.202058],[-75.568354,6.202164],[-75.568849,6.202358]],[[-75.568849,6.202358],[-75.569284,6.202534]],[[-75.569284,6.202534],[-75.569595,6.202659],[-75.569723,6.20271]],[[-75.569723,6.20271],[-75.56975,6.202721],[-75.570054,6.202844],[-75.570343,6.202968],[-75.570475,6.203023]],[[-75.570475,6.203023],[-75.570664,6.203103],[-75.570697,6.203117],[-75.570793,6.203158]],[[-75.570793,6.203158],[-75.570878,6.203194],[-75.571283,6.203365],[-75.571591,6.203494],[-75.571656,6.20352]],[[-75.571186,6.203237],[-75.57091,6.203119],[-75.570728,6.203038]],[[-75.571681,6.203441],[-75.571615,6.203414],[-75.571186,6.203237]],[[-75.571779,6.203482],[-75.571681,6.203441]],[[-75.571779,6.203482],[-75.571792,6.203436]],[[-75.571792,6.203436],[-75.572001,6.202818]],[[-75.573071,6.203241],[-75.57274,6.20311],[-75.572069,6.202845],[-75.572001,6.202818]],[[-75.573071,6.203241],[-75.573365,6.203351],[-75.573631,6.203451]],[[-75.573631,6.203451],[-75.573718,6.203539],[-75.573729,6.203583],[-75.573722,6.203684]],[[-75.573722,6.203684],[-75.573701,6.203726]],[[-75.573701,6.203726],[-75.573539,6.204041]],[[-75.573539,6.204041],[-75.57346,6.204196]],[[-75.57346,6.204196],[-75.573425,6.204272]],[[-75.573425,6.204272],[-75.573801,6.204395],[-75.573974,6.204465]],[[-75.573974,6.204465],[-75.574303,6.204595]],[[-75.574303,6.204595],[-75.574434,6.204651],[-75.575054,6.204889]],[[-75.575054,6.204889],[-75.575915,6.205287],[-75.575955,6.205307],[-75.576399,6.205507],[-75.576774,6.205673],[-75.576882,6.205717],[-75.576916,6.20572]],[[-75.576916,6.20572],[-75.576951,6.205702],[-75.576989,6.205683],[-75.577036,6.205658]],[[-75.577036,6.205658],[-75.577189,6.20389]],[[-75.577189,6.20389],[-75.577195,6.203839],[-75.577223,6.203559]],[[-75.577223,6.203559],[-75.577238,6.203433],[-75.577246,6.203344]],[[-75.577246,6.203344],[-75.577288,6.202811]],[[-75.577288,6.202811],[-75.577291,6.202794],[-75.577297,6.202735]],[[-75.577297,6.202735],[-75.577303,6.202679],[-75.577327,6.202494]],[[-75.578377,6.197394],[-75.578526,6.197138],[-75.579137,6.195776],[-75.579192,6.195652]],[[-75.579192,6.195652],[-75.579305,6.195403],[-75.579341,6.195346],[-75.579386,6.195297],[-75.579447,6.195243],[-75.579661,6.195067]],[[-75.581639,6.193198],[-75.581488,6.193591],[-75.581213,6.194308],[-75.581176,6.194385],[-75.581163,6.194402],[-75.581141,6.194432],[-75.581105,6.194478],[-75.58107,6.194513],[-75.581011,6.194561],[-75.580989,6.194575],[-75.580866,6.194651],[-75.580685,6.194762],[-75.580635,6.194788],[-75.580588,6.194808],[-75.580541,6.194826],[-75.580494,6.194839]],[[-75.582157,6.191082],[-75.582051,6.19155],[-75.582037,6.191618],[-75.581966,6.191967],[-75.581918,6.192174],[-75.581868,6.192375],[-75.581795,6.192647],[-75.581703,6.192976],[-75.581639,6.193198]],[[-75.582157,6.191082],[-75.582111,6.19107],[-75.581781,6.190988],[-75.581722,6.190966],[-75.581637,6.19093]],[[-75.581637,6.19093],[-75.581126,6.19066],[-75.580686,6.190428],[-75.580506,6.190332],[-75.580459,6.190307]],[[-75.580122,6.192241],[-75.58017,6.19163],[-75.580203,6.191334],[-75.58022,6.191189],[-75.580242,6.191059],[-75.58027,6.190927],[-75.58032,6.190755],[-75.580459,6.190307]],[[-75.579832,6.194464],[-75.579789,6.194266],[-75.579771,6.194168],[-75.579767,6.194098],[-75.579778,6.194004],[-75.579794,6.19392]],[[-75.579794,6.19392],[-75.579884,6.19356],[-75.580059,6.192867],[-75.580111,6.192659],[-75.580138,6.192551]],[[-75.565087,6.195357],[-75.564993,6.195332]]]}},{"type":"Feature","properties":{"name":"Ruta C3-001: Santa Gema -> La Mota -> Aguacatala","ref":"C3-001"},"geometry":{"type":"MultiLineString","coordinates":[[[-75.602927,6.23842],[-75.602859,6.238445],[-75.602798,6.238486],[-75.60275,6.238539],[-75.602715,6.238602],[-75.602696,6.238672],[-75.602695,6.238742],[-75.602709,6.23881],[-75.60274,6.238876],[-75.602786,6.238932],[-75.602845,6.238976],[-75.602865,6.238985],[-75.602912,6.239005],[-75.602997,6.239017],[-75.603081,6.239005],[-75.603156,6.238973],[-75.60322,6.238921],[-75.603267,6.238855],[-75.603295,6.238779],[-75.603302,6.238713],[-75.603295,6.238646],[-75.60328,6.238606],[-75.603272,6.238584],[-75.603249,6.238543],[-75.603219,6.238506],[-75.603184,6.238474],[-75.603144,6.238449],[-75.603075,6.238421],[-75.603001,6.238412],[-75.602927,6.23842]],[[-75.603144,6.238449],[-75.603123,6.238389],[-75.603107,6.238339],[-75.603099,6.238279],[-75.603095,6.238201],[-75.603094,6.238149],[-75.603113,6.237764],[-75.603124,6.237633],[-75.603128,6.237487],[-75.603131,6.237367],[-75.60313,6.237287],[-75.603119,6.237171],[-75.60309,6.237066],[-75.603061,6.23697],[-75.603024,6.236885],[-75.602981,6.236805],[-75.602944,6.236745],[-75.602673,6.236381],[-75.60251,6.236167],[-75.602451,6.236079],[-75.602395,6.235975],[-75.60236,6.235883],[-75.602342,6.235814],[-75.602323,6.23572],[-75.602312,6.235651],[-75.602304,6.235567],[-75.602293,6.235418],[-75.602278,6.234925],[-75.602254,6.234287],[-75.602253,6.23425],[-75.602252,6.234217],[-75.602251,6.234173],[-75.602249,6.234111],[-75.602247,6.234054]],[[-75.602247,6.234054],[-75.602246,6.233908]],[[-75.602246,6.233908],[-75.602245,6.23388],[-75.602243,6.233825]],[[-75.602243,6.233825],[-75.602241,6.233751],[-75.602238,6.233637],[-75.60223,6.233413],[-75.602204,6.232686],[-75.602193,6.2324],[-75.602189,6.232223],[-75.602189,6.232187]],[[-75.602189,6.232187],[-75.602186,6.232094],[-75.602184,6.232005]],[[-75.602184,6.232005],[-75.602181,6.231882],[-75.602177,6.231736],[-75.602176,6.231661],[-75.602185,6.231588],[-75.602204,6.231508],[-75.602252,6.231343]],[[-75.602252,6.231343],[-75.602297,6.23131],[-75.602335,6.23127],[-75.602371,6.231211],[-75.602393,6.231145],[-75.602397,6.23111],[-75.602398,6.231067],[-75.602392,6.231025],[-75.60238,6.230983],[-75.602362,6.230944],[-75.602327,6.230893],[-75.602304,6.230871],[-75.602281,6.23085],[-75.602228,6.230817]],[[-75.602228,6.230817],[-75.602181,6.230757],[-75.602158,6.230712],[-75.602129,6.230607],[-75.602126,6.230503],[-75.602114,6.22998],[-75.602107,6.229658],[-75.602106,6.229474]],[[-75.602106,6.229474],[-75.602103,6.229371]],[[-75.602103,6.229371],[-75.602101,6.22925],[-75.602096,6.229174],[-75.602092,6.229061],[-75.602082,6.228922],[-75.602069,6.228767],[-75.602011,6.228245],[-75.601957,6.227762],[-75.601929,6.227492]],[[-75.601929,6.227492],[-75.601913,6.227333],[-75.601898,6.227222],[-75.601884,6.227173],[-75.601865,6.227132]],[[-75.601865,6.227132],[-75.601819,6.227074]],[[-75.601819,6.227074],[-75.601701,6.226937]],[[-75.601701,6.226937],[-75.601666,6.226895]],[[-75.601666,6.226895],[-75.601598,6.226833],[-75.600672,6.225984],[-75.600411,6.225744]],[[-75.600411,6.225744],[-75.600308,6.22565],[-75.600215,6.225568]],[[-75.600215,6.225568],[-75.600068,6.225425]],[[-75.600068,6.225425],[-75.599929,6.225294],[-75.599731,6.225115],[-75.599644,6.225019],[-75.599558,6.224898]],[[-75.599558,6.224898],[-75.599512,6.224801],[-75.599488,6.224721],[-75.599477,6.224646],[-75.599472,6.224545],[-75.599488,6.224132]],[[-75.599488,6.224132],[-75.599489,6.224094],[-75.599491,6.224058]],[[-75.599491,6.224058],[-75.599501,6.223783],[-75.599511,6.223361],[-75.599512,6.222755],[-75.59951,6.222681],[-75.599506,6.222597],[-75.599495,6.22245],[-75.599471,6.222133]],[[-75.599471,6.222133],[-75.599465,6.221991]],[[-75.599465,6.221991],[-75.599459,6.221905],[-75.599437,6.221551],[-75.599431,6.221469],[-75.599414,6.221197],[-75.599402,6.221005],[-75.599364,6.220414],[-75.599324,6.219434],[-75.599316,6.219348],[-75.599301,6.219267],[-75.59927,6.219163],[-75.599239,6.219076],[-75.599206,6.218995],[-75.599118,6.218788]],[[-75.599118,6.218788],[-75.59908,6.218718]],[[-75.59908,6.218718],[-75.599033,6.218629],[-75.598982,6.21854],[-75.598869,6.218328],[-75.598794,6.218187],[-75.598672,6.217957],[-75.598604,6.21783],[-75.598292,6.217244],[-75.598054,6.216765],[-75.598007,6.21668],[-75.597897,6.216482],[-75.597886,6.216453]],[[-75.597886,6.216453],[-75.597818,6.216322],[-75.597777,6.21625]],[[-75.597777,6.21625],[-75.597773,6.216241]],[[-75.597773,6.216241],[-75.597651,6.216001]],[[-75.597651,6.216001],[-75.597647,6.215992]],[[-75.597647,6.215992],[-75.597615,6.215929],[-75.59738,6.215465]],[[-75.59738,6.215465],[-75.59726,6.215227],[-75.59693,6.21457],[-75.596689,6.214092],[-75.596534,6.213791],[-75.596294,6.213328],[-75.59587,6.21251],[-75.595466,6.211729],[-75.59532,6.211448],[-75.595161,6.211141]],[[-75.595161,6.211141],[-75.595094,6.211011],[-75.595069,6.210964]],[[-75.595069,6.210964],[-75.594942,6.210681],[-75.594884,6.21057],[-75.594857,6.210524],[-75.594835,6.210483]],[[-75.594835,6.210483],[-75.594438,6.209794],[-75.594323,6.209617],[-75.594215,6.209465],[-75.593874,6.209027],[-75.593546,6.208638],[-75.593445,6.208527]],[[-75.593445,6.208527],[-75.59337,6.20846],[-75.593292,6.208396],[-75.593215,6.208346],[-75.593086,6.208285],[-75.593008,6.208261],[-75.592933,6.208243],[-75.592789,6.208218],[-75.592644,6.2082],[-75.591089,6.208074],[-75.590907,6.208059],[-75.590795,6.20805],[-75.590374,6.208026],[-75.590215,6.208017],[-75.590131,6.208006],[-75.590025,6.207983],[-75.589908,6.207949],[-75.589789,6.207902]],[[-75.589789,6.207902],[-75.589686,6.207836],[-75.589601,6.207762],[-75.58954,6.207688],[-75.589479,6.207601],[-75.589428,6.207522]],[[-75.589428,6.207522],[-75.589396,6.207463],[-75.589364,6.207385],[-75.589319,6.207236]],[[-75.589319,6.207236],[-75.589216,6.206836],[-75.589047,6.206204],[-75.588965,6.205888],[-75.588893,6.205627],[-75.588848,6.205498],[-75.588783,6.205356],[-75.588712,6.205246],[-75.588653,6.205163]],[[-75.588653,6.205163],[-75.58861,6.205105],[-75.588537,6.205039],[-75.588482,6.204998],[-75.588403,6.204947]],[[-75.588403,6.204947],[-75.58822,6.20487],[-75.587941,6.204713]],[[-75.587941,6.204713],[-75.586661,6.203989]],[[-75.586661,6.203989],[-75.586334,6.203797],[-75.586119,6.203671]],[[-75.586119,6.203671],[-75.585934,6.20356],[-75.585826,6.203488],[-75.585551,6.203325],[-75.585201,6.203158],[-75.584959,6.203052],[-75.584736,6.202947]],[[-75.584736,6.202947],[-75.584619,6.202879],[-75.584504,6.202795],[-75.58442,6.202713],[-75.584348,6.202608],[-75.584287,6.202493],[-75.584244,6.202344],[-75.584215,6.202156],[-75.584214,6.201982],[-75.584228,6.201853],[-75.584256,6.201721],[-75.584406,6.201092],[-75.584427,6.201009]],[[-75.584427,6.201009],[-75.584444,6.200938],[-75.584592,6.200337],[-75.584751,6.19969],[-75.584798,6.199509],[-75.585065,6.19849]],[[-75.585065,6.19849],[-75.585256,6.197699],[-75.585374,6.197207],[-75.585387,6.197121],[-75.585391,6.197037],[-75.585389,6.19695],[-75.585383,6.196887],[-75.585368,6.196813],[-75.585344,6.196725],[-75.585303,6.196615],[-75.585266,6.196542],[-75.585227,6.196469],[-75.585183,6.19641],[-75.585138,6.196362],[-75.585027,6.196257],[-75.584964,6.196198]],[[-75.584964,6.196198],[-75.58415,6.196009]],[[-75.58415,6.196009],[-75.583782,6.195905],[-75.583565,6.195844]],[[-75.583565,6.195844],[-75.58317,6.195736],[-75.582952,6.195675],[-75.582377,6.195508]],[[-75.582377,6.195508],[-75.582049,6.195401]],[[-75.582049,6.195401],[-75.580931,6.195061]],[[-75.580931,6.195061],[-75.580745,6.194935],[-75.580687,6.194901],[-75.580627,6.194875],[-75.580569,6.194857],[-75.580494,6.194839]],[[-75.580494,6.194839],[-75.580347,6.194811],[-75.580261,6.194791],[-75.580199,6.194771]],[[-75.580199,6.194771],[-75.580153,6.194752],[-75.58011,6.194727],[-75.580035,6.194676],[-75.579953,6.194612],[-75.579869,6.194542]],[[-75.579869,6.194542],[-75.579832,6.194464]],[[-75.579832,6.194464],[-75.579789,6.194266],[-75.579771,6.194168],[-75.579767,6.194098],[-75.579778,6.194004],[-75.579794,6.19392]],[[-75.579794,6.19392],[-75.579884,6.19356],[-75.580059,6.192867],[-75.580111,6.192659],[-75.580138,6.192551]],[[-75.580138,6.192551],[-75.58019,6.192559],[-75.580432,6.192598],[-75.580481,6.192613],[-75.580532,6.19264],[-75.580679,6.192714],[-75.58116,6.192956],[-75.581593,6.193174],[-75.581639,6.193198]],[[-75.581639,6.193198],[-75.581488,6.193591],[-75.581213,6.194308],[-75.581176,6.194385],[-75.581163,6.194402],[-75.581141,6.194432],[-75.581105,6.194478],[-75.58107,6.194513],[-75.581011,6.194561],[-75.580989,6.194575],[-75.580866,6.194651],[-75.580685,6.194762],[-75.580635,6.194788],[-75.580588,6.194808],[-75.580541,6.194826],[-75.580494,6.194839]]]}},{"type":"Feature","properties":{"name":"Ruta C3-001: Aguacatala -> La Mota -> Santa Gema","ref":"C3-001"},"geometry":{"type":"MultiLineString","coordinates":[[[-75.581639,6.193198],[-75.581488,6.193591],[-75.581213,6.194308],[-75.581176,6.194385],[-75.581163,6.194402],[-75.581141,6.194432],[-75.581105,6.194478],[-75.58107,6.194513],[-75.581011,6.194561],[-75.580989,6.194575],[-75.580866,6.194651],[-75.580685,6.194762],[-75.580635,6.194788],[-75.580588,6.194808],[-75.580541,6.194826],[-75.580494,6.194839]],[[-75.580494,6.194839],[-75.580347,6.194811],[-75.580261,6.194791],[-75.580199,6.194771]],[[-75.580199,6.194771],[-75.580153,6.194752],[-75.58011,6.194727],[-75.580035,6.194676],[-75.579953,6.194612],[-75.579869,6.194542]],[[-75.579869,6.194542],[-75.579832,6.194464]],[[-75.579832,6.194464],[-75.579784,6.194399],[-75.579724,6.194344],[-75.579655,6.194302],[-75.579579,6.194273],[-75.579499,6.194258],[-75.579418,6.194259],[-75.579339,6.194275],[-75.579263,6.194305]],[[-75.579263,6.194305],[-75.579226,6.194327]],[[-75.579226,6.194327],[-75.579178,6.194363],[-75.579136,6.194406],[-75.5791,6.194454],[-75.579071,6.194506],[-75.579049,6.194562],[-75.579036,6.19462]],[[-75.579036,6.19462],[-75.579032,6.194661]],[[-75.579032,6.194661],[-75.579032,6.194713],[-75.579038,6.194764],[-75.579051,6.194815],[-75.57907,6.194863],[-75.579094,6.194909]],[[-75.579094,6.194909],[-75.579131,6.19496]],[[-75.579131,6.19496],[-75.579171,6.195002],[-75.579217,6.195038],[-75.579267,6.195068],[-75.57932,6.195091],[-75.579377,6.195106],[-75.579435,6.195114],[-75.579493,6.195114],[-75.579551,6.195106],[-75.579607,6.19509],[-75.579661,6.195067]],[[-75.579661,6.195067],[-75.5797,6.195044],[-75.579716,6.195033]],[[-75.579716,6.195033],[-75.579927,6.19502],[-75.580002,6.195017],[-75.580091,6.195025]],[[-75.580091,6.195025],[-75.580198,6.195048],[-75.580352,6.195079],[-75.580579,6.195117],[-75.580907,6.195147]],[[-75.580907,6.195147],[-75.582032,6.195488]],[[-75.582032,6.195488],[-75.582351,6.195585]],[[-75.582351,6.195585],[-75.58254,6.195648],[-75.582625,6.195684],[-75.582701,6.195722],[-75.582849,6.195792],[-75.582951,6.195839],[-75.583071,6.195886],[-75.583194,6.195923],[-75.583527,6.196003]],[[-75.583527,6.196003],[-75.583972,6.196121],[-75.584151,6.196168],[-75.584562,6.196276]],[[-75.584562,6.196276],[-75.584785,6.196388],[-75.584874,6.196444],[-75.584943,6.196508],[-75.584952,6.196516],[-75.585031,6.196607],[-75.585114,6.196738],[-75.585161,6.196843],[-75.585197,6.196926],[-75.585222,6.197017],[-75.585234,6.197107],[-75.58524,6.197236],[-75.585229,6.197361],[-75.585202,6.197505],[-75.585048,6.198079],[-75.584994,6.198313],[-75.584538,6.200101],[-75.584338,6.20091],[-75.58432,6.200982]],[[-75.58432,6.200982],[-75.5843,6.201064],[-75.584113,6.201818],[-75.584079,6.20199],[-75.584067,6.202109],[-75.584072,6.202224],[-75.584104,6.202376],[-75.584148,6.2025],[-75.584213,6.202629],[-75.584319,6.202775],[-75.584429,6.202887],[-75.584528,6.202964]],[[-75.584528,6.202964],[-75.584679,6.203043],[-75.585021,6.203199],[-75.585168,6.203275],[-75.585324,6.20335],[-75.585831,6.203631],[-75.585949,6.203704],[-75.586063,6.203771]],[[-75.586063,6.203771],[-75.586609,6.204064]],[[-75.586609,6.204064],[-75.587847,6.204802]],[[-75.587847,6.204802],[-75.588166,6.204961],[-75.58835,6.205093],[-75.588423,6.205152]],[[-75.588423,6.205152],[-75.588537,6.205251],[-75.588582,6.205307],[-75.588642,6.205382],[-75.58868,6.205443],[-75.58875,6.205557],[-75.588789,6.205676],[-75.588822,6.205784],[-75.588847,6.205892],[-75.588926,6.206246],[-75.589044,6.20685],[-75.589098,6.207151],[-75.589146,6.207339],[-75.589196,6.207477]],[[-75.589196,6.207477],[-75.58922,6.20753],[-75.589261,6.207621]],[[-75.589261,6.207621],[-75.589311,6.207693],[-75.589398,6.207788],[-75.589476,6.207862],[-75.589566,6.207924],[-75.589584,6.207936],[-75.589642,6.207969],[-75.589708,6.208003],[-75.589846,6.208056],[-75.590028,6.208104],[-75.590214,6.208135],[-75.590311,6.208143],[-75.590418,6.208152],[-75.590906,6.208176],[-75.591415,6.208209]],[[-75.591415,6.208209],[-75.591659,6.208225],[-75.591784,6.208234]],[[-75.591784,6.208234],[-75.592124,6.208257],[-75.592437,6.208283],[-75.592741,6.208314],[-75.592884,6.20834],[-75.592972,6.208361],[-75.593045,6.208384],[-75.593118,6.208418],[-75.593215,6.208471],[-75.593293,6.208534],[-75.593366,6.208613]],[[-75.593366,6.208613],[-75.593693,6.209058],[-75.594049,6.209562]],[[-75.594049,6.209562],[-75.594255,6.209787],[-75.594701,6.210477]],[[-75.594701,6.210477],[-75.594763,6.210583],[-75.594825,6.210706],[-75.594954,6.210985]],[[-75.594954,6.210985],[-75.594984,6.211043],[-75.595032,6.211138]],[[-75.595032,6.211138],[-75.595132,6.211333]],[[-75.595132,6.211333],[-75.595259,6.211577],[-75.595446,6.211946],[-75.595526,6.212096],[-75.595741,6.212513],[-75.596446,6.21389],[-75.5965,6.213997],[-75.59658,6.214152],[-75.596636,6.214259],[-75.596789,6.214552],[-75.596855,6.214679],[-75.596932,6.214827],[-75.597126,6.215198],[-75.597477,6.215874]],[[-75.597477,6.215874],[-75.597547,6.216008],[-75.597587,6.216082]],[[-75.597587,6.216082],[-75.597592,6.216091]],[[-75.597592,6.216091],[-75.597714,6.216318]],[[-75.597714,6.216318],[-75.59772,6.21633]],[[-75.59772,6.21633],[-75.597755,6.216404],[-75.597872,6.21664],[-75.598018,6.216938]],[[-75.598018,6.216938],[-75.598121,6.217149]],[[-75.598121,6.217149],[-75.598139,6.217186],[-75.598195,6.217299]],[[-75.598195,6.217299],[-75.598522,6.217927],[-75.598757,6.218377],[-75.598887,6.218627],[-75.598956,6.218762]],[[-75.598956,6.218762],[-75.598986,6.218818],[-75.599056,6.218952]],[[-75.599056,6.218952],[-75.599089,6.219048]],[[-75.599089,6.219048],[-75.599115,6.219122],[-75.599139,6.219215],[-75.599155,6.219313],[-75.599205,6.219864]],[[-75.599205,6.219864],[-75.599252,6.220433]],[[-75.599252,6.220433],[-75.599308,6.221217],[-75.599327,6.221476],[-75.59933,6.22153],[-75.599335,6.2216],[-75.599357,6.221901],[-75.599364,6.222002]],[[-75.599364,6.222002],[-75.59937,6.222145]],[[-75.59937,6.222145],[-75.59939,6.222592],[-75.599396,6.222705],[-75.5994,6.222795],[-75.599397,6.223356],[-75.599391,6.22362]],[[-75.599391,6.22362],[-75.599383,6.223933],[-75.59938,6.224056]],[[-75.59938,6.224056],[-75.599379,6.224095]],[[-75.599379,6.224095],[-75.599376,6.224217],[-75.599371,6.224435],[-75.599371,6.224557],[-75.599379,6.224681],[-75.59941,6.224788],[-75.599447,6.22489]],[[-75.599447,6.22489],[-75.599482,6.224946],[-75.599515,6.225],[-75.599569,6.225071],[-75.599631,6.225141],[-75.599918,6.225409],[-75.599996,6.225483],[-75.60007,6.225556]],[[-75.60007,6.225556],[-75.600239,6.22571]],[[-75.600239,6.22571],[-75.600362,6.225826],[-75.601463,6.226858],[-75.60153,6.22692]],[[-75.60153,6.22692],[-75.601566,6.226959]],[[-75.601566,6.226959],[-75.601684,6.227085]],[[-75.601684,6.227085],[-75.60175,6.227153]],[[-75.60175,6.227153],[-75.601776,6.227188],[-75.601799,6.227236],[-75.601814,6.227301],[-75.601833,6.227489],[-75.601847,6.227624]],[[-75.601847,6.227624],[-75.601918,6.228218],[-75.60199,6.228726],[-75.602011,6.228885],[-75.60202,6.229018],[-75.602023,6.229176],[-75.602027,6.229253],[-75.602028,6.229375]],[[-75.602028,6.229375],[-75.60203,6.229476],[-75.60203,6.229759],[-75.602033,6.23001],[-75.602034,6.230084],[-75.602039,6.230545],[-75.602036,6.230612],[-75.602024,6.230656],[-75.601994,6.230734],[-75.601949,6.230827]],[[-75.601949,6.230827],[-75.6019,6.230861],[-75.601859,6.230905],[-75.601827,6.230956]],[[-75.601827,6.230956],[-75.601809,6.231006],[-75.601799,6.231053],[-75.601798,6.231101],[-75.601799,6.23112],[-75.601802,6.231138],[-75.601814,6.231186],[-75.601835,6.231231],[-75.601862,6.231272],[-75.601922,6.231328],[-75.601994,6.231367]],[[-75.601994,6.231367],[-75.602043,6.231481],[-75.602072,6.231557],[-75.602089,6.231621],[-75.602103,6.231733],[-75.602105,6.23179]],[[-75.602105,6.23179],[-75.602108,6.231884],[-75.602112,6.23201]],[[-75.602112,6.23201],[-75.602115,6.232096],[-75.602148,6.233024],[-75.602167,6.233752],[-75.602169,6.233828]],[[-75.602169,6.233828],[-75.602171,6.233879],[-75.602171,6.233881],[-75.602171,6.233911]],[[-75.602171,6.233911],[-75.602172,6.234057]],[[-75.602172,6.234057],[-75.602173,6.234114],[-75.602173,6.234175]],[[-75.602173,6.234175],[-75.602177,6.23422],[-75.602178,6.234253],[-75.602213,6.235332],[-75.60222,6.235551],[-75.602226,6.235621],[-75.602235,6.235684],[-75.602247,6.235754],[-75.602264,6.235847],[-75.602287,6.235925],[-75.602313,6.235981],[-75.602349,6.236051],[-75.602396,6.236134],[-75.602473,6.236257],[-75.602568,6.236375],[-75.602679,6.23653],[-75.602841,6.236733],[-75.602885,6.236792],[-75.602929,6.236867],[-75.602963,6.236944],[-75.602973,6.236973],[-75.603002,6.237049],[-75.603031,6.237152],[-75.603047,6.237233],[-75.603058,6.237366],[-75.603059,6.237471],[-75.60305,6.237643],[-75.603034,6.237842]],[[-75.603034,6.237842],[-75.603015,6.23809],[-75.603005,6.238192],[-75.60299,6.238273],[-75.602969,6.238345],[-75.602952,6.238382],[-75.602943,6.238396],[-75.602927,6.23842]],[[-75.602927,6.23842],[-75.602859,6.238445],[-75.602798,6.238486],[-75.60275,6.238539],[-75.602715,6.238602],[-75.602696,6.238672],[-75.602695,6.238742],[-75.602709,6.23881],[-75.60274,6.238876],[-75.602786,6.238932],[-75.602845,6.238976],[-75.602865,6.238985],[-75.602912,6.239005],[-75.602997,6.239017],[-75.603081,6.239005],[-75.603156,6.238973],[-75.60322,6.238921],[-75.603267,6.238855],[-75.603295,6.238779],[-75.603302,6.238713],[-75.603295,6.238646],[-75.60328,6.238606],[-75.603272,6.238584],[-75.603249,6.238543],[-75.603219,6.238506],[-75.603184,6.238474],[-75.603144,6.238449],[-75.603075,6.238421],[-75.603001,6.238412],[-75.602927,6.23842]]]}}]}